Workbook

Sheet Profile Requests
A1: Name of Institute | B1: Reporting Authority | C1: Name | D1: Designation | E1: Moble Nmber | F1: Email | G1: User Roles | H1: Org Id | I1: Pass

Sheet Sum
C1: Report From
B2: All Sum of Tehsil Talwandi Sabo | E2: ='Tehsil Reports'!N1 -> 44921 | F2: To | G2: ='Tehsil Reports'!Q1 -> 44951
B3: NEW CASES EQUINE | C3: NEW CASES BOVINE | D3: NEW CASES OTHERS | E3: NEW CASES DOGS | F3: OLD CASES EQUINE | G3: OLD CASES BOVINE | H3: OLD CASES OTHERS | I3: OLD CASES DOGS | J3: TREATED IN CAMP EQUINE | K3: TREATED IN CAMP BOVINE | L3: TREATED IN CAMP OTHERS | M3: TREATED IN CAMP DOGS | N3: BOVINE CASTRATIONS | O3: OTHERS CASTRATIONS | P3: Number of Pregnancy Diagnosis (OTHER THEN FALLOWUP) | Q3: A.H. Certificate Small Animals | R3: A.H. Certificate Large Animals | S3: Post Mortem Small Animals | T3: Post Mortem Large Animals | U3: Post Mortem Vetro Legal | V3: H.S. Vaccine Doses Received | W3: H.S. Vaccine Doses Used | X3: H.S. Vaccine Animal Vaccinated | Y3: FMD. Vaccine Doses Received | Z3: FMD. Vaccine Doses Used | AA3: FMD. Vaccine Animal Vaccinated | AB3: Black Quarter Doses Received | AC3: Black Quarter Doses Used | AD3: Black Quarter Animal Vaccinated | AE3: Brucellosis Vaccine Doses Received | AF3: Brucellosis Vaccine Doses Used | AG3: Brucellosis Vaccine Animal Vaccinated | AH3: Entero Toximia Vaccine Doses Received | AI3: Entero Toximia Vaccine Doses Used | AJ3: Entero Toximia Vaccine Animals Vaccinated | AK3: Theilaria Vaccine Doses Received | AL3: Theilaria Vaccine Doses Used | AM3: Theilaria Vaccine Animal Vaccinated | AN3: Rabies Vaccine Doses Received | AO3: Rabies Vaccine Doses Used | AP3: Rabies Vaccine Animal Vaccinated | AQ3: AI Done With HF Straws | AR3: AI Done With Jersey Straws | AS3: AI Done With Cross Breed Straws | AT3: AI Done With Sahiwal Straws | AU3: Cow Cover With HF Straws | AV3: Cow Cover With Jersey Straws | AW3: Cow Cover With Cross Breed Straws | AX3: Cow Cover With Sahiwal Straws | AY3: AI Done With HF ETT Straws | AZ3: AI Done With Jersey ETT Straws | BA3: AI Done With Imported HF Straws | BB3: AI Done With Imported Jersey Straws | BC3: Cow Cover With HF ETT Straws | BD3: Cow Cover With Jersey ETT Straws | BE3: Cow Cover With Imported HF Straws | BF3: Cow Cover With Imported Jersey Straws | BG3: AI Done With Sexed Straws | BH3: Cow Cover With Sexed Straws | BI3: AI Done With Murrah Straws | BJ3: AI Done With Nili-Ravi Straws | BK3: Buffalo Cover With Murrah Straws | BL3: Buffalo Cover With Nili-Ravi Straws | BM3: HF Cow Tested | BN3: HF Cow Tested and Found Postive | BO3: Jersey Cow Tested | BP3: Jersey Cow Tested and Found Postive | BQ3: Cross Breed Cow Tested | BR3: Cross Breed Cow Tested and Found Postive | BS3: Sahiwal Cow Tested | BT3: Sahiwal Cow Tested and Found Postive | BU3: HF ETT Cow Tested | BV3: HF ETT Cow Tested and Found Postive | BW3: Jessey ETT Cow Tested | BX3: Jessey ETT Cow Tested and Found Postive | BY3: Imported HF Cow Tested | BZ3: Imported HF Cow Tested and Found Postive | CA3: Imported Jersey Cow Tested | CB3: Imported Jersey Cow Tested and Found Postive | CC3: Sexed Semon Cows Tested | CD3: Sexed Semon Cows Found Postive | CE3: Murah Tested | CF3: Murah Tested and Found Postive | CG3: Nili Ravi Tested | CH3: Nili Tested and Found Postive | CI3: HF Male Calves | CJ3: HF female Calves | CK3: Jersey Male Calves | CL3: Jersey Cow female Calves | CM3: Cross Breed Male Calves | CN3: Cross Breed Cow female Calves | CO3: Sahiwal Male Calves | CP3: Sahiwal female Calves | CQ3: HF ETT Male Calves | CR3: HF ETT female Calves | CS3: Jersey ETT Male Calves | CT3: Jersey ETT female Calves | CU3: Imported HF Male Calves | CV3: Imported HF female Calves | CW3: Imported Jersey Male Calves | CX3: Imported Jersey Cow female Calves | CY3: Sexed Semon Cow Male Calves | CZ3: Sexed Semon Cow Female Calves | DA3: Murrah Male Calves | DB3: Murrah Female Calves | DC3: Nili Ravi Male Calves | DD3: Nili Ravi Female Calves | DE3: HF Straws Used INAPH during month | DF3: Jesey Straws Used INAPH during month | DG3: Cross Breed Straws Used INAPH during month | DH3: Sahiwal Straws Used INAPH during month | DI3: HF ETT Straws Used INAPH during month | DJ3: Jersey ETT Straws Used INAPH during month | DK3: Imported HF Straws Used INAPH during month | DL3: Imported Jersey Straws Used INAPH during month | DM3: Sexed Straws Used INAPH during month | DN3: Murrah Straws Used INAPH during month | DO3: Nili Ravi Straws Used INAPH during month | DP3: HF Straws Issued to AIW during Month | DQ3: Jesey Straws Issued to AIW during Month | DR3: Cross Breed Straws Issued to AIW during Month | DS3: Sahiwal Straws Issued to AIW during Month | DT3: HF ETT Straws Issued to AIW during Month | DU3: Jersey ETT Straws Issued to AIW during Month | DV3: Imported HF Straws Issued to AIW during Month | DW3: Imported Jersey Straws Issued to AIW during Month | DX3: Sexed Straws Issued to AIW during Month | DY3: Murrah Straws Issued to AIW during Month | DZ3: Nili Ravi Straws Issued to AIW during Month | EA3: HF Straws Received During Month | EB3: Jesey Straws Received During Month | EC3: Cross Breed Straws Received During Month | ED3: Sahiwal Straws Received During Month | EE3: HF ETT Straws Received During Month | EF3: Jersey ETT Straws Received During Month | EG3: Imported HF Straws Received During Month | EH3: Imported Jersey Straws Received During Month | EI3: Sexed Straws Received During Month | EJ3: Murrah Straws Received During Month | EK3: Nili Ravi Straws Received During Month
A4: This Month | B4: =sumifs('Form responses'!G2:G53,'Form responses'!$C$2:$C53,">="&$E$2,'Form responses'!$C$2:$C53,"<="&$G$2) -> 0 | C4: =sumifs('Form responses'!H2:H53,'Form responses'!$C$2:$C53,">="&$E$2,'Form responses'!$C$2:$C53,"<="&$G$2) -> 0 | D4: =sumifs('Form responses'!I2:I53,'Form responses'!$C$2:$C53,">="&$E$2,'Form responses'!$C$2:$C53,"<="&$G$2) -> 0 | E4: =sumifs('Form responses'!J2:J53,'Form responses'!$C$2:$C53,">="&$E$2,'Form responses'!$C$2:$C53,"<="&$G$2) -> 0 | F4: =sumifs('Form responses'!K2:K53,'Form responses'!$C$2:$C53,">="&$E$2,'Form responses'!$C$2:$C53,"<="&$G$2) -> 0 | G4: =sumifs('Form responses'!L2:L53,'Form responses'!$C$2:$C53,">="&$E$2,'Form responses'!$C$2:$C53,"<="&$G$2) -> 0 | H4: =sumifs('Form responses'!M2:M53,'Form responses'!$C$2:$C53,">="&$E$2,'Form responses'!$C$2:$C53,"<="&$G$2) -> 0 | I4: =sumifs('Form responses'!N2:N53,'Form responses'!$C$2:$C53,">="&$E$2,'Form responses'!$C$2:$C53,"<="&$G$2) -> 0 | ... EK4: =sumifs('Form responses'!EP2:EP53,'Form responses'!$C$2:$C53,">="&$E$2,'Form responses'!$C$2:$C53,"<="&$G$2) -> 0
A5: This Year | B5: =sumifs('Form responses'!G2:G53,'Form responses'!$C$2:$C53,"<="&$G$2,'Form responses'!$C$2:$C53,">="&Date(YEAR(DATE(YEAR($E$2),MONTH($E$2)+(-3),1)),4,1)) -> 0 | C5: =sumifs('Form responses'!H2:H53,'Form responses'!$C$2:$C53,"<="&$G$2,'Form responses'!$C$2:$C53,">="&Date(YEAR(DATE(YEAR($E$2),MONTH($E$2)+(-3),1)),4,1)) -> 0 | D5: =sumifs('Form responses'!I2:I53,'Form responses'!$C$2:$C53,"<="&$G$2,'Form responses'!$C$2:$C53,">="&Date(YEAR(DATE(YEAR($E$2),MONTH($E$2)+(-3),1)),4,1)) -> 0 | E5: =sumifs('Form responses'!J2:J53,'Form responses'!$C$2:$C53,"<="&$G$2,'Form responses'!$C$2:$C53,">="&Date(YEAR(DATE(YEAR($E$2),MONTH($E$2)+(-3),1)),4,1)) -> 0 | F5: =sumifs('Form responses'!K2:K53,'Form responses'!$C$2:$C53,"<="&$G$2,'Form responses'!$C$2:$C53,">="&Date(YEAR(DATE(YEAR($E$2),MONTH($E$2)+(-3),1)),4,1)) -> 0 | G5: =sumifs('Form responses'!L2:L53,'Form responses'!$C$2:$C53,"<="&$G$2,'Form responses'!$C$2:$C53,">="&Date(YEAR(DATE(YEAR($E$2),MONTH($E$2)+(-3),1)),4,1)) -> 0 | H5: =sumifs('Form responses'!M2:M53,'Form responses'!$C$2:$C53,"<="&$G$2,'Form responses'!$C$2:$C53,">="&Date(YEAR(DATE(YEAR($E$2),MONTH($E$2)+(-3),1)),4,1)) -> 0 | I5: =sumifs('Form responses'!N2:N53,'Form responses'!$C$2:$C53,"<="&$G$2,'Form responses'!$C$2:$C53,">="&Date(YEAR(DATE(YEAR($E$2),MONTH($E$2)+(-3),1)),4,1)) -> 0 | ... EK5: =sumifs('Form responses'!EP2:EP53,'Form responses'!$C$2:$C53,"<="&$G$2,'Form responses'!$C$2:$C53,">="&Date(YEAR(DATE(YEAR($E$2),MONTH($E$2)+(-3),1)),4,1)) -> 0
B7: Service Charges of this month
B8: OPD Case Fees | C8: OPD Case Dogs Fees | D8: Pregnency Diagnose Fee | E8: Castration Fee | F8: Health certificate Fee small animals | G8: Health certificate Fee Large animals | H8: Post Mortum Fee small animals | I8: Post Mortum Fee Large animals | J8: HS Vaccine fee | K8: FMD Vaccine Fee | L8: BQ Vaccine fee | M8: Brucellosis Vaccine Fee | N8: Theilaria Vaccine Fee | O8: Rabies Vaccine Fee | P8: ETV vaccine Fee | Q8: AI Cow Fee (Local semon) | R8: Ai Cow Fee (ETT Semon) | S8: AI Cow Fee (Imported Semon) | T8: AI Cow Fee (Sexed Semon) | U8: AI Fee Buffalow | V8: Faecal test Fee | W8: Blood Test Fee | X8: Urine Test Fee | Y8: Milk Test Fee | Z8: Post Mortum Fee Vetro legal
A9: This Month | B9: =sumifs(fees!C$2:C53,fees!$B$2:$B53,">="&$E$2,fees!$B$2:$B53,"<="&$G$2) -> 10 | C9: =sumifs(fees!D$2:D53,fees!$B$2:$B53,">="&$E$2,fees!$B$2:$B53,"<="&$G$2) -> 50 | D9: =sumifs(fees!E$2:E53,fees!$B$2:$B53,">="&$E$2,fees!$B$2:$B53,"<="&$G$2) -> 25 | E9: =sumifs(fees!F$2:F53,fees!$B$2:$B53,">="&$E$2,fees!$B$2:$B53,"<="&$G$2) -> 50 | F9: =sumifs(fees!G$2:G53,fees!$B$2:$B53,">="&$E$2,fees!$B$2:$B53,"<="&$G$2) -> 50 | G9: =sumifs(fees!H$2:H53,fees!$B$2:$B53,">="&$E$2,fees!$B$2:$B53,"<="&$G$2) -> 100 | H9: =sumifs(fees!I$2:I53,fees!$B$2:$B53,">="&$E$2,fees!$B$2:$B53,"<="&$G$2) -> 20 | I9: =sumifs(fees!J$2:J53,fees!$B$2:$B53,">="&$E$2,fees!$B$2:$B53,"<="&$G$2) -> 100 | ... Z9: =sumifs(fees!AA$2:AA53,fees!$B$2:$B53,">="&$E$2,fees!$B$2:$B53,"<="&$G$2) -> 200
B11: Faecal test | C11: Fee | D11: Blood Test | E11: Fee | F11: Urine Test | G11: Fee | H11: Milk Test | I11: Fee | J11: Total fees
A12: This Month | B12: =sumifs('Form responses'!EQ2:EQ53,'Form responses'!$B$2:$B53,">="&$E$2,'Form responses'!$C$2:$C53,"<="&$G$2) -> 0 | C12: =B12*$V$9 -> 0 | D12: =sumifs('Form responses'!ER2:ER53,'Form responses'!$B$2:$B53,">="&$E$2,'Form responses'!$C$2:$C53,"<="&$G$2) -> 0 | E12: =D12*$W$9 -> 0 | F12: =sumifs('Form responses'!ES2:ES53,'Form responses'!$B$2:$B53,">="&$E$2,'Form responses'!$C$2:$C53,"<="&$G$2) -> 0 | G12: =F12*$X$9 -> 0 | H12: =sumifs('Form responses'!ET2:ET53,'Form responses'!$B$2:$B53,">="&$E$2,'Form responses'!$C$2:$C53,"<="&$G$2) -> 0 | I12: =H12*$Y$9 -> 0 | J12: =C12+E12+G12+I12 -> 0
A13: This Year | B13: =sumifs('Form responses'!EQ2:EQ53,'Form responses'!$B$2:$B53,">="&Date(YEAR(DATE(YEAR($G$2),MONTH($G$2)+(-3),1)),4,1),'Form responses'!$C$2:$C53,"<="&$G$2) -> 0 | C13: =B13*$V$9 -> 0 | D13: =sumifs('Form responses'!ER2:ER53,'Form responses'!$B$2:$B53,">="&Date(YEAR(DATE(YEAR($G$2),MONTH($G$2)+(-3),1)),4,1),'Form responses'!$C$2:$C53,"<="&$G$2) -> 0 | E13: =D13*$W$9 -> 0 | F13: =sumifs('Form responses'!ES2:ES53,'Form responses'!$B$2:$B53,">="&Date(YEAR(DATE(YEAR($G$2),MONTH($G$2)+(-3),1)),4,1),'Form responses'!$C$2:$C53,"<="&$G$2) -> 0 | G13: =F13*$X$9 -> 0 | H13: =sumifs('Form responses'!ET2:ET53,'Form responses'!$B$2:$B53,">="&Date(YEAR(DATE(YEAR($G$2),MONTH($G$2)+(-3),1)),4,1),'Form responses'!$C$2:$C53,"<="&$G$2) -> 0 | I13: =H13*$Y$9 -> 0 | J13: =C12+E12+G12+I12 -> 0
B16: Institute Sum of Tehsil Talwandi Sabo | E16: =E2 -> 44921 | F16: To | G16: =G2 -> 44951
B17: AI Done With HF Straws | C17: AI Done With Jersey Straws | D17: AI Done With Cross Breed Straws | E17: AI Done With Sahiwal Straws | F17: Cow Cover With HF Straws | G17: Cow Cover With Jersey Straws | H17: Cow Cover With Cross Breed Straws | I17: Cow Cover With Sahiwal Straws | J17: AI Done With HF ETT Straws | K17: AI Done With Jersey ETT Straws | L17: AI Done With Imported HF Straws | M17: AI Done With Imported Jersey Straws | N17: Cow Cover With HF ETT Straws | O17: Cow Cover With Jersey ETT Straws | P17: Cow Cover With Imported HF Straws | Q17: Cow Cover With Imported Jersey Straws | R17: AI Done With Sexed Straws | S17: Cow Cover With Sexed Straws | T17: AI Done With Murrah Straws | U17: AI Done With Nili-Ravi Straws | V17: Buffalo Cover With Murrah Straws | W17: Buffalo Cover With Nili-Ravi Straws | X17: HF Cow Tested | Y17: HF Cow Tested and Found Postive | Z17: Jersey Cow Tested | AA17: Jersey Cow Tested and Found Postive | AB17: Cross Breed Cow Tested | AC17: Cross Breed Cow Tested and Found Postive | AD17: Sahiwal Cow Tested | AE17: Sahiwal Cow Tested and Found Postive | AF17: HF ETT Cow Tested | AG17: HF ETT Cow Tested and Found Postive | AH17: Jessey ETT Cow Tested | AI17: Jessey ETT Cow Tested and Found Postive | AJ17: Imported HF Cow Tested | AK17: Imported HF Cow Tested and Found Postive | AL17: Imported Jersey Cow Tested | AM17: Imported Jersey Cow Tested and Found Postive | AN17: Sexed Semon Cows Tested | AO17: Sexed Semon Cows Found Postive | AP17: Murah Tested | AQ17: Murah Tested and Found Postive | AR17: Nili Ravi Tested | AS17: Nili Tested and Found Postive | AT17: HF Male Calves | AU17: HF female Calves | AV17: Jersey Male Calves | AW17: Jersey Cow female Calves | AX17: Cross Breed Male Calves | AY17: Cross Breed Cow female Calves | AZ17: Sahiwal Male Calves | BA17: Sahiwal female Calves | BB17: HF ETT Male Calves | BC17: HF ETT female Calves | BD17: Jersey ETT Male Calves | BE17: Jersey ETT female Calves | BF17: Imported HF Male Calves | BG17: Imported HF female Calves | BH17: Imported Jersey Male Calves | BI17: Imported Jersey Cow female Calves | BJ17: Sexed Semon Cow Male Calves | BK17: Sexed Semon Cow Female Calves | BL17: Murrah Male Calves | BM17: Murrah Female Calves | BN17: Nili Ravi Male Calves | BO17: Nili Ravi Female Calves | BP17: HF Straws Used INAPH during month | BQ17: Jesey Straws Used INAPH during month | BR17: Cross Breed Straws Used INAPH during month | BS17: Sahiwal Straws Used INAPH during month | BT17: HF ETT Straws Used INAPH during month | BU17: Jersey ETT Straws Used INAPH during month | BV17: Imported HF Straws Used INAPH during month | BW17: Imported Jersey Straws Used INAPH during month | BX17: Sexed Straws Used INAPH during month | BY17: Murrah Straws Used INAPH during month | BZ17: Nili Ravi Straws Used INAPH during month | CA17: HF Straws Issued to AIW during Month | CB17: Jesey Straws Issued to AIW during Month | CC17: Cross Breed Straws Issued to AIW during Month | CD17: Sahiwal Straws Issued to AIW during Month | CE17: HF ETT Straws Issued to AIW during Month | CF17: Jersey ETT Straws Issued to AIW during Month | CG17: Imported HF Straws Issued to AIW during Month | CH17: Imported Jersey Straws Issued to AIW during Month | CI17: Sexed Straws Issued to AIW during Month | CJ17: Murrah Straws Issued to AIW during Month | CK17: Nili Ravi Straws Issued to AIW during Month | CL17: HF Straws Received During Month | CM17: Jesey Straws Received During Month | CN17: Cross Breed Straws Received During Month | CO17: Sahiwal Straws Received During Month | CP17: HF ETT Straws Received During Month | CQ17: Jersey ETT Straws Received During Month | CR17: Imported HF Straws Received During Month | CS17: Imported Jersey Straws Received During Month | CT17: Sexed Straws Received During Month | CU17: Murrah Straws Received During Month | CV17: Nili Ravi Straws Received During Month
A18: This Month | B18: =sumifs('Form responses'!AV2:AV53,'Form responses'!$C$2:$C53,">="&$E$2,'Form responses'!$C$2:$C53,"<="&$G$2,'Form responses'!$F$2:$F53,"<>4") -> 0 | C18: =sumifs('Form responses'!AW2:AW53,'Form responses'!$C$2:$C53,">="&$E$2,'Form responses'!$C$2:$C53,"<="&$G$2,'Form responses'!$F$2:$F53,"<>4") -> 0 | D18: =sumifs('Form responses'!AX2:AX53,'Form responses'!$C$2:$C53,">="&$E$2,'Form responses'!$C$2:$C53,"<="&$G$2,'Form responses'!$F$2:$F53,"<>4") -> 0 | E18: =sumifs('Form responses'!AY2:AY53,'Form responses'!$C$2:$C53,">="&$E$2,'Form responses'!$C$2:$C53,"<="&$G$2,'Form responses'!$F$2:$F53,"<>4") -> 0 | F18: =sumifs('Form responses'!AZ2:AZ53,'Form responses'!$C$2:$C53,">="&$E$2,'Form responses'!$C$2:$C53,"<="&$G$2,'Form responses'!$F$2:$F53,"<>4") -> 0 | G18: =sumifs('Form responses'!BA2:BA53,'Form responses'!$C$2:$C53,">="&$E$2,'Form responses'!$C$2:$C53,"<="&$G$2,'Form responses'!$F$2:$F53,"<>4") -> 0 | H18: =sumifs('Form responses'!BB2:BB53,'Form responses'!$C$2:$C53,">="&$E$2,'Form responses'!$C$2:$C53,"<="&$G$2,'Form responses'!$F$2:$F53,"<>4") -> 0 | I18: =sumifs('Form responses'!BC2:BC53,'Form responses'!$C$2:$C53,">="&$E$2,'Form responses'!$C$2:$C53,"<="&$G$2,'Form responses'!$F$2:$F53,"<>4") -> 0 | ... CV18: =sumifs('Form responses'!EP2:EP53,'Form responses'!$C$2:$C53,">="&$E$2,'Form responses'!$C$2:$C53,"<="&$G$2,'Form responses'!$F$2:$F53,"<>4") -> 0
A19: This Year | B19: =sumifs('Form responses'!AV2:AV53,'Form responses'!$C$2:$C53,"<="&$G$2,'Form responses'!$C$2:$C53,">="&Date(YEAR(DATE(YEAR($G$2),MONTH($G$2)+(-3),1)),4,1),'Form responses'!$F$2:$F53,"<>4") -> 0 | C19: =sumifs('Form responses'!AW2:AW53,'Form responses'!$C$2:$C53,"<="&$G$2,'Form responses'!$C$2:$C53,">="&Date(YEAR(DATE(YEAR($G$2),MONTH($G$2)+(-3),1)),4,1),'Form responses'!$F$2:$F53,"<>4") -> 0 | D19: =sumifs('Form responses'!AX2:AX53,'Form responses'!$C$2:$C53,"<="&$G$2,'Form responses'!$C$2:$C53,">="&Date(YEAR(DATE(YEAR($G$2),MONTH($G$2)+(-3),1)),4,1),'Form responses'!$F$2:$F53,"<>4") -> 0 | E19: =sumifs('Form responses'!AY2:AY53,'Form responses'!$C$2:$C53,"<="&$G$2,'Form responses'!$C$2:$C53,">="&Date(YEAR(DATE(YEAR($G$2),MONTH($G$2)+(-3),1)),4,1),'Form responses'!$F$2:$F53,"<>4") -> 0 | F19: =sumifs('Form responses'!AZ2:AZ53,'Form responses'!$C$2:$C53,"<="&$G$2,'Form responses'!$C$2:$C53,">="&Date(YEAR(DATE(YEAR($G$2),MONTH($G$2)+(-3),1)),4,1),'Form responses'!$F$2:$F53,"<>4") -> 0 | G19: =sumifs('Form responses'!BA2:BA53,'Form responses'!$C$2:$C53,"<="&$G$2,'Form responses'!$C$2:$C53,">="&Date(YEAR(DATE(YEAR($G$2),MONTH($G$2)+(-3),1)),4,1),'Form responses'!$F$2:$F53,"<>4") -> 0 | H19: =sumifs('Form responses'!BB2:BB53,'Form responses'!$C$2:$C53,"<="&$G$2,'Form responses'!$C$2:$C53,">="&Date(YEAR(DATE(YEAR($G$2),MONTH($G$2)+(-3),1)),4,1),'Form responses'!$F$2:$F53,"<>4") -> 0 | I19: =sumifs('Form responses'!BC2:BC53,'Form responses'!$C$2:$C53,"<="&$G$2,'Form responses'!$C$2:$C53,">="&Date(YEAR(DATE(YEAR($G$2),MONTH($G$2)+(-3),1)),4,1),'Form responses'!$F$2:$F53,"<>4") -> 0 | ... CV19: =sumifs('Form responses'!EP2:EP53,'Form responses'!$C$2:$C53,"<="&$G$2,'Form responses'!$C$2:$C53,">="&Date(YEAR(DATE(YEAR($G$2),MONTH($G$2)+(-3),1)),4,1),'Form responses'!$F$2:$F53,"<>4") -> 0
B22: Sum PAW of Tehsil Talwandi Sabo | E22: =E16 -> 44921 | F22: To | G22: =G16 -> 44951
B23: AI Done With HF Straws | C23: AI Done With Jersey Straws | D23: AI Done With Cross Breed Straws | E23: AI Done With Sahiwal Straws | F23: Cow Cover With HF Straws | G23: Cow Cover With Jersey Straws | H23: Cow Cover With Cross Breed Straws | I23: Cow Cover With Sahiwal Straws | J23: AI Done With HF ETT Straws | K23: AI Done With Jersey ETT Straws | L23: AI Done With Imported HF Straws | M23: AI Done With Imported Jersey Straws | N23: Cow Cover With HF ETT Straws | O23: Cow Cover With Jersey ETT Straws | P23: Cow Cover With Imported HF Straws | Q23: Cow Cover With Imported Jersey Straws | R23: AI Done With Sexed Straws | S23: Cow Cover With Sexed Straws | T23: AI Done With Murrah Straws | U23: AI Done With Nili-Ravi Straws | V23: Buffalo Cover With Murrah Straws | W23: Buffalo Cover With Nili-Ravi Straws | X23: HF Cow Tested | Y23: HF Cow Tested and Found Postive | Z23: Jersey Cow Tested | AA23: Jersey Cow Tested and Found Postive | AB23: Cross Breed Cow Tested | AC23: Cross Breed Cow Tested and Found Postive | AD23: Sahiwal Cow Tested | AE23: Sahiwal Cow Tested and Found Postive | AF23: HF ETT Cow Tested | AG23: HF ETT Cow Tested and Found Postive | AH23: Jessey ETT Cow Tested | AI23: Jessey ETT Cow Tested and Found Postive | AJ23: Imported HF Cow Tested | AK23: Imported HF Cow Tested and Found Postive | AL23: Imported Jersey Cow Tested | AM23: Imported Jersey Cow Tested and Found Postive | AN23: Sexed Semon Cows Tested | AO23: Sexed Semon Cows Found Postive | AP23: Murah Tested | AQ23: Murah Tested and Found Postive | AR23: Nili Ravi Tested | AS23: Nili Tested and Found Postive | AT23: HF Male Calves | AU23: HF female Calves | AV23: Jersey Male Calves | AW23: Jersey Cow female Calves | AX23: Cross Breed Male Calves | AY23: Cross Breed Cow female Calves | AZ23: Sahiwal Male Calves | BA23: Sahiwal female Calves | BB23: HF ETT Male Calves | BC23: HF ETT female Calves | BD23: Jersey ETT Male Calves | BE23: Jersey ETT female Calves | BF23: Imported HF Male Calves | BG23: Imported HF female Calves | BH23: Imported Jersey Male Calves | BI23: Imported Jersey Cow female Calves | BJ23: Sexed Semon Cow Male Calves | BK23: Sexed Semon Cow Female Calves | BL23: Murrah Male Calves | BM23: Murrah Female Calves | BN23: Nili Ravi Male Calves | BO23: Nili Ravi Female Calves | BP23: HF Straws Used INAPH during month | BQ23: Jesey Straws Used INAPH during month | BR23: Cross Breed Straws Used INAPH during month | BS23: Sahiwal Straws Used INAPH during month | BT23: HF ETT Straws Used INAPH during month | BU23: Jersey ETT Straws Used INAPH during month | BV23: Imported HF Straws Used INAPH during month | BW23: Imported Jersey Straws Used INAPH during month | BX23: Sexed Straws Used INAPH during month | BY23: Murrah Straws Used INAPH during month | BZ23: Nili Ravi Straws Used INAPH during month | CA23: HF Straws Issued to AIW during Month | CB23: Jesey Straws Issued to AIW during Month | CC23: Cross Breed Straws Issued to AIW during Month | CD23: Sahiwal Straws Issued to AIW during Month | CE23: HF ETT Straws Issued to AIW during Month | CF23: Jersey ETT Straws Issued to AIW during Month | CG23: Imported HF Straws Issued to AIW during Month | CH23: Imported Jersey Straws Issued to AIW during Month | CI23: Sexed Straws Issued to AIW during Month | CJ23: Murrah Straws Issued to AIW during Month | CK23: Nili Ravi Straws Issued to AIW during Month | CL23: HF Straws Received During Month | CM23: Jesey Straws Received During Month | CN23: Cross Breed Straws Received During Month | CO23: Sahiwal Straws Received During Month | CP23: HF ETT Straws Received During Month | CQ23: Jersey ETT Straws Received During Month | CR23: Imported HF Straws Received During Month | CS23: Imported Jersey Straws Received During Month | CT23: Sexed Straws Received During Month | CU23: Murrah Straws Received During Month | CV23: Nili Ravi Straws Received During Month
A24: This Month | B24: =sumifs('Form responses'!AV2:AV53,'Form responses'!$C$2:$C53,">="&$E$2,'Form responses'!$C$2:$C53,"<="&$G$2,'Form responses'!$F$2:$F53,"=4") -> 0 | C24: =sumifs('Form responses'!AW2:AW53,'Form responses'!$C$2:$C53,">="&$E$2,'Form responses'!$C$2:$C53,"<="&$G$2,'Form responses'!$F$2:$F53,"=4") -> 0 | D24: =sumifs('Form responses'!AX2:AX53,'Form responses'!$C$2:$C53,">="&$E$2,'Form responses'!$C$2:$C53,"<="&$G$2,'Form responses'!$F$2:$F53,"=4") -> 0 | E24: =sumifs('Form responses'!AY2:AY53,'Form responses'!$C$2:$C53,">="&$E$2,'Form responses'!$C$2:$C53,"<="&$G$2,'Form responses'!$F$2:$F53,"=4") -> 0 | F24: =sumifs('Form responses'!AZ2:AZ53,'Form responses'!$C$2:$C53,">="&$E$2,'Form responses'!$C$2:$C53,"<="&$G$2,'Form responses'!$F$2:$F53,"=4") -> 0 | G24: =sumifs('Form responses'!BA2:BA53,'Form responses'!$C$2:$C53,">="&$E$2,'Form responses'!$C$2:$C53,"<="&$G$2,'Form responses'!$F$2:$F53,"=4") -> 0 | H24: =sumifs('Form responses'!BB2:BB53,'Form responses'!$C$2:$C53,">="&$E$2,'Form responses'!$C$2:$C53,"<="&$G$2,'Form responses'!$F$2:$F53,"=4") -> 0 | I24: =sumifs('Form responses'!BC2:BC53,'Form responses'!$C$2:$C53,">="&$E$2,'Form responses'!$C$2:$C53,"<="&$G$2,'Form responses'!$F$2:$F53,"=4") -> 0 | ... CV24: =sumifs('Form responses'!EP2:EP53,'Form responses'!$C$2:$C53,">="&$E$2,'Form responses'!$C$2:$C53,"<="&$G$2,'Form responses'!$F$2:$F53,"=4") -> 0
A25: This Year | B25: =sumifs('Form responses'!AV2:AV53,'Form responses'!$C$2:$C53,"<="&$G$2,'Form responses'!$C$2:$C53,">="&Date(YEAR(DATE(YEAR($G$2),MONTH($G$2)+(-3),1)),4,1),'Form responses'!$F$2:$F53,"=4") -> 0 | C25: =sumifs('Form responses'!AW2:AW53,'Form responses'!$C$2:$C53,"<="&$G$2,'Form responses'!$C$2:$C53,">="&Date(YEAR(DATE(YEAR($G$2),MONTH($G$2)+(-3),1)),4,1),'Form responses'!$F$2:$F53,"=4") -> 0 | D25: =sumifs('Form responses'!AX2:AX53,'Form responses'!$C$2:$C53,"<="&$G$2,'Form responses'!$C$2:$C53,">="&Date(YEAR(DATE(YEAR($G$2),MONTH($G$2)+(-3),1)),4,1),'Form responses'!$F$2:$F53,"=4") -> 0 | E25: =sumifs('Form responses'!AY2:AY53,'Form responses'!$C$2:$C53,"<="&$G$2,'Form responses'!$C$2:$C53,">="&Date(YEAR(DATE(YEAR($G$2),MONTH($G$2)+(-3),1)),4,1),'Form responses'!$F$2:$F53,"=4") -> 0 | F25: =sumifs('Form responses'!AZ2:AZ53,'Form responses'!$C$2:$C53,"<="&$G$2,'Form responses'!$C$2:$C53,">="&Date(YEAR(DATE(YEAR($G$2),MONTH($G$2)+(-3),1)),4,1),'Form responses'!$F$2:$F53,"=4") -> 0 | G25: =sumifs('Form responses'!BA2:BA53,'Form responses'!$C$2:$C53,"<="&$G$2,'Form responses'!$C$2:$C53,">="&Date(YEAR(DATE(YEAR($G$2),MONTH($G$2)+(-3),1)),4,1),'Form responses'!$F$2:$F53,"=4") -> 0 | H25: =sumifs('Form responses'!BB2:BB53,'Form responses'!$C$2:$C53,"<="&$G$2,'Form responses'!$C$2:$C53,">="&Date(YEAR(DATE(YEAR($G$2),MONTH($G$2)+(-3),1)),4,1),'Form responses'!$F$2:$F53,"=4") -> 0 | I25: =sumifs('Form responses'!BC2:BC53,'Form responses'!$C$2:$C53,"<="&$G$2,'Form responses'!$C$2:$C53,">="&Date(YEAR(DATE(YEAR($G$2),MONTH($G$2)+(-3),1)),4,1),'Form responses'!$F$2:$F53,"=4") -> 0 | ... CV25: =sumifs('Form responses'!EP2:EP53,'Form responses'!$C$2:$C53,"<="&$G$2,'Form responses'!$C$2:$C53,">="&Date(YEAR(DATE(YEAR($G$2),MONTH($G$2)+(-3),1)),4,1),'Form responses'!$F$2:$F53,"=4") -> 0
B28: Sum of | C28: =Reports!J1 -> Institute | E28: =Reports!$N$1 -> 44952 | F28: To | G28: =Reports!Q1 -> 44982
B29: NEW CASES EQUINE | C29: NEW CASES BOVINE | D29: NEW CASES OTHERS | E29: NEW CASES DOGS | F29: OLD CASES EQUINE | G29: OLD CASES BOVINE | H29: OLD CASES OTHERS | I29: OLD CASES DOGS | J29: TREATED IN CAMP EQUINE | K29: TREATED IN CAMP BOVINE | L29: TREATED IN CAMP OTHERS | M29: TREATED IN CAMP DOGS | N29: BOVINE CASTRATIONS | O29: OTHERS CASTRATIONS | P29: Number of Pregnancy Diagnosis (OTHER THEN FALLOWUP) | Q29: A.H. Certificate Small Animals | R29: A.H. Certificate Large Animals | S29: Post Mortem Small Animals | T29: Post Mortem Large Animals | U29: Post Mortem Vetro legal | V29: H.S. Vaccine Doses Received | W29: H.S. Vaccine Doses Received | X29: H.S. Vaccine Doses Used | Y29: FMD. Vaccine Doses Received | Z29: FMD. Vaccine Doses Used | AA29: FMD. Vaccine Animal Vaccinated | AB29: Black Quarter Doses Received | AC29: Black Quarter Doses Used | AD29: Black Quarter Animal Vaccinated | AE29: Brucellosis Vaccine Doses Received | AF29: Brucellosis Vaccine Doses Used | AG29: Brucellosis Vaccine Animal Vaccinated | AH29: Entero Toximia Vaccine Doses Received | AI29: Entero Toximia Vaccine Doses Used | AJ29: Entero Toximia Vaccine Animals Vaccinated | AK29: Theilaria Vaccine Doses Received | AL29: Theilaria Vaccine Doses Used | AM29: Theilaria Vaccine Animal Vaccinated | AN29: Rabies Vaccine Doses Received | AO29: Rabies Vaccine Doses Used | AP29: Rabies Vaccine Animal Vaccinated | AQ29: AI Done With HF Straws | AR29: AI Done With Jersey Straws | AS29: AI Done With Cross Breed Straws | AT29: AI Done With Sahiwal Straws | AU29: Cow Cover With HF Straws | AV29: Cow Cover With Jersey Straws | AW29: Cow Cover With Cross Breed Straws | AX29: Cow Cover With Sahiwal Straws | AY29: AI Done With HF ETT Straws | AZ29: AI Done With Jersey ETT Straws | BA29: AI Done With Imported HF Straws | BB29: AI Done With Imported Jersey Straws | BC29: Cow Cover With HF ETT Straws | BD29: Cow Cover With Jersey ETT Straws | BE29: Cow Cover With Imported HF Straws | BF29: Cow Cover With Imported Jersey Straws | BG29: AI Done With Sexed Straws | BH29: Cow Cover With Sexed Straws | BI29: AI Done With Murrah Straws | BJ29: AI Done With Nili-Ravi Straws | BK29: Buffalo Cover With Murrah Straws | BL29: Buffalo Cover With Nili-Ravi Straws | BM29: HF Cow Tested | BN29: HF Cow Tested and Found Postive | BO29: Jersey Cow Tested | BP29: Jersey Cow Tested and Found Postive | BQ29: Cross Breed Cow Tested | BR29: Cross Breed Cow Tested and Found Postive | BS29: Sahiwal Cow Tested | BT29: Sahiwal Cow Tested and Found Postive | BU29: HF ETT Cow Tested | BV29: HF ETT Cow Tested and Found Postive | BW29: Jessey ETT Cow Tested | BX29: Jessey ETT Cow Tested and Found Postive | BY29: Imported HF Cow Tested | BZ29: Imported HF Cow Tested and Found Postive | CA29: Imported Jersey Cow Tested | CB29: Imported Jersey Cow Tested and Found Postive | CC29: Sexed Semon Cows Tested | CD29: Sexed Semon Cows Found Postive | CE29: Murah Tested | CF29: Murah Tested and Found Postive | CG29: Nili Ravi Tested | CH29: Nili Tested and Found Postive | CI29: HF Male Calves | CJ29: HF female Calves | CK29: Jersey Male Calves | CL29: Jersey Cow female Calves | CM29: Cross Breed Male Calves | CN29: Cross Breed Cow female Calves | CO29: Sahiwal Male Calves | CP29: Sahiwal female Calves | CQ29: HF ETT Male Calves | CR29: HF ETT female Calves | CS29: Jersey ETT Male Calves | CT29: Jersey ETT female Calves | CU29: Imported HF Male Calves | CV29: Imported HF female Calves | CW29: Imported Jersey Male Calves | CX29: Imported Jersey Cow female Calves | CY29: Sexed Semon Cow Male Calves | CZ29: Sexed Semon Cow Female Calves | DA29: Murrah Male Calves | DB29: Murrah Female Calves | DC29: Nili Ravi Male Calves | DD29: Nili Ravi Female Calves | DE29: HF Straws Used INAPH during month | DF29: Jesey Straws Used INAPH during month | DG29: Cross Breed Straws Used INAPH during month | DH29: Sahiwal Straws Used INAPH during month | DI29: HF ETT Straws Used INAPH during month | DJ29: Jersey ETT Straws Used INAPH during month | DK29: Imported HF Straws Used INAPH during month | DL29: Imported Jersey Straws Used INAPH during month | DM29: Sexed Straws Used INAPH during month | DN29: Murrah Straws Used INAPH during month | DO29: Nili Ravi Straws Used INAPH during month | DP29: HF Straws Issued to AIW during Month | DQ29: Jesey Straws Issued to AIW during Month | DR29: Cross Breed Straws Issued to AIW during Month | DS29: Sahiwal Straws Issued to AIW during Month | DT29: HF ETT Straws Issued to AIW during Month | DU29: Jersey ETT Straws Issued to AIW during Month | DV29: Imported HF Straws Issued to AIW during Month | DW29: Imported Jersey Straws Issued to AIW during Month | DX29: Sexed Straws Issued to AIW during Month | DY29: Murrah Straws Issued to AIW during Month | DZ29: Nili Ravi Straws Issued to AIW during Month | EA29: HF Straws Received During Month | EB29: Jesey Straws Received During Month | EC29: Cross Breed Straws Received During Month | ED29: Sahiwal Straws Received During Month | EE29: HF ETT Straws Received During Month | EF29: Jersey ETT Straws Received During Month | EG29: Imported HF Straws Received During Month | EH29: Imported Jersey Straws Received During Month | EI29: Sexed Straws Received During Month | EJ29: Murrah Straws Received During Month | EK29: Nili Ravi Straws Received During Month
A30: This Month | B30: =sumifs('Form responses'!G2:G53,'Form responses'!$C$2:$C53,">="&$E$28,'Form responses'!$C$2:$C53,"<="&$G$28,'Form responses'!$D$2:$D53,$C$28) -> 0 | C30: =sumifs('Form responses'!H2:H53,'Form responses'!$C$2:$C53,">="&$E$28,'Form responses'!$C$2:$C53,"<="&$G$28,'Form responses'!$D$2:$D53,$C$28) -> 0 | D30: =sumifs('Form responses'!I2:I53,'Form responses'!$C$2:$C53,">="&$E$28,'Form responses'!$C$2:$C53,"<="&$G$28,'Form responses'!$D$2:$D53,$C$28) -> 0 | E30: =sumifs('Form responses'!J2:J53,'Form responses'!$C$2:$C53,">="&$E$28,'Form responses'!$C$2:$C53,"<="&$G$28,'Form responses'!$D$2:$D53,$C$28) -> 0 | F30: =sumifs('Form responses'!K2:K53,'Form responses'!$C$2:$C53,">="&$E$28,'Form responses'!$C$2:$C53,"<="&$G$28,'Form responses'!$D$2:$D53,$C$28) -> 0 | G30: =sumifs('Form responses'!L2:L53,'Form responses'!$C$2:$C53,">="&$E$28,'Form responses'!$C$2:$C53,"<="&$G$28,'Form responses'!$D$2:$D53,$C$28) -> 0 | H30: =sumifs('Form responses'!M2:M53,'Form responses'!$C$2:$C53,">="&$E$28,'Form responses'!$C$2:$C53,"<="&$G$28,'Form responses'!$D$2:$D53,$C$28) -> 0 | I30: =sumifs('Form responses'!N2:N53,'Form responses'!$C$2:$C53,">="&$E$28,'Form responses'!$C$2:$C53,"<="&$G$28,'Form responses'!$D$2:$D53,$C$28) -> 0 | ... AO30: =sumifs('Form responses'!AT2:AT53,'Form responses'!$C$2:$C53,">="&$E$28,'Form responses'!$C$2:$C53,"<="&$G$28,'Form responses'!$D$2:$D53,$C$28) -> 0 | AP30: 0 | AQ30: =sumifs('Form responses'!AV2:AV53,'Form responses'!$C$2:$C53,">="&$E$28,'Form responses'!$C$2:$C53,"<="&$G$28,'Form responses'!$D$2:$D53,$C$28) -> 0 | AR30: =sumifs('Form responses'!AW2:AW53,'Form responses'!$C$2:$C53,">="&$E$28,'Form responses'!$C$2:$C53,"<="&$G$28,'Form responses'!$D$2:$D53,$C$28) -> 0 | AS30: =sumifs('Form responses'!AX2:AX53,'Form responses'!$C$2:$C53,">="&$E$28,'Form responses'!$C$2:$C53,"<="&$G$28,'Form responses'!$D$2:$D53,$C$28) -> 0 | AT30: =sumifs('Form responses'!AY2:AY53,'Form responses'!$C$2:$C53,">="&$E$28,'Form responses'!$C$2:$C53,"<="&$G$28,'Form responses'!$D$2:$D53,$C$28) -> 0 | AU30: =sumifs('Form responses'!AZ2:AZ53,'Form responses'!$C$2:$C53,">="&$E$28,'Form responses'!$C$2:$C53,"<="&$G$28,'Form responses'!$D$2:$D53,$C$28) -> 0 | AV30: =sumifs('Form responses'!BA2:BA53,'Form responses'!$C$2:$C53,">="&$E$28,'Form responses'!$C$2:$C53,"<="&$G$28,'Form responses'!$D$2:$D53,$C$28) -> 0 | AW30: =sumifs('Form responses'!BB2:BB53,'Form responses'!$C$2:$C53,">="&$E$28,'Form responses'!$C$2:$C53,"<="&$G$28,'Form responses'!$D$2:$D53,$C$28) -> 0 | AX30: =sumifs('Form responses'!BC2:BC53,'Form responses'!$C$2:$C53,">="&$E$28,'Form responses'!$C$2:$C53,"<="&$G$28,'Form responses'!$D$2:$D53,$C$28) -> 0 | ... EK30: =sumifs('Form responses'!EP2:EP53,'Form responses'!$C$2:$C53,">="&$E$28,'Form responses'!$C$2:$C53,"<="&$G$28,'Form responses'!$D$2:$D53,$C$28) -> 0
A31: This Year | B31: =sumifs('Form responses'!G2:G53,'Form responses'!$C$2:$C53,"<="&$G$28,'Form responses'!$C$2:$C53,">="&Date(YEAR(DATE(YEAR($G$28),MONTH($G$28)+(-3),1)),4,1),'Form responses'!$D$2:$D53,$C$28) -> 0 | C31: =sumifs('Form responses'!H2:H53,'Form responses'!$C$2:$C53,"<="&$G$28,'Form responses'!$C$2:$C53,">="&Date(YEAR(DATE(YEAR($G$28),MONTH($G$28)+(-3),1)),4,1),'Form responses'!$D$2:$D53,$C$28) -> 0 | D31: =sumifs('Form responses'!I2:I53,'Form responses'!$C$2:$C53,"<="&$G$28,'Form responses'!$C$2:$C53,">="&Date(YEAR(DATE(YEAR($G$28),MONTH($G$28)+(-3),1)),4,1),'Form responses'!$D$2:$D53,$C$28) -> 0 | E31: =sumifs('Form responses'!J2:J53,'Form responses'!$C$2:$C53,"<="&$G$28,'Form responses'!$C$2:$C53,">="&Date(YEAR(DATE(YEAR($G$28),MONTH($G$28)+(-3),1)),4,1),'Form responses'!$D$2:$D53,$C$28) -> 0 | F31: =sumifs('Form responses'!K2:K53,'Form responses'!$C$2:$C53,"<="&$G$28,'Form responses'!$C$2:$C53,">="&Date(YEAR(DATE(YEAR($G$28),MONTH($G$28)+(-3),1)),4,1),'Form responses'!$D$2:$D53,$C$28) -> 0 | G31: =sumifs('Form responses'!L2:L53,'Form responses'!$C$2:$C53,"<="&$G$28,'Form responses'!$C$2:$C53,">="&Date(YEAR(DATE(YEAR($G$28),MONTH($G$28)+(-3),1)),4,1),'Form responses'!$D$2:$D53,$C$28) -> 0 | H31: =sumifs('Form responses'!M2:M53,'Form responses'!$C$2:$C53,"<="&$G$28,'Form responses'!$C$2:$C53,">="&Date(YEAR(DATE(YEAR($G$28),MONTH($G$28)+(-3),1)),4,1),'Form responses'!$D$2:$D53,$C$28) -> 0 | I31: =sumifs('Form responses'!N2:N53,'Form responses'!$C$2:$C53,"<="&$G$28,'Form responses'!$C$2:$C53,">="&Date(YEAR(DATE(YEAR($G$28),MONTH($G$28)+(-3),1)),4,1),'Form responses'!$D$2:$D53,$C$28) -> 0 | ... EK31: =sumifs('Form responses'!EP2:EP53,'Form responses'!$C$2:$C53,"<="&$G$28,'Form responses'!$C$2:$C53,">="&Date(YEAR(DATE(YEAR($G$28),MONTH($G$28)+(-3),1)),4,1),'Form responses'!$D$2:$D53,$C$28) -> 0
B33: Service Charges of this month
B34: OPD Case Fees | C34: OPD Case Dogs Fees | D34: Pregnency Diagnose Fee | E34: Castration Fee | F34: Health certificate Fee small animals | G34: Health certificate Fee Large animals | H34: Post Mortum Fee small animals | I34: Post Mortum Fee Large animals | J34: HS Vaccine fee | K34: FMD Vaccine Fee | L34: BQ Vaccine fee | M34: Brucellosis Vaccine Fee | N34: Theilaria Vaccine Fee | O34: Rabies Vaccine Fee | P34: ETV vaccine Fee | Q34: AI Cow Fee (Local semon) | R34: Ai Cow Fee (ETT Semon) | S34: AI Cow Fee (Imported Semon) | T34: AI Cow Fee (Sexed Semon) | U34: AI Fee Buffalow | V34: Faecal test Fee | W34: Blood Test Fee | X34: Urine Test Fee | Y34: Milk Test Fee | Z34: Post Mortum Fee Vetro legal
A35: This month | B35: =sumifs(fees!C$2:C53,fees!$B$2:$B53,">="&$E$28,fees!$B$2:$B53,"<="&$G$28) -> 10 | C35: =sumifs(fees!D$2:D53,fees!$B$2:$B53,">="&$E$28,fees!$B$2:$B53,"<="&$G$28) -> 50 | D35: =sumifs(fees!E$2:E53,fees!$B$2:$B53,">="&$E$28,fees!$B$2:$B53,"<="&$G$28) -> 25 | E35: =sumifs(fees!F$2:F53,fees!$B$2:$B53,">="&$E$28,fees!$B$2:$B53,"<="&$G$28) -> 50 | F35: =sumifs(fees!G$2:G53,fees!$B$2:$B53,">="&$E$28,fees!$B$2:$B53,"<="&$G$28) -> 50 | G35: =sumifs(fees!H$2:H53,fees!$B$2:$B53,">="&$E$28,fees!$B$2:$B53,"<="&$G$28) -> 100 | H35: =sumifs(fees!I$2:I53,fees!$B$2:$B53,">="&$E$28,fees!$B$2:$B53,"<="&$G$28) -> 20 | I35: =sumifs(fees!J$2:J53,fees!$B$2:$B53,">="&$E$28,fees!$B$2:$B53,"<="&$G$28) -> 100 | ... Z35: =sumifs(fees!AA$2:AA53,fees!$B$2:$B53,">="&$E$28,fees!$B$2:$B53,"<="&$G$28) -> 200
B37: Animals Cower 3 Month Ago
B38: Cow Cover With HF Straws | C38: Cow Cover With Jersey Straws | D38: Cow Cover With Cross Breed Straws | E38: Cow Cover With Sahiwal Straws | F38: Cow Cover With HF ETT Straws | G38: Cow Cover With Jersey ETT Straws | H38: Cow Cover With Imported HF Straws | I38: Cow Cover With Imported Jersey Straws | J38: Cow Cover With Sexed Straws | K38: Buffalo Cover With Murrah Straws | L38: Buffalo Cover With Nili-Ravi Straws
A39: That Month | B39: =sumifs('Form responses'!AZ2:AZ53,'Form responses'!$C$2:$C53,">="&edate($E$28,-3),'Form responses'!$C$2:$C53,"<="&edate($G$28,-3),'Form responses'!$D$2:$D53,$C$28) -> 0 | C39: =sumifs('Form responses'!BA2:BA53,'Form responses'!$C$2:$C53,">="&edate($E$28,-3),'Form responses'!$C$2:$C53,"<="&edate($G$28,-3),'Form responses'!$D$2:$D53,$C$28) -> 0 | D39: =sumifs('Form responses'!BB2:BB53,'Form responses'!$C$2:$C53,">="&edate($E$28,-3),'Form responses'!$C$2:$C53,"<="&edate($G$28,-3),'Form responses'!$D$2:$D53,$C$28) -> 0 | E39: =sumifs('Form responses'!BC2:BC53,'Form responses'!$C$2:$C53,">="&edate($E$28,-3),'Form responses'!$C$2:$C53,"<="&edate($G$28,-3),'Form responses'!$D$2:$D53,$C$28) -> 0 | F39: =sumifs('Form responses'!BH2:BH53,'Form responses'!$C$2:$C53,">="&edate($E$28,-3),'Form responses'!$C$2:$C53,"<="&edate($G$28,-3),'Form responses'!$D$2:$D53,$C$28) -> 0 | G39: =sumifs('Form responses'!BI2:BI53,'Form responses'!$C$2:$C53,">="&edate($E$28,-3),'Form responses'!$C$2:$C53,"<="&edate($G$28,-3),'Form responses'!$D$2:$D53,$C$28) -> 0 | H39: =sumifs('Form responses'!BJ2:BJ53,'Form responses'!$C$2:$C53,">="&edate($E$28,-3),'Form responses'!$C$2:$C53,"<="&edate($G$28,-3),'Form responses'!$D$2:$D53,$C$28) -> 0 | I39: =sumifs('Form responses'!BK2:BK53,'Form responses'!$C$2:$C53,">="&edate($E$28,-3),'Form responses'!$C$2:$C53,"<="&edate($G$28,-3),'Form responses'!$D$2:$D53,$C$28) -> 0 | J39: =sumifs('Form responses'!BM2:BM53,'Form responses'!$C$2:$C53,">="&edate($E$28,-3),'Form responses'!$C$2:$C53,"<="&edate($G$28,-3),'Form responses'!$D$2:$D53,$C$28) -> 0 | K39: =sumifs('Form responses'!BP2:BP53,'Form responses'!$C$2:$C53,">="&edate($E$28,-3),'Form responses'!$C$2:$C53,"<="&edate($G$28,-3),'Form responses'!$D$2:$D53,$C$28) -> 0 | L39: =sumifs('Form responses'!BQ2:BQ53,'Form responses'!$C$2:$C53,">="&edate($E$28,-3),'Form responses'!$C$2:$C53,"<="&edate($G$28,-3),'Form responses'!$D$2:$D53,$C$28) -> 0
B41: Cow Cover 9 Month and Buffalos Cover 10 Month Ago
B42: Cow Cover With HF Straws | C42: Cow Cover With Jersey Straws | D42: Cow Cover With Cross Breed Straws | E42: Cow Cover With Sahiwal Straws | F42: Cow Cover With HF ETT Straws | G42: Cow Cover With Jersey ETT Straws | H42: Cow Cover With Imported HF Straws | I42: Cow Cover With Imported Jersey Straws | J42: Cow Cover With Sexed Straws | K42: Buffalo Cover With Murrah Straws | L42: Buffalo Cover With Nili-Ravi Straws
A43: That Month | B43: =sumifs('Form responses'!AZ2:AZ53,'Form responses'!$C$2:$C53,">="&edate($E$28,-9),'Form responses'!$C$2:$C53,"<="&edate($G$28,-9),'Form responses'!$D$2:$D53,$C$28) -> 0 | C43: =sumifs('Form responses'!BA2:BA53,'Form responses'!$C$2:$C53,">="&edate($E$28,-9),'Form responses'!$C$2:$C53,"<="&edate($G$28,-9),'Form responses'!$D$2:$D53,$C$28) -> 0 | D43: =sumifs('Form responses'!BB2:BB53,'Form responses'!$C$2:$C53,">="&edate($E$28,-9),'Form responses'!$C$2:$C53,"<="&edate($G$28,-9),'Form responses'!$D$2:$D53,$C$28) -> 0 | E43: =sumifs('Form responses'!BC2:BC53,'Form responses'!$C$2:$C53,">="&edate($E$28,-9),'Form responses'!$C$2:$C53,"<="&edate($G$28,-9),'Form responses'!$D$2:$D53,$C$28) -> 0 | F43: =sumifs('Form responses'!BH2:BH53,'Form responses'!$C$2:$C53,">="&edate($E$28,-9),'Form responses'!$C$2:$C53,"<="&edate($G$28,-9),'Form responses'!$D$2:$D53,$C$28) -> 0 | G43: =sumifs('Form responses'!BI2:BI53,'Form responses'!$C$2:$C53,">="&edate($E$28,-9),'Form responses'!$C$2:$C53,"<="&edate($G$28,-9),'Form responses'!$D$2:$D53,$C$28) -> 0 | H43: =sumifs('Form responses'!BJ2:BJ53,'Form responses'!$C$2:$C53,">="&edate($E$28,-9),'Form responses'!$C$2:$C53,"<="&edate($G$28,-9),'Form responses'!$D$2:$D53,$C$28) -> 0 | I43: =sumifs('Form responses'!BK2:BK53,'Form responses'!$C$2:$C53,">="&edate($E$28,-9),'Form responses'!$C$2:$C53,"<="&edate($G$28,-9),'Form responses'!$D$2:$D53,$C$28) -> 0 | J43: =sumifs('Form responses'!BM2:BM53,'Form responses'!$C$2:$C53,">="&edate($E$28,-9),'Form responses'!$C$2:$C53,"<="&edate($G$28,-9),'Form responses'!$D$2:$D53,$C$28) -> 0 | K43: =sumifs('Form responses'!BP2:BP53,'Form responses'!$C$2:$C53,">="&edate($E$28,-10),'Form responses'!$C$2:$C53,"<="&edate($G$28,-10),'Form responses'!$D$2:$D53,$C$28) -> 0 | L43: =sumifs('Form responses'!BQ2:BQ53,'Form responses'!$C$2:$C53,">="&edate($E$28,-10),'Form responses'!$C$2:$C53,"<="&edate($G$28,-10),'Form responses'!$D$2:$D53,$C$28) -> 0
B45: Fecal Test of Institute
B46: Faecal test | C46: Fee | D46: Blood Test | E46: Fee | F46: Urine Test | G46: Fee | H46: Milk Test | I46: Fee | J46: Total fees
A47: This Month | B47: =sumifs('Form responses'!EQ2:EQ53,'Form responses'!$B$2:$B53,">="&$E$28,'Form responses'!$C$2:$C53,"<="&$G$28,'Form responses'!$D$2:$D53,$C$28) -> 0 | C47: =B47*$V$35 -> 0 | D47: =sumifs('Form responses'!ER2:ER53,'Form responses'!$B$2:$B53,">="&$E$28,'Form responses'!$C$2:$C53,"<="&$G$28,'Form responses'!$D$2:$D53,$C$28) -> 0 | E47: =D47*$W$35 -> 0 | F47: =sumifs('Form responses'!ES2:ES53,'Form responses'!$B$2:$B53,">="&$E$28,'Form responses'!$C$2:$C53,"<="&$G$28,'Form responses'!$D$2:$D53,$C$28) -> 0 | G47: =F47*$X$35 -> 0 | H47: =sumifs('Form responses'!ET2:ET53,'Form responses'!$B$2:$B53,">="&$E$28,'Form responses'!$C$2:$C53,"<="&$G$28,'Form responses'!$D$2:$D53,$C$28) -> 0 | I47: =H47*$Y$35 -> 0 | J47: =C47+E47+G47+I47 -> 0
A48: This Year | B48: =sumifs('Form responses'!EQ2:EQ53,'Form responses'!$B$2:$B53,">="&Date(YEAR(DATE(YEAR($G$28),MONTH($G$28)+(-3),1)),4,1),'Form responses'!$C$2:$C53,"<="&$G$28,'Form responses'!$D$2:$D53,$C$28) -> 0 | C48: =B48*$V$35 -> 0 | D48: =sumifs('Form responses'!ER2:ER53,'Form responses'!$B$2:$B53,">="&Date(YEAR(DATE(YEAR($G$28),MONTH($G$28)+(-3),1)),4,1),'Form responses'!$C$2:$C53,"<="&$G$28,'Form responses'!$D$2:$D53,$C$28) -> 0 | E48: =D48*$W$35 -> 0 | F48: =sumifs('Form responses'!ES2:ES53,'Form responses'!$B$2:$B53,">="&Date(YEAR(DATE(YEAR($G$28),MONTH($G$28)+(-3),1)),4,1),'Form responses'!$C$2:$C53,"<="&$G$28,'Form responses'!$D$2:$D53,$C$28) -> 0 | G48: =F48*$X$35 -> 0 | H48: =sumifs('Form responses'!ET2:ET53,'Form responses'!$B$2:$B53,">="&Date(YEAR(DATE(YEAR($G$28),MONTH($G$28)+(-3),1)),4,1),'Form responses'!$C$2:$C53,"<="&$G$28,'Form responses'!$D$2:$D53,$C$28) -> 0 | I48: =H48*$Y$35 -> 0 | J48: =C48+E48+G48+I48 -> 0

Sheet Credentials
A1: OrgIds | B1: Passwords | C1: Name of Institute | D1: Reporting Authority | E1: Name | F1: Designation | G1: Moble Nmber | H1: Email | I1: DOB | J1: Linked 1 | K1: Linked 2 | L1: Linked 3 | M1: Linked 4 | N1: Linked 5 | O1: Linked 6 | P1: Linked 7 | Q1: Login_Hash | R1: Is First Time | S1: Custom Dialog | T1: Report Submitted | U1: User Roles | V1: District | W1: Tesil
A2: test | B2: test | C2: Institute | D2: authority | E2: Name | F2: Designation | G2: 9417611720 | H2: arshpreetmalkana@gmail.com | Q2: aoaFUoKVOGTkMtk5xbwz | R2: 0 | S2: no_msg | T2: 0 | U2: 2 | V2: test | W2: test
A3: cvd9686 | B3: Ranj0086 | C3: CVD Gill Kalan | D3: Veterinary Officers Rampura Phul | E3: Ranjit Singh | F3: Veterinary Inspector | G3: 9417159086 | H3: ranjitbahiauid@gmail.com | Q3: EhkyZLPFZLjGSAU0ZNq6 | R3: 0 | S3: no_msg | T3: 0 | U3: 3 | V3: Bathinda | W3: rampura phul
A4: cvd5213 | B4: Pritpalkaur@1989 | C4: CVD Jai Singh Wala | D4: Vi CVD Jai Singh Wala | E4: Harjinder Singh | F4: Veterinary Inspector | G4: 8264328320 | H4: harjinders983@gmail.com | Q4: W3BmYs6tuqguboo0zpnU | R4: 0 | S4: no_msg | T4: 0 | U4: 3 | V4: Bathinda | W4: Bathinda
A5: cvd9401 | B5: Kanw6663 | C5: CVD Sivian | D5: Vi CVD Sivian | E5: Kanwaljit. Singh | F5: Veterinary Inspector | G5: 9876334873 | H5: maankanwaljit066@gmail.com | Q5: 6Y36x25nCdBiclThiIRX | R5: 0 | S5: no_msg | T5: 2 | U5: 3 | V5: Bathinda | W5: Bathinda
A6: cvd7072 | B6: Raji2530 | C6: CVD Aaklia Kalan | D6: Rajinder Singh | E6: Rajinder Singh | F6: Veterinary Inspector | G6: 9855917155 | H6: rajinderchaina87@gmail.com | Q6: UKzp7ND5xZ8NuT3A8OQS | R6: 1 | S6: no_msg | T6: 0 | U6: 3 | V6: Bathinda | W6: Bathinda
A7: cvd1937 | B7: Raji3820 | C7: CVD Aklia Kalan | D7: CVD Aklia Kalan | E7: Rajinder Singh | F7: Veterinary Inspector | G7: 9855917155 | H7: rajinderchaina29@gmail.com | R7: 1 | S7: no_msg | T7: 0 | U7: 3 | V7: Bathinda | W7: Bathinda
A8: cvd1337 | B8: MONI4724 | C8: CVD Bahoyatri | D8: Vo Teona | E8: Moninder Sharma | F8: Veterinary Inspector | G8: 8054051144 | H8: sharmamoninder472@gmail.com | Q8: U03YbUWTMUWcVgXmZcWT | R8: 1 | S8: no_msg | T8: 0 | U8: 3 | V8: Bathinda | W8: Bathinda
A9: cvd9851 | B9: Hard5965 | C9: CVD Bhagu | D9: V O Kotsmir | E9: Hardeep Singh | F9: Veterinary Inspector | G9: 9463268157 | H9: hschgiana@gmail.com | Q9: PtahFAk3eMo2F2BIbXMu | R9: 1 | S9: no_msg | T9: 0 | U9: 3 | V9: Bathinda | W9: Bathinda
A10: cvd8338 | B10: Nare4521 | C10: CVD Bhokhra | D10: Veterinary Officer Nahian Wala | E10: Naresh Kumar | F10: Veterinary Inspector | G10: 9814642975 | H10: nksharmaomx@gmail.com | Q10: 9W745lmiAHcU5fTz4H0u | R10: 1 | S10: no_msg | T10: 0 | U10: 3 | V10: Bathinda | W10: Bathinda
A11: cvd5815 | B11: Nav8146 | C11: CVD Bhucho Kalan | D11: V.I.Navdeep Singh | E11: Navdeep Singh | F11: Veterinary Inspector | G11: 8146244530 | H11: veterinaryinspector1094@gmail.com | Q11: MvLSMMzi1lrTBGYQKdOR | R11: 0 | S11: no_msg | T11: 0 | U11: 3 | V11: Bathinda | W11: Bathinda
A12: cvd5433 | B12: GURP9229 | C12: CVD Multania | D12: Vo Teona | E12: Gurpreet Singh | F12: Veterinary Inspector | G12: 9872205826 | H12: bawa.gurpreetsingh@yahoo.in | R12: 1 | S12: no_msg | T12: 0 | U12: 3 | V12: Bathinda | W12: Bathinda
A13: cvd7408 | B13: MALK2055 | C13: CVD Cvdbirbehman | D13: CVD Bir Behman | E13: Malkeet Singh | F13: Veterinary Inspector | G13: 9855518770 | H13: malkeet25@gmail.com | Q13: wMDKjvn0pUyRQMUB8tGG | R13: 0 | S13: no_msg | T13: 2 | U13: 3 | V13: Bathinda | W13: Bathinda
A14: cvd2115 | B14: HARW6833 | C14: CVD Gurusar Sainewala | D14: Vo CVH Naruana | E14: Harwinder Singh | F14: Veterinary Inspector | G14: 9877136065 | H14: hsgill90031@gmail.com | Q14: ie0BVjRNOHVqyj8Rtv6R | R14: 1 | S14: no_msg | T14: 0 | U14: 3 | V14: Bathinda | W14: Bathinda
A15: cvd7434 | B15: Arsh3287 | C15: CVD Jangirana | D15: Vi Arshdeep Kaur | E15: Arshdeep Kaur | F15: Veterinary Inspector | G15: 8699649180 | H15: arshdeepji189@gmail.com | Q15: UYihdisYqcpjcGHNMxNb | R15: 1 | S15: no_msg | T15: 0 | U15: 3 | V15: Bathinda | W15: Bathinda
A16: cvd6373 | B16: balj1584 | C16: CVD Jhumba | D16: Vo Jhumba | E16: Baljinder Singh | F16: Veterinary Officer | G16: 9417380115 | H16: mindi67521@gmail.com | R16: 1 | S16: no_msg | T16: 0 | U16: 3 | V16: Bathinda | W16: Bathinda
A17: cvd1837 | B17: 5416 | C17: CVD Khialiwala | D17: Vo Jandanwala | E17: Barinderjit Sodhi | F17: Veterinary Inspector | G17: 9417326027 | H17: noordaisy@gmail.com | Q17: NELJcexTAh67SLGHCsCY | R17: 0 | S17: no_msg | T17: 2 | U17: 3 | V17: Bathinda | W17: Bathinda
A18: cvd5184 | B18: Gurbant@94 | C18: CVD Kothe Chet Singh | D18: Gurbant Singh | E18: Gurbant Singh | F18: Veterinary Inspector | G18: 9463425764 | H18: 9463425764g@gmail.com | Q18: Yny2Bwxp15LRmZinFL0X | R18: 0 | S18: no_msg | T18: 2 | U18: 3 | V18: Bathinda | W18: Bathinda
A19: cvd2107 | B19: Gaga8184 | C19: CVD Kothe Natha Singh Wala | D19: Vi Gagandeep Kaur | E19: Gagandeep Kaur | F19: Veterinary Inspector | G19: 6239601616 | H19: gagandeep81961@gmail.com | Q19: 2F7LCZsUmfYXhQePMyuA | R19: 1 | S19: no_msg | T19: 2 | U19: 3 | V19: Bathinda | W19: Bathinda
A20: cvd5877 | B20: Gurk9979 | C20: CVD Loolbai | D20: Dr. Devraj | E20: Gurkirtan Singh | F20: Veterinary Inspector | G20: 9463967789 | H20: gurkirtankang12@gmail.com | R20: 1 | S20: no_msg | T20: 0 | U20: 3 | V20: Bathinda | W20: Bathinda
A21: cvd6235 | B21: 1234 | C21: CVD Multania | D21: Vi Multania | E21: Gurpreet Singh | F21: Veterinary Inspector | G21: 9872205826 | H21: bawa.gurpreetsingh@yahoo.in | Q21: CQgZz4IyZlaJGDhxvIGE | R21: 0 | S21: no_msg | T21: 0 | U21: 3 | V21: Bathinda | W21: Bathinda
A22: cvd8725 | B22: JAI 2526 | C22: CVD Nandgarh | D22: Vo Ghudda | E22: Jai Prakash | F22: Veterinary Inspector | G22: 9417562733 | H22: mishrajai81@gmail.com | R22: 1 | S22: no_msg | T22: 0 | U22: 3 | V22: Bathinda | W22: Bathinda
A23: cvd3766 | B23: jai2301 | C23: CVD Nandgarh | D23: Vi Nandgarh | E23: Jai Prakash | F23: Veterinary Inspector | G23: 9417562733 | H23: mishrajai81@gmail.com | Q23: RElj4FS1sR9RlpZhEJuD | R23: 0 | S23: no_msg | T23: 0 | U23: 3 | V23: Bathinda | W23: Bathinda
A24: cvd4217 | B24: Gurj5472 | C24: CVD Poohli | D24: Vo Sema | E24: Gurjit Singh | F24: Veterinary Inspector | G24: 7888790564 | H24: gurjitpoohli991@gmail.com | Q24: v8vWSccwz6v4uVOcSuQz | R24: 1 | S24: no_msg | T24: 0 | U24: 3 | V24: Bathinda | W24: Bathinda
A25: cvh7295 | B25: Jasw8045 | C25: CVH Blahar Vinjhu | D25: Vi Blahar Vinjhu | E25: Jaswinder Singh Dhillon | F25: Veterinary Inspector | G25: 9417139492 | H25: jsdhillon045@gmail.com | Q25: Cr4agH01N9JWpU2V5sym | R25: 1 | S25: no_msg | T25: 0 | U25: 2 | V25: Bathinda | W25: Bathinda
A26: cvh6625 | B26: SUKH5567 | C26: CVH CVH Pathrala | D26: Vo Pathrala | E26: Sukhveer Singh | F26: Veterinary Inspector | G26: 9877579159 | H26: singhsukhveer95@gmail.com | R26: 1 | S26: no_msg | T26: 0 | U26: 2 | V26: Bathinda | W26: Bathinda
A27: cvh3522 | B27: GURP5172 | C27: CVH CVH Poohla | D27: Vo Poohla | E27: Gurpreet Singh | F27: Veterinary Inspector | G27: 9464253393 | H27: gssvet@gmail.com | Q27: dmjJY6djpMpqo6xVvC8C | R27: 1 | S27: no_msg | T27: 0 | U27: 2 | V27: Bathinda | W27: Bathinda
A28: cvh9380 | B28: 7576harpreet | C28: CVH Ghudda | D28: Dr. Devraj | E28: Harpreet Singh | F28: Veterinary Inspector | G28: 9815991636 | H28: harpreetsra75761@gmail.com | Q28: 0MSybrqZjW3M5SoQcJta | R28: 0 | S28: no_msg | T28: 0 | U28: 2 | V28: Bathinda | W28: Bathinda
A29: cvh5758 | B29: Hn7888755490@ | C29: CVH Kot Fatta | D29: Svo Bathinda | E29: Dr Harwinder Singh | F29: Veterinary Officer | G29: 9464302899 | H29: harryvet05@gmail.com | Q29: to5F1DJkYXC94VjnvVTp | R29: 0 | S29: no_msg | T29: 0 | U29: 1 | V29: Bathinda | W29: Bathinda
A30: cvh7137 | B30: DrG2836 | C30: CVH Kotshamir | D30: Vo Kotshamir | E30: Dr Gurminder Singh | F30: Veterinary Officer | G30: 9653120566 | H30: sidhusukhmander762@gmail.com | Q30: DDy2PwDvhP72RvwSRQlJ | R30: 1 | S30: no_msg | T30: 0 | U30: 1 | V30: Bathinda | W30: Bathinda
A31: cvh3276 | B31: HARI7082 | C31: CVH Lehra Mohabat | D31: Vo Lehra Mohabat | E31: Harinder Kumar | F31: Veterinary Inspector | G31: 9417310109 | H31: garghk1444@gmail.com | Q31: 3NU2RLpfYvEqfNWx2psg | R31: 0 | S31: no_msg | T31: 2 | U31: 2 | V31: Bathinda | W31: Bathinda
A32: cvh1594 | B32: pawa7815 | C32: CVH Pathrala | D32: Pawandeep | E32: Pawandeep Singh | F32: Veterinary Officer | G32: 9915395506 | H32: singhsukhveer95@gmail.com | R32: 1 | S32: no_msg | T32: 0 | U32: 2 | V32: Bathinda | W32: Bathinda
A33: cvh4868 | B33: bhuchomandi@123 | C33: CVH Bhucho Mandi | D33: Vo Bhucho Mandi | E33: Jaspreet Singh | F33: Veterinary Inspector | G33: 9041020508 | H33: jaspreetsingh7961@gmail.com | Q33: jw38UMlAGa9fAFDecLCi | R33: 0 | S33: no_msg | T33: 0 | U33: 2 | V33: Bathinda | W33: Bathinda
A34: cvh7602 | B34: Durgesh@123 | C34: CVH Naruana | D34: Svo Bathinda | E34: Dr. Durgesh Nandini | F34: Veterinary Officer | G34: 9855231112 | H34: vetdr.nandini@gmail.com | Q34: duWZJIpTM7cbuMg091Gt | R34: 0 | S34: no_msg | T34: 2 | U34: 2 | V34: Bathinda | W34: Bathinda
A35: cvd7648 | B35: vig8032 | C35: CVD V.I.Cvd Gillpatti | D35: V.O. Neia Wala | E35: Vi Gurpal Singh | F35: Veterinary Inspector | G35: 9915162720 | H35: gurpal000111@gmail.com | R35: 1 | S35: no_msg | T35: 0 | U35: 3 | V35: Bathinda | W35: Bathinda

Sheet Reports
G1: Monthly Report of | J1: Institute | M1: From | N1: 44952 | P1: To | Q1: 44982
B3: NEW CASES TREATED | F3: OLD CASES Treated | J3: Case Treated In Camps/Gaushala | N3: Total Cases Treated | R3: Castrations | T3: PD | U3: A.H.CERTIFICATE | W3: POST MORT.
A4: Species | B4: E | C4: B | D4: O | E4: PET | F4: E | G4: B | H4: O | I4: PET | J4: E | K4: B | L4: O | M4: PET | N4: E | O4: B | P4: O | Q4: PET | R4: B | S4: O | T4: NO | U4: small | V4: Large | W4: small | X4: Large | Y4: Vetro Legal
A5: During the Month | B5: =Sum!B30 -> 0 | C5: =Sum!C30 -> 0 | D5: =Sum!D30 -> 0 | E5: =Sum!E30 -> 0 | F5: =Sum!F30 -> 0 | G5: =Sum!G30 -> 0 | H5: =Sum!H30 -> 0 | I5: =Sum!I30 -> 0 | ... M5: =Sum!M30 -> 0 | N5: =B5+F5+J5 -> 0 | O5: =C5+G5+K5 -> 0 | P5: =D5+H5+L5 -> 0 | Q5: =E5+I5+M5 -> 0 | R5: =Sum!N30 -> 0 | S5: =Sum!O30 -> 0 | T5: =Sum!P30 -> 0 | U5: =Sum!Q30 -> 0 | V5: =Sum!R30 -> 0 | W5: =Sum!S30 -> 0 | X5: =Sum!T30 -> 0 | Y5: =Sum!U30 -> 0
A6: Progressive Total-> | B6: =Sum!B31 -> 0 | C6: =Sum!C31 -> 0 | D6: =Sum!D31 -> 0 | E6: =Sum!E31 -> 0 | F6: =Sum!F31 -> 0 | G6: =Sum!G31 -> 0 | H6: =Sum!H31 -> 0 | I6: =Sum!I31 -> 0 | ... M6: =Sum!M31 -> 0 | N6: =B6+F6+J6 -> 0 | O6: =C6+G6+K6 -> 0 | P6: =D6+H6+L6 -> 0 | Q6: =E6+I6+M6 -> 0 | R6: =Sum!N31 -> 0 | S6: =Sum!O31 -> 0 | T6: =Sum!P31 -> 0 | U6: =Sum!Q31 -> 0 | V6: =Sum!R31 -> 0 | W6: =Sum!S31 -> 0 | X6: =Sum!T31 -> 0
B8: VACCINATION REPORT
A9: VACCINE | B9: HS | E9: FMD | H9: BQ | K9: Brucellosis | N9: ETV | Q9: Theilaria | T9: Goat Pox
B10: DOSES Received | C10: DOSES Used | D10: No.of Animals Vaccinated | E10: DOSES Received | F10: DOSES Used | G10: No.of Animals Vaccinated | H10: DOSES Received | I10: DOSES Used | J10: No.of Animals Vaccinated | K10: DOSES Received | L10: DOSES Used | M10: No.of Animals Vaccinated | N10: DOSES Received | O10: DOSES Used | P10: No.of Animals Vaccinated | Q10: DOSES Received | R10: DOSES Used | S10: No.of Animals Vaccinated | T10: DOSES Received | U10: DOSES Used | V10: No.of Animals Vaccinated
A11: During the Month | B11: =Sum!V30 -> 0 | C11: =Sum!W30 -> 0 | D11: =Sum!X30 -> 0 | E11: =Sum!Y30 -> 0 | F11: =Sum!Z30 -> 0 | G11: =Sum!AA30 -> 0 | H11: =Sum!AB30 -> 0 | I11: =Sum!AC30 -> 0 | ... V11: =Sum!AP30 -> 0
A12: This Year | B12: =Sum!V31 -> 0 | C12: =Sum!W31 -> 0 | D12: =Sum!X31 -> 0 | E12: =Sum!Y31 -> 0 | F12: =Sum!Z31 -> 0 | G12: =Sum!AA31 -> 0 | H12: =Sum!AB31 -> 0 | I12: =Sum!AC31 -> 0 | ... V12: =Sum!AP31 -> 0
A13: Balane vaccine | B13: =sumifs('Form responses'!AA2:AA76, 'Form responses'!$C$2:$C76, "<="&Date(YEAR(DATE(YEAR($N$1),MONTH($N$1)+(-3),1)),4,1), 'Form responses'!$D$2:$D76,$J$1)-(sumifs('Form responses'!AB2:AB76, 'Form responses'!$C$2:$C76, "<="&Date(YEAR(DATE(YEAR($N$1),MONTH($N$1)+(-3),1)),4,1), 'Form responses'!$D$2:$D76,$J$1))+Sum!V31-Sum!W31 -> 0 | E13: =sumifs('Form responses'!AD2:AD76, 'Form responses'!$C$2:$C76, "<="&Date(YEAR(DATE(YEAR($N$1),MONTH($N$1)+(-3),1)),4,1), 'Form responses'!$D$2:$D76,$J$1)-(sumifs('Form responses'!AE2:AE76, 'Form responses'!$C$2:$C76, "<="&Date(YEAR(DATE(YEAR($N$1),MONTH($N$1)+(-3),1)),4,1), 'Form responses'!$D$2:$D76,$J$1))+Sum!Y31-Sum!Z31 -> 0 | H13: =sumifs('Form responses'!AG2:AG76, 'Form responses'!$C$2:$C76, "<="&Date(YEAR(DATE(YEAR($N$1),MONTH($N$1)+(-3),1)),4,1), 'Form responses'!$D$2:$D76,$J$1)-(sumifs('Form responses'!AH2:AH76, 'Form responses'!$C$2:$C76, "<="&Date(YEAR(DATE(YEAR($N$1),MONTH($N$1)+(-3),1)),4,1), 'Form responses'!$D$2:$D76,$J$1))+Sum!AB31-Sum!AC31 -> 0 | K13: =sumifs('Form responses'!AJ2:AJ76, 'Form responses'!$C$2:$C76, "<="&Date(YEAR(DATE(YEAR($N$1),MONTH($N$1)+(-3),1)),4,1), 'Form responses'!$D$2:$D76,$J$1)-(sumifs('Form responses'!AK2:AK76, 'Form responses'!$C$2:$C76, "<="&Date(YEAR(DATE(YEAR($N$1),MONTH($N$1)+(-3),1)),4,1), 'Form responses'!$D$2:$D76,$J$1))+Sum!AE31-Sum!AF31 -> 0 | N13: =sumifs('Form responses'!AM2:AM76, 'Form responses'!$C$2:$C76, "<="&Date(YEAR(DATE(YEAR($N$1),MONTH($N$1)+(-3),1)),4,1), 'Form responses'!$D$2:$D76,$J$1)-(sumifs('Form responses'!AN2:AN76, 'Form responses'!$C$2:$C76, "<="&Date(YEAR(DATE(YEAR($N$1),MONTH($N$1)+(-3),1)),4,1), 'Form responses'!$D$2:$D76,$J$1))+Sum!AH31-Sum!AI31 -> 0 | Q13: =sumifs('Form responses'!AP2:AP76, 'Form responses'!$C$2:$C76, "<="&Date(YEAR(DATE(YEAR($N$1),MONTH($N$1)+(-3),1)),4,1), 'Form responses'!$D$2:$D76,$J$1)-(sumifs('Form responses'!AQ2:AQ76, 'Form responses'!$C$2:$C76, "<="&Date(YEAR(DATE(YEAR($N$1),MONTH($N$1)+(-3),1)),4,1), 'Form responses'!$D$2:$D76,$J$1))+Sum!AK31-Sum!AL31 -> 0 | T13: =sumifs('Form responses'!AS2:AS76, 'Form responses'!$C$2:$C76, "<="&Date(YEAR(DATE(YEAR($N$1),MONTH($N$1)+(-3),1)),4,1), 'Form responses'!$D$2:$D76,$J$1)-(sumifs('Form responses'!AT2:AT76, 'Form responses'!$C$2:$C76, "<="&Date(YEAR(DATE(YEAR($N$1),MONTH($N$1)+(-3),1)),4,1), 'Form responses'!$D$2:$D76,$J$1))+Sum!AN31-Sum!AO31 -> 0
B14: A.I. WITH FROZEN SEMEN IN COWS
B15: HF | C15: JR | D15: CB | E15: SW | F15: HF cover | G15: JR Cover | H15: CB cover | I15: SW Cover | J15: AI ETT HF | K15: AI ETT JR | L15: AI Imp HF | M15: AI Imp JR | N15: Cover ETT HF | O15: Cover ETT JR | P15: Cover Imp HF | Q15: Cover Imp JR | R15: A.I. sexed | S15: Cover Sexed | T15: Total AI | U15: Total covered
A16: During the Month | B16: =Sum!AQ30 -> 0 | C16: =Sum!AR30 -> 0 | D16: =Sum!AS30 -> 0 | E16: =Sum!AT30 -> 0 | F16: =Sum!AU30 -> 0 | G16: =Sum!AV30 -> 0 | H16: =Sum!AW30 -> 0 | I16: =Sum!AX30 -> 0 | ... S16: =Sum!BH30 -> 0 | T16: =B16+C16+D16+E16+J16+K16+L16+M16+R16 -> 0 | U16: =F16+G16+H16+I16+N16+O16+P16+Q16+S16 -> 0
A17: Progressive Total | B17: =Sum!AQ31 -> 0 | C17: =Sum!AR31 -> 0 | D17: =Sum!AS31 -> 0 | E17: =Sum!AT31 -> 0 | F17: =Sum!AU31 -> 0 | G17: =Sum!AV31 -> 0 | H17: =Sum!AW31 -> 0 | I17: =Sum!AX31 -> 0 | ... S17: =Sum!BH31 -> 0 | T17: =B17+C17+D17+E17+J17+K17+L17+M17+R17 -> 0 | U17: =F17+G17+H17+I17+N17+O17+P17+Q17+S17 -> 0
B19: Pregnancy Diagnosis of AI in Cows
B20: HF | D20: Jersy | F20: Cross Breed | H20: Sahiwal | J20: HF ETT | L20: Jersey ETT | N20: Imported HF | P20: Imported Jersey | R20: Sexed
B21: TESTED | C21: +ve | D21: TESTED | E21: +ve | F21: TESTED | G21: +ve | H21: TESTED | I21: +ve | J21: TESTED | K21: +ve | L21: TESTED | M21: +ve | N21: TESTED | O21: +ve | P21: TESTED | Q21: +ve | R21: TESTED | S21: +ve
A22: Covered 3 Months ago | B22: =Sum!B39 -> 0 | D22: =Sum!C39 -> 0 | F22: =Sum!D39 -> 0 | H22: =Sum!E39 -> 0 | J22: =Sum!F39 -> 0 | L22: =Sum!G39 -> 0 | N22: =Sum!H39 -> 0 | P22: =Sum!I39 -> 0 | R22: =Sum!J39 -> 0
A23: During the Month | B23: =Sum!BM30 -> 0 | C23: =Sum!BN30 -> 0 | D23: =Sum!BO30 -> 0 | E23: =Sum!BP30 -> 0 | F23: =Sum!BQ30 -> 0 | G23: =Sum!BR30 -> 0 | H23: =Sum!BS30 -> 0 | I23: =Sum!BT30 -> 0 | ... S23: =Sum!CD30 -> 0
A24: Progressive Total | B24: =Sum!BM31 -> 0 | C24: =Sum!BN31 -> 0 | D24: =Sum!BO31 -> 0 | E24: =Sum!BP31 -> 0 | F24: =Sum!BQ31 -> 0 | G24: =Sum!BR31 -> 0 | H24: =Sum!BS31 -> 0 | I24: =Sum!BT31 -> 0 | ... S24: =Sum!CD31 -> 0
B26: CALVES Born From AI in Cows
B27: HF | D27: Jersy | F27: Cross Breed | H27: Sahiwal | J27: HF ETT | L27: Jersey ETT | N27: Imported HF | P27: Imported Jersey | R27: Sexed
B28: M | C28: F | D28: M | E28: F | F28: M | G28: F | H28: M | I28: F | J28: M | K28: F | L28: M | M28: F | N28: M | O28: F | P28: M | Q28: F | R28: M | S28: F
A29: Covered 3 Months ago | B29: =Sum!B43 -> 0 | D29: =Sum!C43 -> 0 | F29: =Sum!D43 -> 0 | H29: =Sum!E43 -> 0 | J29: =Sum!F43 -> 0 | L29: =Sum!G43 -> 0 | N29: =Sum!H43 -> 0 | P29: =Sum!I43 -> 0 | R29: =Sum!J43 -> 0
A30: During the Month | B30: =Sum!CI30 -> 0 | C30: =Sum!CJ30 -> 0 | D30: =Sum!CK30 -> 0 | E30: =Sum!CL30 -> 0 | F30: =Sum!CM30 -> 0 | G30: =Sum!CN30 -> 0 | H30: =Sum!CO30 -> 0 | I30: =Sum!CP30 -> 0 | ... S30: =Sum!CZ30 -> 0
A31: Progressive Total | B31: =Sum!CI31 -> 0 | C31: =Sum!CJ31 -> 0 | D31: =Sum!CK31 -> 0 | E31: =Sum!CL31 -> 0 | F31: =Sum!CM31 -> 0 | G31: =Sum!CN31 -> 0 | H31: =Sum!CO31 -> 0 | I31: =Sum!CP31 -> 0 | ... S31: =Sum!CZ31 -> 0
B33: A.I. done in Buffalos | I33: Pregnancy Diagnosis of AI in Buffalos | O33: CALVES Born From AI Buffalos
B34: Murrah | C34: Nili Ravi | D34: Murrah Covred | E34: Nili Ravi Covred | F34: Total AI in Buffalo | G34: Buffalo Covred | I34: Murrah Tested | J34: +ve | K34: Nili Ravi Tested | L34: +ve | M34: Conception Rate | O34: Male | P34: Female | Q34: Male | R34: Female | S34: Total Calf
I35: =Sum!K39 -> 0 | K35: =Sum!L39 -> 0 | O35: =Sum!K43 -> 0 | Q35: =Sum!L43 -> 0
A36: During the Month | B36: =Sum!BI30 -> 0 | C36: =Sum!BJ30 -> 0 | D36: =Sum!BK30 -> 0 | E36: =Sum!BL30 -> 0 | F36: =B36+C36 -> 0 | G36: =D36+E36 -> 0 | I36: =Sum!CE30 -> 0 | J36: =Sum!CF30 -> 0 | K36: =Sum!CG30 -> 0 | L36: =Sum!CH30 -> 0 | M36: =IF(I36+K36=0,0,(J36+L36)/(I36+K36)%) -> 0 | O36: =Sum!DA30 -> 0 | P36: =Sum!DB30 -> 0 | Q36: =Sum!DC30 -> 0 | R36: =Sum!DD30 -> 0 | S36: =SUM(O36:R36) -> 0
A37: Progressive Total | B37: =Sum!BI31 -> 0 | C37: =Sum!BJ31 -> 0 | D37: =Sum!BK31 -> 0 | E37: =Sum!BL31 -> 0 | F37: =B37+C37 -> 0 | G37: =D37+E37 -> 0 | I37: =Sum!CE31 -> 0 | J37: =Sum!CF31 -> 0 | K37: =Sum!CG31 -> 0 | L37: =Sum!CH31 -> 0 | M37: =IF(I37+K37=0,0,(J37+L37)/(I37+K37)%) -> 0 | O37: =Sum!DA31 -> 0 | P37: =Sum!DB31 -> 0 | Q37: =Sum!DC31 -> 0 | R37: =Sum!DD31 -> 0 | S37: =SUM(O37:R37) -> 0
B39: Account of STRAW Record During Month
B40: HF Straws | C40: Jersey Straws | D40: Cross Breed Straws | E40: Sahiwal Straws | F40: HF ETT Straws | G40: Jersey ETT Straws | H40: Imp HF Straws | I40: Imp Jersey Straws | J40: Sexed Semen | K40: Murrah Straws | L40: Nilli-Ravi Straws | P40: Fertility Camps PLDB
A41: Last Year Balance | B41: =sumifs('Form responses'!EF2:EF76, 'Form responses'!$C$2:$C76, "<="&Date(YEAR(DATE(YEAR($N$1),MONTH($N$1)+(-3),1)),4,1), 'Form responses'!$D$2:$D76,$J$1) -(sumifs('Form responses'!AV2:AV76, 'Form responses'!$C$2:$C76, "<="&Date(YEAR(DATE(YEAR($N$1),MONTH($N$1)+(-2),1)),4,1), 'Form responses'!$D$2:$D76, $J$1)+ sumifs('Form responses'!DJ2:DJ76, 'Form responses'!$C$2:$C76, "<="&Date(YEAR(DATE(YEAR($N$1),MONTH($N$1)+(-2),1)),4,1), 'Form responses'!$D$2:$D76,$J$1) +sumifs('Form responses'!DU2:DU76, 'Form responses'!$C$2:$C76, "<="&Date(YEAR(DATE(YEAR($N$1),MONTH($N$1)+(-2),1)),4,1), 'Form responses'!$D$2:$D76,$J$1)) -> 0 | C41: =sumifs('Form responses'!EG2:EG76, 'Form responses'!$C$2:$C76, "<="&Date(YEAR(DATE(YEAR($N$1),MONTH($N$1)+(-3),1)),4,1), 'Form responses'!$D$2:$D76,$J$1) -(sumifs('Form responses'!AW2:AW76, 'Form responses'!$C$2:$C76, "<="&Date(YEAR(DATE(YEAR($N$1),MONTH($N$1)+(-2),1)),4,1), 'Form responses'!$D$2:$D76, $J$1)+ sumifs('Form responses'!DK2:DK76, 'Form responses'!$C$2:$C76, "<="&Date(YEAR(DATE(YEAR($N$1),MONTH($N$1)+(-2),1)),4,1), 'Form responses'!$D$2:$D76,$J$1) +sumifs('Form responses'!DV2:DV76, 'Form responses'!$C$2:$C76, "<="&Date(YEAR(DATE(YEAR($N$1),MONTH($N$1)+(-2),1)),4,1), 'Form responses'!$D$2:$D76,$J$1)) -> 0 | D41: =sumifs('Form responses'!EH2:EH76, 'Form responses'!$C$2:$C76, "<="&Date(YEAR(DATE(YEAR($N$1),MONTH($N$1)+(-3),1)),4,1), 'Form responses'!$D$2:$D76,$J$1) -(sumifs('Form responses'!AX2:AX76, 'Form responses'!$C$2:$C76, "<="&Date(YEAR(DATE(YEAR($N$1),MONTH($N$1)+(-2),1)),4,1), 'Form responses'!$D$2:$D76, $J$1)+ sumifs('Form responses'!DL2:DL76, 'Form responses'!$C$2:$C76, "<="&Date(YEAR(DATE(YEAR($N$1),MONTH($N$1)+(-2),1)),4,1), 'Form responses'!$D$2:$D76,$J$1) +sumifs('Form responses'!DW2:DW76, 'Form responses'!$C$2:$C76, "<="&Date(YEAR(DATE(YEAR($N$1),MONTH($N$1)+(-2),1)),4,1), 'Form responses'!$D$2:$D76,$J$1)) -> 0 | E41: =sumifs('Form responses'!EI2:EI76, 'Form responses'!$C$2:$C76, "<="&Date(YEAR(DATE(YEAR($N$1),MONTH($N$1)+(-3),1)),4,1), 'Form responses'!$D$2:$D76,$J$1) -(sumifs('Form responses'!AY2:AY76, 'Form responses'!$C$2:$C76, "<="&Date(YEAR(DATE(YEAR($N$1),MONTH($N$1)+(-2),1)),4,1), 'Form responses'!$D$2:$D76, $J$1)+ sumifs('Form responses'!DM2:DM76, 'Form responses'!$C$2:$C76, "<="&Date(YEAR(DATE(YEAR($N$1),MONTH($N$1)+(-2),1)),4,1), 'Form responses'!$D$2:$D76,$J$1) +sumifs('Form responses'!DX2:DX76, 'Form responses'!$C$2:$C76, "<="&Date(YEAR(DATE(YEAR($N$1),MONTH($N$1)+(-2),1)),4,1), 'Form responses'!$D$2:$D76,$J$1)) -> 0 | F41: =sumifs('Form responses'!EJ2:EJ76, 'Form responses'!$C$2:$C76, "<="&Date(YEAR(DATE(YEAR($N$1),MONTH($N$1)+(-3),1)),4,1), 'Form responses'!$D$2:$D76,$J$1) -(sumifs('Form responses'!BD2:BD76, 'Form responses'!$C$2:$C76, "<="&Date(YEAR(DATE(YEAR($N$1),MONTH($N$1)+(-2),1)),4,1), 'Form responses'!$D$2:$D76, $J$1)+ sumifs('Form responses'!DN2:DN76, 'Form responses'!$C$2:$C76, "<="&Date(YEAR(DATE(YEAR($N$1),MONTH($N$1)+(-2),1)),4,1), 'Form responses'!$D$2:$D76,$J$1) +sumifs('Form responses'!DY2:DY76, 'Form responses'!$C$2:$C76, "<="&Date(YEAR(DATE(YEAR($N$1),MONTH($N$1)+(-2),1)),4,1), 'Form responses'!$D$2:$D76,$J$1)) -> 0 | G41: =sumifs('Form responses'!EK2:EK76, 'Form responses'!$C$2:$C76, "<="&Date(YEAR(DATE(YEAR($N$1),MONTH($N$1)+(-3),1)),4,1), 'Form responses'!$D$2:$D76,$J$1) -(sumifs('Form responses'!BE2:BE76, 'Form responses'!$C$2:$C76, "<="&Date(YEAR(DATE(YEAR($N$1),MONTH($N$1)+(-2),1)),4,1), 'Form responses'!$D$2:$D76, $J$1)+ sumifs('Form responses'!DO2:DO76, 'Form responses'!$C$2:$C76, "<="&Date(YEAR(DATE(YEAR($N$1),MONTH($N$1)+(-2),1)),4,1), 'Form responses'!$D$2:$D76,$J$1) +sumifs('Form responses'!DZ2:DZ76, 'Form responses'!$C$2:$C76, "<="&Date(YEAR(DATE(YEAR($N$1),MONTH($N$1)+(-2),1)),4,1), 'Form responses'!$D$2:$D76,$J$1)) -> 0 | H41: =sumifs('Form responses'!EL2:EL76, 'Form responses'!$C$2:$C76, "<="&Date(YEAR(DATE(YEAR($N$1),MONTH($N$1)+(-3),1)),4,1), 'Form responses'!$D$2:$D76,$J$1) -(sumifs('Form responses'!BF2:BF76, 'Form responses'!$C$2:$C76, "<="&Date(YEAR(DATE(YEAR($N$1),MONTH($N$1)+(-2),1)),4,1), 'Form responses'!$D$2:$D76, $J$1)+ sumifs('Form responses'!DP2:DP76, 'Form responses'!$C$2:$C76, "<="&Date(YEAR(DATE(YEAR($N$1),MONTH($N$1)+(-2),1)),4,1), 'Form responses'!$D$2:$D76,$J$1) +sumifs('Form responses'!EA2:EA76, 'Form responses'!$C$2:$C76, "<="&Date(YEAR(DATE(YEAR($N$1),MONTH($N$1)+(-2),1)),4,1), 'Form responses'!$D$2:$D76,$J$1)) -> 0 | I41: =sumifs('Form responses'!EM2:EM76, 'Form responses'!$C$2:$C76, "<="&Date(YEAR(DATE(YEAR($N$1),MONTH($N$1)+(-3),1)),4,1), 'Form responses'!$D$2:$D76,$J$1) -(sumifs('Form responses'!BG2:BG76, 'Form responses'!$C$2:$C76, "<="&Date(YEAR(DATE(YEAR($N$1),MONTH($N$1)+(-2),1)),4,1), 'Form responses'!$D$2:$D76, $J$1)+ sumifs('Form responses'!DQ2:DQ76, 'Form responses'!$C$2:$C76, "<="&Date(YEAR(DATE(YEAR($N$1),MONTH($N$1)+(-2),1)),4,1), 'Form responses'!$D$2:$D76,$J$1) +sumifs('Form responses'!EB2:EB76, 'Form responses'!$C$2:$C76, "<="&Date(YEAR(DATE(YEAR($N$1),MONTH($N$1)+(-2),1)),4,1), 'Form responses'!$D$2:$D76,$J$1)) -> 0 | J41: =sumifs('Form responses'!EN2:EN76, 'Form responses'!$C$2:$C76, "<="&Date(YEAR(DATE(YEAR($N$1),MONTH($N$1)+(-3),1)),4,1), 'Form responses'!$D$2:$D76,$J$1) -(sumifs('Form responses'!BL2:BL76, 'Form responses'!$C$2:$C76, "<="&Date(YEAR(DATE(YEAR($N$1),MONTH($N$1)+(-2),1)),4,1), 'Form responses'!$D$2:$D76, $J$1)+ sumifs('Form responses'!DR2:DR76, 'Form responses'!$C$2:$C76, "<="&Date(YEAR(DATE(YEAR($N$1),MONTH($N$1)+(-2),1)),4,1), 'Form responses'!$D$2:$D76,$J$1) +sumifs('Form responses'!EC2:EC76, 'Form responses'!$C$2:$C76, "<="&Date(YEAR(DATE(YEAR($N$1),MONTH($N$1)+(-2),1)),4,1), 'Form responses'!$D$2:$D76,$J$1)) -> 0 | K41: =sumifs('Form responses'!EO2:EO76, 'Form responses'!$C$2:$C76, "<="&Date(YEAR(DATE(YEAR($N$1),MONTH($N$1)+(-3),1)),4,1), 'Form responses'!$D$2:$D76,$J$1) -(sumifs('Form responses'!BN2:BN76, 'Form responses'!$C$2:$C76, "<="&Date(YEAR(DATE(YEAR($N$1),MONTH($N$1)+(-2),1)),4,1), 'Form responses'!$D$2:$D76, $J$1)+ sumifs('Form responses'!DS2:DS76, 'Form responses'!$C$2:$C76, "<="&Date(YEAR(DATE(YEAR($N$1),MONTH($N$1)+(-2),1)),4,1), 'Form responses'!$D$2:$D76,$J$1) +sumifs('Form responses'!ED2:ED76, 'Form responses'!$C$2:$C76, "<="&Date(YEAR(DATE(YEAR($N$1),MONTH($N$1)+(-2),1)),4,1), 'Form responses'!$D$2:$D76,$J$1)) -> 0 | L41: =sumifs('Form responses'!EP2:EP76, 'Form responses'!$C$2:$C76, "<="&Date(YEAR(DATE(YEAR($N$1),MONTH($N$1)+(-3),1)),4,1), 'Form responses'!$D$2:$D76,$J$1) -(sumifs('Form responses'!BO2:BO76, 'Form responses'!$C$2:$C76, "<="&Date(YEAR(DATE(YEAR($N$1),MONTH($N$1)+(-2),1)),4,1), 'Form responses'!$D$2:$D76, $J$1)+ sumifs('Form responses'!DT2:DT76, 'Form responses'!$C$2:$C76, "<="&Date(YEAR(DATE(YEAR($N$1),MONTH($N$1)+(-2),1)),4,1), 'Form responses'!$D$2:$D76,$J$1) +sumifs('Form responses'!EE2:EE76, 'Form responses'!$C$2:$C76, "<="&Date(YEAR(DATE(YEAR($N$1),MONTH($N$1)+(-2),1)),4,1), 'Form responses'!$D$2:$D76,$J$1)) -> 0 | P41: No. of camps held | Q41: Animals Treated | R41: No. of Farmers attended | S41: No. of Ladies attended
A42: Last Month Balance | B42: =sumifs('Form responses'!EF2:EF76,'Form responses'!$C$2:$C76,"<="&$N$1,'Form responses'!$D$2:$D76,$J$1)-(sumifs('Form responses'!AV2:AV76,'Form responses'!$C$2:$C76,"<="&$N$1,'Form responses'!$D$2:$D76,$J$1)+sumifs('Form responses'!DJ2:DJ76,'Form responses'!$C$2:$C76,"<="&$N$1,'Form responses'!$D$2:$D76,$J$1)+sumifs('Form responses'!DU2:DU76,'Form responses'!$C$2:$C76,"<="&$N$1,'Form responses'!$D$2:$D76,$J$1)) -> 0 | C42: =sumifs('Form responses'!EG2:EG76,'Form responses'!$C$2:$C76,"<="&$N$1,'Form responses'!$D$2:$D76,$J$1)-(sumifs('Form responses'!AW2:AW76,'Form responses'!$C$2:$C76,"<="&$N$1,'Form responses'!$D$2:$D76,$J$1)+sumifs('Form responses'!DK2:DK76,'Form responses'!$C$2:$C76,"<="&$N$1,'Form responses'!$D$2:$D76,$J$1)+sumifs('Form responses'!DV2:DV76,'Form responses'!$C$2:$C76,"<="&$N$1,'Form responses'!$D$2:$D76,$J$1)) -> 0 | D42: =sumifs('Form responses'!EH2:EH76,'Form responses'!$C$2:$C76,"<="&$N$1,'Form responses'!$D$2:$D76,$J$1)-(sumifs('Form responses'!AX2:AX76,'Form responses'!$C$2:$C76,"<="&$N$1,'Form responses'!$D$2:$D76,$J$1)+sumifs('Form responses'!DL2:DL76,'Form responses'!$C$2:$C76,"<="&$N$1,'Form responses'!$D$2:$D76,$J$1)+sumifs('Form responses'!DW2:DW76,'Form responses'!$C$2:$C76,"<="&$N$1,'Form responses'!$D$2:$D76,$J$1)) -> 0 | E42: =sumifs('Form responses'!EI2:EI76,'Form responses'!$C$2:$C76,"<="&$N$1,'Form responses'!$D$2:$D76,$J$1)-(sumifs('Form responses'!AY2:AY76,'Form responses'!$C$2:$C76,"<="&$N$1,'Form responses'!$D$2:$D76,$J$1)+sumifs('Form responses'!DM2:DM76,'Form responses'!$C$2:$C76,"<="&$N$1,'Form responses'!$D$2:$D76,$J$1)+sumifs('Form responses'!DX2:DX76,'Form responses'!$C$2:$C76,"<="&$N$1,'Form responses'!$D$2:$D76,$J$1)) -> 0 | F42: =sumifs('Form responses'!EJ2:EJ76,'Form responses'!$C$2:$C76,"<="&$N$1,'Form responses'!$D$2:$D76,$J$1)-(sumifs('Form responses'!BD2:BD76,'Form responses'!$C$2:$C76,"<="&$N$1,'Form responses'!$D$2:$D76,$J$1)+sumifs('Form responses'!DN2:DN76,'Form responses'!$C$2:$C76,"<="&$N$1,'Form responses'!$D$2:$D76,$J$1)+sumifs('Form responses'!DY2:DY76,'Form responses'!$C$2:$C76,"<="&$N$1,'Form responses'!$D$2:$D76,$J$1)) -> 0 | G42: =sumifs('Form responses'!EK2:EK76,'Form responses'!$C$2:$C76,"<="&$N$1,'Form responses'!$D$2:$D76,$J$1)-(sumifs('Form responses'!BE2:BE76,'Form responses'!$C$2:$C76,"<="&$N$1,'Form responses'!$D$2:$D76,$J$1)+sumifs('Form responses'!DO2:DO76,'Form responses'!$C$2:$C76,"<="&$N$1,'Form responses'!$D$2:$D76,$J$1)+sumifs('Form responses'!DZ2:DZ76,'Form responses'!$C$2:$C76,"<="&$N$1,'Form responses'!$D$2:$D76,$J$1)) -> 0 | H42: =sumifs('Form responses'!EL2:EL76,'Form responses'!$C$2:$C76,"<="&$N$1,'Form responses'!$D$2:$D76,$J$1)-(sumifs('Form responses'!BF2:BF76,'Form responses'!$C$2:$C76,"<="&$N$1,'Form responses'!$D$2:$D76,$J$1)+sumifs('Form responses'!DP2:DP76,'Form responses'!$C$2:$C76,"<="&$N$1,'Form responses'!$D$2:$D76,$J$1)+sumifs('Form responses'!EA2:EA76,'Form responses'!$C$2:$C76,"<="&$N$1,'Form responses'!$D$2:$D76,$J$1)) -> 0 | I42: =sumifs('Form responses'!EM2:EM76,'Form responses'!$C$2:$C76,"<="&$N$1,'Form responses'!$D$2:$D76,$J$1)-(sumifs('Form responses'!BG2:BG76,'Form responses'!$C$2:$C76,"<="&$N$1,'Form responses'!$D$2:$D76,$J$1)+sumifs('Form responses'!DQ2:DQ76,'Form responses'!$C$2:$C76,"<="&$N$1,'Form responses'!$D$2:$D76,$J$1)+sumifs('Form responses'!EB2:EB76,'Form responses'!$C$2:$C76,"<="&$N$1,'Form responses'!$D$2:$D76,$J$1)) -> 0 | J42: =sumifs('Form responses'!EN2:EN76,'Form responses'!$C$2:$C76,"<="&$N$1,'Form responses'!$D$2:$D76,$J$1)-(sumifs('Form responses'!BL2:BL76,'Form responses'!$C$2:$C76,"<="&$N$1,'Form responses'!$D$2:$D76,$J$1)+sumifs('Form responses'!DR2:DR76,'Form responses'!$C$2:$C76,"<="&$N$1,'Form responses'!$D$2:$D76,$J$1)+sumifs('Form responses'!EC2:EC76,'Form responses'!$C$2:$C76,"<="&$N$1,'Form responses'!$D$2:$D76,$J$1)) -> 0 | K42: =sumifs('Form responses'!EO2:EO76,'Form responses'!$C$2:$C76,"<="&$N$1,'Form responses'!$D$2:$D76,$J$1)-(sumifs('Form responses'!BN2:BN76,'Form responses'!$C$2:$C76,"<="&$N$1,'Form responses'!$D$2:$D76,$J$1)+sumifs('Form responses'!DS2:DS76,'Form responses'!$C$2:$C76,"<="&$N$1,'Form responses'!$D$2:$D76,$J$1)+sumifs('Form responses'!ED2:ED76,'Form responses'!$C$2:$C76,"<="&$N$1,'Form responses'!$D$2:$D76,$J$1)) -> 0 | L42: =sumifs('Form responses'!EP2:EP76,'Form responses'!$C$2:$C76,"<="&$N$1,'Form responses'!$D$2:$D76,$J$1)-(sumifs('Form responses'!BO2:BO76,'Form responses'!$C$2:$C76,"<="&$N$1,'Form responses'!$D$2:$D76,$J$1)+sumifs('Form responses'!DT2:DT76,'Form responses'!$C$2:$C76,"<="&$N$1,'Form responses'!$D$2:$D76,$J$1)+sumifs('Form responses'!EE2:EE76,'Form responses'!$C$2:$C76,"<="&$N$1,'Form responses'!$D$2:$D76,$J$1)) -> 0
A43: Recieved This month | B43: =Sum!EA30 -> 0 | C43: =Sum!EB30 -> 0 | D43: =Sum!EC30 -> 0 | E43: =Sum!ED30 -> 0 | F43: =Sum!EE30 -> 0 | G43: =Sum!EF30 -> 0 | H43: =Sum!EG30 -> 0 | I43: =Sum!EH30 -> 0 | ... L43: =Sum!EK30 -> 0 | P43: =P42 | Q43: =Q42 | R43: =R42 | S43: =S42
A44: Used Local AI This Month | B44: =Sum!AQ30 -> 0 | C44: =Sum!AR30 -> 0 | D44: =Sum!AS30 -> 0 | E44: =Sum!AT30 -> 0 | F44: =Sum!AY30 -> 0 | G44: =Sum!AZ30 -> 0 | H44: =Sum!BA30 -> 0 | I44: =Sum!BB30 -> 0 | J44: =Sum!BG30 -> 0 | K44: =Sum!BI30 -> 0 | L44: =Sum!BJ30 -> 0 | P44: Fertility Camps ASCAD
A45: Used INAPH This Month | B45: =Sum!DE30 -> 0 | C45: =Sum!DF30 -> 0 | D45: =Sum!DG30 -> 0 | E45: =Sum!DH30 -> 0 | F45: =Sum!DI30 -> 0 | G45: =Sum!DJ30 -> 0 | H45: =Sum!DK30 -> 0 | I45: =Sum!DL30 -> 0 | ... L45: =Sum!DO30 -> 0 | P45: No. of camps held | Q45: Animals Treated | R45: No. of Farmers attended | S45: No. of Ladies attended
A46: Issued To AIW This Month | B46: =Sum!DP30 -> 0 | C46: =Sum!DQ30 -> 0 | D46: =Sum!DR30 -> 0 | E46: =Sum!DS30 -> 0 | F46: =Sum!DT30 -> 0 | G46: =Sum!DU30 -> 0 | H46: =Sum!DV30 -> 0 | I46: =Sum!DW30 -> 0 | ... L46: =Sum!DZ30 -> 0
A47: Recieved This Year | B47: =Sum!EA31 -> 0 | C47: =Sum!EB31 -> 0 | D47: =Sum!EC31 -> 0 | E47: =Sum!ED31 -> 0 | F47: =Sum!EE31 -> 0 | G47: =Sum!EF31 -> 0 | H47: =Sum!EG31 -> 0 | I47: =Sum!EH31 -> 0 | ... L47: =Sum!EK31 -> 0 | P47: =P46 | Q47: =Q46 | R47: =R46 | S47: =S46
A48: Used Local AI This Year | B48: =Sum!AQ31 -> 0 | C48: =Sum!AR31 -> 0 | D48: =Sum!AS31 -> 0 | E48: =Sum!AT31 -> 0 | F48: =Sum!AY31 -> 0 | G48: =Sum!AZ31 -> 0 | H48: =Sum!BA31 -> 0 | I48: =Sum!BB31 -> 0 | J48: =Sum!BG31 -> 0 | K48: =Sum!BI31 -> 0 | L48: =Sum!BJ31 -> 0 | P48: Any Other Camps
A49: Used INAPH This Year | B49: =Sum!DE31 -> 0 | C49: =Sum!DF31 -> 0 | D49: =Sum!DG31 -> 0 | E49: =Sum!DH31 -> 0 | F49: =Sum!DI31 -> 0 | G49: =Sum!DJ31 -> 0 | H49: =Sum!DK31 -> 0 | I49: =Sum!DL31 -> 0 | ... L49: =Sum!DO31 -> 0 | P49: Animals Treated | Q49: No. of Farmers attended | R49: No. of Ladies attended | S49: No. of camps held
A50: Issued To AIW This Year | B50: =Sum!DP31 -> 0 | C50: =Sum!DQ31 -> 0 | D50: =Sum!DR31 -> 0 | E50: =Sum!DS31 -> 0 | F50: =Sum!DT31 -> 0 | G50: =Sum!DU31 -> 0 | H50: =Sum!DV31 -> 0 | I50: =Sum!DW31 -> 0 | ... L50: =Sum!DZ31 -> 0
A51: Balance In Hand | B51: =(B41+B47)-(B48+B49+B50) -> 0 | C51: =(C41+C47)-(C48+C49+C50) -> 0 | D51: =(D41+D47)-(D48+D49+D50) -> 0 | E51: =(E41+E47)-(E48+E49+E50) -> 0 | F51: =(F41+F47)-(F48+F49+F50) -> 0 | G51: =(G41+G47)-(G48+G49+G50) -> 0 | H51: =(H41+H47)-(H48+H49+H50) -> 0 | I51: =(I41+I47)-(I48+I49+I50) -> 0 | ... L51: =(L41+L47)-(L48+L49+L50) -> 0 | P51: =P50 | Q51: =Q50 | R51: =R50 | S51: =S50
B53: Lab test report
B54: Faecal test | C54: Fee | D54: Blood Test | E54: Fee | F54: Urine Test | G54: Fee | H54: Milk Test | I54: Fee | J54: Total fees
A55: During the Month | B55: =Sum!B47 -> 0 | C55: =Sum!C47 -> 0 | D55: =Sum!D47 -> 0 | E55: =Sum!E47 -> 0 | F55: =Sum!F47 -> 0 | G55: =Sum!G47 -> 0 | H55: =Sum!H47 -> 0 | I55: =Sum!I47 -> 0 | J55: =C55+E55+G55+I55 -> 0
A56: PROG T. | B56: =Sum!B48 -> 0 | C56: =Sum!C48 -> 0 | D56: =Sum!D48 -> 0 | E56: =Sum!E48 -> 0 | F56: =Sum!F48 -> 0 | G56: =Sum!G48 -> 0 | H56: =Sum!H48 -> 0 | I56: =Sum!I48 -> 0 | J56: =C56+E56+G56+I56 -> 0
B58: TOTAL FEE DEPOSITED
B59: OPD | C59: OPD DOGS | D59: CAST | E59: PD | F59: LAB | G59: HC | H59: Post Mortem | I59: TOTAL | J59: COWS | K59: ETT | L59: Imp | M59: Sexed | N59: TOTAL | O59: BUFF | P59: TOTAL AI FEE | Q59: GRAND TOTAL
A60: =J1 -> Institute | B60: =((sumifs('Form responses'!$G$2:$G76,'Form responses'!$C$2:$C76,">="&$N$1,'Form responses'!$C$2:$C76,"<="&$Q$1,'Form responses'!$D$2:$D76,$A60) +sumifs('Form responses'!$H$2:$H76,'Form responses'!$C$2:$C76,">="&$N$1,'Form responses'!$C$2:$C76,"<="&$Q$1,'Form responses'!$D$2:$D76,$A60) +sumifs('Form responses'!$I$2:$I76,'Form responses'!$C$2:$C76,">="&$N$1,'Form responses'!$C$2:$C76,"<="&$Q$1,'Form responses'!$D$2:$D76,$A60) )*Sum!$B$35) -> 0 | C60: =((sumifs('Form responses'!$J$2:$J76,'Form responses'!$C$2:$C76,">="&$N$1,'Form responses'!$C$2:$C76,"<="&$Q$1,'Form responses'!$D$2:$D76,$A60))*Sum!$C$35) -> 0 | D60: =(( sumifs('Form responses'!$S$2:$S76,'Form responses'!$C$2:$C76,">="&$N$1,'Form responses'!$C$2:$C76,"<="&$Q$1,'Form responses'!$D$2:$D76,$A60) + sumifs('Form responses'!$T$2:$T76,'Form responses'!$C$2:$C76,">="&$N$1,'Form responses'!$C$2:$C76,"<="&$Q$1,'Form responses'!$D$2:$D76,$A60) )*Sum!$E$35 ) -> 0 | E60: =sumifs('Form responses'!$U$2:$U76,'Form responses'!$C$2:$C76,">="&$N$1,'Form responses'!$C$2:$C76,"<="&$Q$1,'Form responses'!$D$2:$D76,$A60) *Sum!$D$35 -> 0 | F60: =J55 -> 0 | G60: =(( sumifs('Form responses'!$V$2:$V76,'Form responses'!$C$2:$C76,">="&$N$1,'Form responses'!$C$2:$C76,"<="&$Q$1,'Form responses'!$D$2:$D76,$A60) )* Sum!$F$35 )+(( sumifs('Form responses'!$W$2:$W76,'Form responses'!$C$2:$C76,">="&$N$1,'Form responses'!$C$2:$C76,"<="&$Q$1,'Form responses'!$D$2:$D76,$A60) )* Sum!$G$35 ) -> 0 | H60: =(( sumifs('Form responses'!$X$2:$X76,'Form responses'!$C$2:$C76,">="&$N$1,'Form responses'!$C$2:$C76,"<="&$Q$1,'Form responses'!$D$2:$D76,$A60) )*Sum!$H$35)+(( sumifs('Form responses'!$Y$2:$Y76,'Form responses'!$C$2:$C76,">="&$N$1,'Form responses'!$C$2:$C76,"<="&$Q$1,'Form responses'!$D$2:$D76,$A60) )*Sum!$I$35)+(( sumifs('Form responses'!$Z$2:$Z76,'Form responses'!$C$2:$C76,">="&$N$1,'Form responses'!$C$2:$C76,"<="&$Q$1,'Form responses'!$D$2:$D76,$A60) )*Sum!$Z$35) -> 0 | I60: =SUM(B60:H60) -> 0 | J60: =( sumifs('Form responses'!$AV$2:$AV76,'Form responses'!$C$2:$C76,">="&$N$1,'Form responses'!$C$2:$C76,"<="&$Q$1,'Form responses'!$D$2:$D76,$A60) + sumifs('Form responses'!$AW$2:$AW76,'Form responses'!$C$2:$C76,">="&$N$1,'Form responses'!$C$2:$C76,"<="&$Q$1,'Form responses'!$D$2:$D76,$A60) + sumifs('Form responses'!$AX$2:$AX76,'Form responses'!$C$2:$C76,">="&$N$1,'Form responses'!$C$2:$C76,"<="&$Q$1,'Form responses'!$D$2:$D76,$A60) + sumifs('Form responses'!$AY$2:$AY76,'Form responses'!$C$2:$C76,">="&$N$1,'Form responses'!$C$2:$C76,"<="&$Q$1,'Form responses'!$D$2:$D76,$A60) )*Sum!$Q$35 -> 0 | K60: =( sumifs('Form responses'!$BD$2:$BD76,'Form responses'!$C$2:$C76,">="&N$1,'Form responses'!$C$2:$C76,"<="&$Q$1,'Form responses'!$D$2:$D76,$A60) + sumifs('Form responses'!$BE$2:$BE76,'Form responses'!$C$2:$C76,">="&N$1,'Form responses'!$C$2:$C76,"<="&$Q$1,'Form responses'!$D$2:$D76,$A60) )*Sum!$R$35 -> 0 | L60: =( sumifs('Form responses'!$BF$2:$BF76,'Form responses'!$C$2:$C76,">="&$N$1,'Form responses'!$C$2:$C76,"<="&$Q$1,'Form responses'!$D$2:$D76,$A60) + sumifs('Form responses'!$BG$2:$BG76,'Form responses'!$C$2:$C76,">="&$N$1,'Form responses'!$C$2:$C76,"<="&$Q$1,'Form responses'!$D$2:$D76,$A60) )*Sum!$S$35 -> 0 | M60: =sumifs('Form responses'!$BL$2:$BL76,'Form responses'!$C$2:$C76,">="&$N$1,'Form responses'!$C$2:$C76,"<="&$Q$1,'Form responses'!$D$2:$D76,$A60) *Sum!$T$35 -> 0 | N60: =SUM(J60:M60) -> 0 | O60: =((sumifs('Form responses'!$BN$2:$BN76,'Form responses'!$C$2:$C76,">="&$N$1,'Form responses'!$C$2:$C76,"<="&$Q$1,'Form responses'!$D$2:$D76,$A60)+ sumifs('Form responses'!$BO$2:$BO76,'Form responses'!$C$2:$C76,">="&$N$1,'Form responses'!$C$2:$C76,"<="&$Q$1,'Form responses'!$D$2:$D76,$A60))*Sum!$U$35) -> 0 | P60: =N60+O60 -> 0 | Q60: =I60+P60 -> 0
A61: =VLOOKUP($J$1,Credentials!$C$3:$P$71,8,FALSE) -> #N/A | B61: =((sumifs('Form responses'!$G$2:$G76,'Form responses'!$C$2:$C76,">="&$N$1,'Form responses'!$C$2:$C76,"<="&$Q$1,'Form responses'!$D$2:$D76,$A61) +sumifs('Form responses'!$H$2:$H76,'Form responses'!$C$2:$C76,">="&$N$1,'Form responses'!$C$2:$C76,"<="&$Q$1,'Form responses'!$D$2:$D76,$A61) +sumifs('Form responses'!$I$2:$I76,'Form responses'!$C$2:$C76,">="&$N$1,'Form responses'!$C$2:$C76,"<="&$Q$1,'Form responses'!$D$2:$D76,$A61) )*Sum!$B$35) -> 0 | C61: =((sumifs('Form responses'!$J$2:$J76,'Form responses'!$C$2:$C76,">="&$N$1,'Form responses'!$C$2:$C76,"<="&$Q$1,'Form responses'!$D$2:$D76,$A61))*Sum!$C$35) -> 0 | D61: =(( sumifs('Form responses'!$S$2:$S76,'Form responses'!$C$2:$C76,">="&$N$1,'Form responses'!$C$2:$C76,"<="&$Q$1,'Form responses'!$D$2:$D76,$A61) + sumifs('Form responses'!$T$2:$T76,'Form responses'!$C$2:$C76,">="&$N$1,'Form responses'!$C$2:$C76,"<="&$Q$1,'Form responses'!$D$2:$D76,$A61) )*Sum!$E$35 ) -> 0 | E61: =sumifs('Form responses'!$U$2:$U76,'Form responses'!$C$2:$C76,">="&$N$1,'Form responses'!$C$2:$C76,"<="&$Q$1,'Form responses'!$D$2:$D76,$A61) *Sum!$D$35 -> 0 | F61: 0 | G61: =(( sumifs('Form responses'!$V$2:$V76,'Form responses'!$C$2:$C76,">="&$N$1,'Form responses'!$C$2:$C76,"<="&$Q$1,'Form responses'!$D$2:$D76,$A61) )* Sum!$F$35 )+(( sumifs('Form responses'!$W$2:$W76,'Form responses'!$C$2:$C76,">="&$N$1,'Form responses'!$C$2:$C76,"<="&$Q$1,'Form responses'!$D$2:$D76,$A61) )* Sum!$G$35 ) -> 0 | H61: =(( sumifs('Form responses'!$X$2:$X76,'Form responses'!$C$2:$C76,">="&$N$1,'Form responses'!$C$2:$C76,"<="&$Q$1,'Form responses'!$D$2:$D76,$A61) )*Sum!$H$35)+(( sumifs('Form responses'!$Y$2:$Y76,'Form responses'!$C$2:$C76,">="&$N$1,'Form responses'!$C$2:$C76,"<="&$Q$1,'Form responses'!$D$2:$D76,$A61) )*Sum!$I$35)+(( sumifs('Form responses'!$Z$2:$Z76,'Form responses'!$C$2:$C76,">="&$N$1,'Form responses'!$C$2:$C76,"<="&$Q$1,'Form responses'!$D$2:$D76,$A61) )*Sum!$Z$35) -> 0 | I61: =SUM(B61:H61) -> 0 | J61: =( sumifs('Form responses'!$AV$2:$AV76,'Form responses'!$C$2:$C76,">="&$N$1,'Form responses'!$C$2:$C76,"<="&$Q$1,'Form responses'!$D$2:$D76,$A61) + sumifs('Form responses'!$AW$2:$AW76,'Form responses'!$C$2:$C76,">="&$N$1,'Form responses'!$C$2:$C76,"<="&$Q$1,'Form responses'!$D$2:$D76,$A61) + sumifs('Form responses'!$AX$2:$AX76,'Form responses'!$C$2:$C76,">="&$N$1,'Form responses'!$C$2:$C76,"<="&$Q$1,'Form responses'!$D$2:$D76,$A61) + sumifs('Form responses'!$AY$2:$AY76,'Form responses'!$C$2:$C76,">="&$N$1,'Form responses'!$C$2:$C76,"<="&$Q$1,'Form responses'!$D$2:$D76,$A61) )*Sum!$Q$35 -> 0 | K61: =( sumifs('Form responses'!$BD$2:$BD76,'Form responses'!$C$2:$C76,">="&N$1,'Form responses'!$C$2:$C76,"<="&$Q$1,'Form responses'!$D$2:$D76,$A61) + sumifs('Form responses'!$BE$2:$BE76,'Form responses'!$C$2:$C76,">="&N$1,'Form responses'!$C$2:$C76,"<="&$Q$1,'Form responses'!$D$2:$D76,$A61) )*Sum!$R$35 -> 0 | L61: =( sumifs('Form responses'!$BF$2:$BF76,'Form responses'!$C$2:$C76,">="&$N$1,'Form responses'!$C$2:$C76,"<="&$Q$1,'Form responses'!$D$2:$D76,$A61) + sumifs('Form responses'!$BG$2:$BG76,'Form responses'!$C$2:$C76,">="&$N$1,'Form responses'!$C$2:$C76,"<="&$Q$1,'Form responses'!$D$2:$D76,$A61) )*Sum!$S$35 -> 0 | M61: =sumifs('Form responses'!$BL$2:$BL76,'Form responses'!$C$2:$C76,">="&$N$1,'Form responses'!$C$2:$C76,"<="&$Q$1,'Form responses'!$D$2:$D76,$A61) *Sum!$T$35 -> 0 | N61: =SUM(J61:M61) -> 0 | O61: =((sumifs('Form responses'!$BN$2:$BN76,'Form responses'!$C$2:$C76,">="&$N$1,'Form responses'!$C$2:$C76,"<="&$Q$1,'Form responses'!$D$2:$D76,$A61)+ sumifs('Form responses'!$BO$2:$BO76,'Form responses'!$C$2:$C76,">="&$N$1,'Form responses'!$C$2:$C76,"<="&$Q$1,'Form responses'!$D$2:$D76,$A61))*Sum!$U$35) -> 0 | P61: =N61+O61 -> 0 | Q61: =I61+P61 -> 0
A62: =VLOOKUP($J$1,Credentials!$C$3:$P$71,9,FALSE) -> #N/A | B62: =((sumifs('Form responses'!$G$2:$G76,'Form responses'!$C$2:$C76,">="&$N$1,'Form responses'!$C$2:$C76,"<="&$Q$1,'Form responses'!$D$2:$D76,$A62) +sumifs('Form responses'!$H$2:$H76,'Form responses'!$C$2:$C76,">="&$N$1,'Form responses'!$C$2:$C76,"<="&$Q$1,'Form responses'!$D$2:$D76,$A62) +sumifs('Form responses'!$I$2:$I76,'Form responses'!$C$2:$C76,">="&$N$1,'Form responses'!$C$2:$C76,"<="&$Q$1,'Form responses'!$D$2:$D76,$A62) )*Sum!$B$35) -> 0 | C62: =((sumifs('Form responses'!$J$2:$J76,'Form responses'!$C$2:$C76,">="&$N$1,'Form responses'!$C$2:$C76,"<="&$Q$1,'Form responses'!$D$2:$D76,$A62))*Sum!$C$35) -> 0 | D62: =(( sumifs('Form responses'!$S$2:$S76,'Form responses'!$C$2:$C76,">="&$N$1,'Form responses'!$C$2:$C76,"<="&$Q$1,'Form responses'!$D$2:$D76,$A62) + sumifs('Form responses'!$T$2:$T76,'Form responses'!$C$2:$C76,">="&$N$1,'Form responses'!$C$2:$C76,"<="&$Q$1,'Form responses'!$D$2:$D76,$A62) )*Sum!$E$35 ) -> 0 | E62: =sumifs('Form responses'!$U$2:$U76,'Form responses'!$C$2:$C76,">="&$N$1,'Form responses'!$C$2:$C76,"<="&$Q$1,'Form responses'!$D$2:$D76,$A62) *Sum!$D$35 -> 0 | F62: 0 | G62: =(( sumifs('Form responses'!$V$2:$V76,'Form responses'!$C$2:$C76,">="&$N$1,'Form responses'!$C$2:$C76,"<="&$Q$1,'Form responses'!$D$2:$D76,$A62) )* Sum!$F$35 )+(( sumifs('Form responses'!$W$2:$W76,'Form responses'!$C$2:$C76,">="&$N$1,'Form responses'!$C$2:$C76,"<="&$Q$1,'Form responses'!$D$2:$D76,$A62) )* Sum!$G$35 ) -> 0 | H62: =(( sumifs('Form responses'!$X$2:$X76,'Form responses'!$C$2:$C76,">="&$N$1,'Form responses'!$C$2:$C76,"<="&$Q$1,'Form responses'!$D$2:$D76,$A62) )*Sum!$H$35)+(( sumifs('Form responses'!$Y$2:$Y76,'Form responses'!$C$2:$C76,">="&$N$1,'Form responses'!$C$2:$C76,"<="&$Q$1,'Form responses'!$D$2:$D76,$A62) )*Sum!$I$35)+(( sumifs('Form responses'!$Z$2:$Z76,'Form responses'!$C$2:$C76,">="&$N$1,'Form responses'!$C$2:$C76,"<="&$Q$1,'Form responses'!$D$2:$D76,$A62) )*Sum!$Z$35) -> 0 | I62: =SUM(B62:H62) -> 0 | J62: =( sumifs('Form responses'!$AV$2:$AV76,'Form responses'!$C$2:$C76,">="&$N$1,'Form responses'!$C$2:$C76,"<="&$Q$1,'Form responses'!$D$2:$D76,$A62) + sumifs('Form responses'!$AW$2:$AW76,'Form responses'!$C$2:$C76,">="&$N$1,'Form responses'!$C$2:$C76,"<="&$Q$1,'Form responses'!$D$2:$D76,$A62) + sumifs('Form responses'!$AX$2:$AX76,'Form responses'!$C$2:$C76,">="&$N$1,'Form responses'!$C$2:$C76,"<="&$Q$1,'Form responses'!$D$2:$D76,$A62) + sumifs('Form responses'!$AY$2:$AY76,'Form responses'!$C$2:$C76,">="&$N$1,'Form responses'!$C$2:$C76,"<="&$Q$1,'Form responses'!$D$2:$D76,$A62) )*Sum!$Q$35 -> 0 | K62: =( sumifs('Form responses'!$BD$2:$BD76,'Form responses'!$C$2:$C76,">="&N$1,'Form responses'!$C$2:$C76,"<="&$Q$1,'Form responses'!$D$2:$D76,$A62) + sumifs('Form responses'!$BE$2:$BE76,'Form responses'!$C$2:$C76,">="&N$1,'Form responses'!$C$2:$C76,"<="&$Q$1,'Form responses'!$D$2:$D76,$A62) )*Sum!$R$35 -> 0 | L62: =( sumifs('Form responses'!$BF$2:$BF76,'Form responses'!$C$2:$C76,">="&$N$1,'Form responses'!$C$2:$C76,"<="&$Q$1,'Form responses'!$D$2:$D76,$A62) + sumifs('Form responses'!$BG$2:$BG76,'Form responses'!$C$2:$C76,">="&$N$1,'Form responses'!$C$2:$C76,"<="&$Q$1,'Form responses'!$D$2:$D76,$A62) )*Sum!$S$35 -> 0 | M62: =sumifs('Form responses'!$BL$2:$BL76,'Form responses'!$C$2:$C76,">="&$N$1,'Form responses'!$C$2:$C76,"<="&$Q$1,'Form responses'!$D$2:$D76,$A62) *Sum!$T$35 -> 0 | N62: =SUM(J62:M62) -> 0 | O62: =((sumifs('Form responses'!$BN$2:$BN76,'Form responses'!$C$2:$C76,">="&$N$1,'Form responses'!$C$2:$C76,"<="&$Q$1,'Form responses'!$D$2:$D76,$A62)+ sumifs('Form responses'!$BO$2:$BO76,'Form responses'!$C$2:$C76,">="&$N$1,'Form responses'!$C$2:$C76,"<="&$Q$1,'Form responses'!$D$2:$D76,$A62))*Sum!$U$35) -> 0 | P62: =N62+O62 -> 0 | Q62: =I62+P62 -> 0
A63: =VLOOKUP($J$1,Credentials!$C$3:$P$71,10,FALSE) -> #N/A | B63: =((sumifs('Form responses'!$G$2:$G76,'Form responses'!$C$2:$C76,">="&$N$1,'Form responses'!$C$2:$C76,"<="&$Q$1,'Form responses'!$D$2:$D76,$A63) +sumifs('Form responses'!$H$2:$H76,'Form responses'!$C$2:$C76,">="&$N$1,'Form responses'!$C$2:$C76,"<="&$Q$1,'Form responses'!$D$2:$D76,$A63) +sumifs('Form responses'!$I$2:$I76,'Form responses'!$C$2:$C76,">="&$N$1,'Form responses'!$C$2:$C76,"<="&$Q$1,'Form responses'!$D$2:$D76,$A63) )*Sum!$B$35) -> 0 | C63: =((sumifs('Form responses'!$J$2:$J76,'Form responses'!$C$2:$C76,">="&$N$1,'Form responses'!$C$2:$C76,"<="&$Q$1,'Form responses'!$D$2:$D76,$A63))*Sum!$C$35) -> 0 | D63: =(( sumifs('Form responses'!$S$2:$S76,'Form responses'!$C$2:$C76,">="&$N$1,'Form responses'!$C$2:$C76,"<="&$Q$1,'Form responses'!$D$2:$D76,$A63) + sumifs('Form responses'!$T$2:$T76,'Form responses'!$C$2:$C76,">="&$N$1,'Form responses'!$C$2:$C76,"<="&$Q$1,'Form responses'!$D$2:$D76,$A63) )*Sum!$E$35 ) -> 0 | E63: =sumifs('Form responses'!$U$2:$U76,'Form responses'!$C$2:$C76,">="&$N$1,'Form responses'!$C$2:$C76,"<="&$Q$1,'Form responses'!$D$2:$D76,$A63) *Sum!$D$35 -> 0 | F63: 0 | G63: =(( sumifs('Form responses'!$V$2:$V76,'Form responses'!$C$2:$C76,">="&$N$1,'Form responses'!$C$2:$C76,"<="&$Q$1,'Form responses'!$D$2:$D76,$A63) )* Sum!$F$35 )+(( sumifs('Form responses'!$W$2:$W76,'Form responses'!$C$2:$C76,">="&$N$1,'Form responses'!$C$2:$C76,"<="&$Q$1,'Form responses'!$D$2:$D76,$A63) )* Sum!$G$35 ) -> 0 | H63: =(( sumifs('Form responses'!$X$2:$X76,'Form responses'!$C$2:$C76,">="&$N$1,'Form responses'!$C$2:$C76,"<="&$Q$1,'Form responses'!$D$2:$D76,$A63) )*Sum!$H$35)+(( sumifs('Form responses'!$Y$2:$Y76,'Form responses'!$C$2:$C76,">="&$N$1,'Form responses'!$C$2:$C76,"<="&$Q$1,'Form responses'!$D$2:$D76,$A63) )*Sum!$I$35)+(( sumifs('Form responses'!$Z$2:$Z76,'Form responses'!$C$2:$C76,">="&$N$1,'Form responses'!$C$2:$C76,"<="&$Q$1,'Form responses'!$D$2:$D76,$A63) )*Sum!$Z$35) -> 0 | I63: =SUM(B63:H63) -> 0 | J63: =( sumifs('Form responses'!$AV$2:$AV76,'Form responses'!$C$2:$C76,">="&$N$1,'Form responses'!$C$2:$C76,"<="&$Q$1,'Form responses'!$D$2:$D76,$A63) + sumifs('Form responses'!$AW$2:$AW76,'Form responses'!$C$2:$C76,">="&$N$1,'Form responses'!$C$2:$C76,"<="&$Q$1,'Form responses'!$D$2:$D76,$A63) + sumifs('Form responses'!$AX$2:$AX76,'Form responses'!$C$2:$C76,">="&$N$1,'Form responses'!$C$2:$C76,"<="&$Q$1,'Form responses'!$D$2:$D76,$A63) + sumifs('Form responses'!$AY$2:$AY76,'Form responses'!$C$2:$C76,">="&$N$1,'Form responses'!$C$2:$C76,"<="&$Q$1,'Form responses'!$D$2:$D76,$A63) )*Sum!$Q$35 -> 0 | K63: =( sumifs('Form responses'!$BD$2:$BD76,'Form responses'!$C$2:$C76,">="&N$1,'Form responses'!$C$2:$C76,"<="&$Q$1,'Form responses'!$D$2:$D76,$A63) + sumifs('Form responses'!$BE$2:$BE76,'Form responses'!$C$2:$C76,">="&N$1,'Form responses'!$C$2:$C76,"<="&$Q$1,'Form responses'!$D$2:$D76,$A63) )*Sum!$R$35 -> 0 | L63: =( sumifs('Form responses'!$BF$2:$BF76,'Form responses'!$C$2:$C76,">="&$N$1,'Form responses'!$C$2:$C76,"<="&$Q$1,'Form responses'!$D$2:$D76,$A63) + sumifs('Form responses'!$BG$2:$BG76,'Form responses'!$C$2:$C76,">="&$N$1,'Form responses'!$C$2:$C76,"<="&$Q$1,'Form responses'!$D$2:$D76,$A63) )*Sum!$S$35 -> 0 | M63: =sumifs('Form responses'!$BL$2:$BL76,'Form responses'!$C$2:$C76,">="&$N$1,'Form responses'!$C$2:$C76,"<="&$Q$1,'Form responses'!$D$2:$D76,$A63) *Sum!$T$35 -> 0 | N63: =SUM(J63:M63) -> 0 | O63: =((sumifs('Form responses'!$BN$2:$BN76,'Form responses'!$C$2:$C76,">="&$N$1,'Form responses'!$C$2:$C76,"<="&$Q$1,'Form responses'!$D$2:$D76,$A63)+ sumifs('Form responses'!$BO$2:$BO76,'Form responses'!$C$2:$C76,">="&$N$1,'Form responses'!$C$2:$C76,"<="&$Q$1,'Form responses'!$D$2:$D76,$A63))*Sum!$U$35) -> 0 | P63: =N63+O63 -> 0 | Q63: =I63+P63 -> 0
A64: =VLOOKUP($J$1,Credentials!$C$3:$P$71,11,FALSE) -> #N/A | B64: =((sumifs('Form responses'!$G$2:$G76,'Form responses'!$C$2:$C76,">="&$N$1,'Form responses'!$C$2:$C76,"<="&$Q$1,'Form responses'!$D$2:$D76,$A64) +sumifs('Form responses'!$H$2:$H76,'Form responses'!$C$2:$C76,">="&$N$1,'Form responses'!$C$2:$C76,"<="&$Q$1,'Form responses'!$D$2:$D76,$A64) +sumifs('Form responses'!$I$2:$I76,'Form responses'!$C$2:$C76,">="&$N$1,'Form responses'!$C$2:$C76,"<="&$Q$1,'Form responses'!$D$2:$D76,$A64) )*Sum!$B$35) -> 0 | C64: =((sumifs('Form responses'!$J$2:$J76,'Form responses'!$C$2:$C76,">="&$N$1,'Form responses'!$C$2:$C76,"<="&$Q$1,'Form responses'!$D$2:$D76,$A64))*Sum!$C$35) -> 0 | D64: =(( sumifs('Form responses'!$S$2:$S76,'Form responses'!$C$2:$C76,">="&$N$1,'Form responses'!$C$2:$C76,"<="&$Q$1,'Form responses'!$D$2:$D76,$A64) + sumifs('Form responses'!$T$2:$T76,'Form responses'!$C$2:$C76,">="&$N$1,'Form responses'!$C$2:$C76,"<="&$Q$1,'Form responses'!$D$2:$D76,$A64) )*Sum!$E$35 ) -> 0 | E64: =sumifs('Form responses'!$U$2:$U76,'Form responses'!$C$2:$C76,">="&$N$1,'Form responses'!$C$2:$C76,"<="&$Q$1,'Form responses'!$D$2:$D76,$A64) *Sum!$D$35 -> 0 | F64: 0 | G64: =(( sumifs('Form responses'!$V$2:$V76,'Form responses'!$C$2:$C76,">="&$N$1,'Form responses'!$C$2:$C76,"<="&$Q$1,'Form responses'!$D$2:$D76,$A64) )* Sum!$F$35 )+(( sumifs('Form responses'!$W$2:$W76,'Form responses'!$C$2:$C76,">="&$N$1,'Form responses'!$C$2:$C76,"<="&$Q$1,'Form responses'!$D$2:$D76,$A64) )* Sum!$G$35 ) -> 0 | H64: =(( sumifs('Form responses'!$X$2:$X76,'Form responses'!$C$2:$C76,">="&$N$1,'Form responses'!$C$2:$C76,"<="&$Q$1,'Form responses'!$D$2:$D76,$A64) )*Sum!$H$35)+(( sumifs('Form responses'!$Y$2:$Y76,'Form responses'!$C$2:$C76,">="&$N$1,'Form responses'!$C$2:$C76,"<="&$Q$1,'Form responses'!$D$2:$D76,$A64) )*Sum!$I$35)+(( sumifs('Form responses'!$Z$2:$Z76,'Form responses'!$C$2:$C76,">="&$N$1,'Form responses'!$C$2:$C76,"<="&$Q$1,'Form responses'!$D$2:$D76,$A64) )*Sum!$Z$35) -> 0 | I64: =SUM(B64:H64) -> 0 | J64: =( sumifs('Form responses'!$AV$2:$AV76,'Form responses'!$C$2:$C76,">="&$N$1,'Form responses'!$C$2:$C76,"<="&$Q$1,'Form responses'!$D$2:$D76,$A64) + sumifs('Form responses'!$AW$2:$AW76,'Form responses'!$C$2:$C76,">="&$N$1,'Form responses'!$C$2:$C76,"<="&$Q$1,'Form responses'!$D$2:$D76,$A64) + sumifs('Form responses'!$AX$2:$AX76,'Form responses'!$C$2:$C76,">="&$N$1,'Form responses'!$C$2:$C76,"<="&$Q$1,'Form responses'!$D$2:$D76,$A64) + sumifs('Form responses'!$AY$2:$AY76,'Form responses'!$C$2:$C76,">="&$N$1,'Form responses'!$C$2:$C76,"<="&$Q$1,'Form responses'!$D$2:$D76,$A64) )*Sum!$Q$35 -> 0 | K64: =( sumifs('Form responses'!$BD$2:$BD76,'Form responses'!$C$2:$C76,">="&N$1,'Form responses'!$C$2:$C76,"<="&$Q$1,'Form responses'!$D$2:$D76,$A64) + sumifs('Form responses'!$BE$2:$BE76,'Form responses'!$C$2:$C76,">="&N$1,'Form responses'!$C$2:$C76,"<="&$Q$1,'Form responses'!$D$2:$D76,$A64) )*Sum!$R$35 -> 0 | L64: =( sumifs('Form responses'!$BF$2:$BF76,'Form responses'!$C$2:$C76,">="&$N$1,'Form responses'!$C$2:$C76,"<="&$Q$1,'Form responses'!$D$2:$D76,$A64) + sumifs('Form responses'!$BG$2:$BG76,'Form responses'!$C$2:$C76,">="&$N$1,'Form responses'!$C$2:$C76,"<="&$Q$1,'Form responses'!$D$2:$D76,$A64) )*Sum!$S$35 -> 0 | M64: =sumifs('Form responses'!$BL$2:$BL76,'Form responses'!$C$2:$C76,">="&$N$1,'Form responses'!$C$2:$C76,"<="&$Q$1,'Form responses'!$D$2:$D76,$A64) *Sum!$T$35 -> 0 | N64: =SUM(J64:M64) -> 0 | O64: =((sumifs('Form responses'!$BN$2:$BN76,'Form responses'!$C$2:$C76,">="&$N$1,'Form responses'!$C$2:$C76,"<="&$Q$1,'Form responses'!$D$2:$D76,$A64)+ sumifs('Form responses'!$BO$2:$BO76,'Form responses'!$C$2:$C76,">="&$N$1,'Form responses'!$C$2:$C76,"<="&$Q$1,'Form responses'!$D$2:$D76,$A64))*Sum!$U$35) -> 0 | P64: =N64+O64 -> 0 | Q64: =I64+P64 -> 0
A65: =VLOOKUP($J$1,Credentials!$C$3:$P$71,12,FALSE) -> #N/A | B65: =((sumifs('Form responses'!$G$2:$G76,'Form responses'!$C$2:$C76,">="&$N$1,'Form responses'!$C$2:$C76,"<="&$Q$1,'Form responses'!$D$2:$D76,$A65) +sumifs('Form responses'!$H$2:$H76,'Form responses'!$C$2:$C76,">="&$N$1,'Form responses'!$C$2:$C76,"<="&$Q$1,'Form responses'!$D$2:$D76,$A65) +sumifs('Form responses'!$I$2:$I76,'Form responses'!$C$2:$C76,">="&$N$1,'Form responses'!$C$2:$C76,"<="&$Q$1,'Form responses'!$D$2:$D76,$A65) )*Sum!$B$35) -> 0 | C65: =((sumifs('Form responses'!$J$2:$J76,'Form responses'!$C$2:$C76,">="&$N$1,'Form responses'!$C$2:$C76,"<="&$Q$1,'Form responses'!$D$2:$D76,$A65))*Sum!$C$35) -> 0 | D65: =(( sumifs('Form responses'!$S$2:$S76,'Form responses'!$C$2:$C76,">="&$N$1,'Form responses'!$C$2:$C76,"<="&$Q$1,'Form responses'!$D$2:$D76,$A65) + sumifs('Form responses'!$T$2:$T76,'Form responses'!$C$2:$C76,">="&$N$1,'Form responses'!$C$2:$C76,"<="&$Q$1,'Form responses'!$D$2:$D76,$A65) )*Sum!$E$35 ) -> 0 | E65: =sumifs('Form responses'!$U$2:$U76,'Form responses'!$C$2:$C76,">="&$N$1,'Form responses'!$C$2:$C76,"<="&$Q$1,'Form responses'!$D$2:$D76,$A65) *Sum!$D$35 -> 0 | F65: 0 | G65: =(( sumifs('Form responses'!$V$2:$V76,'Form responses'!$C$2:$C76,">="&$N$1,'Form responses'!$C$2:$C76,"<="&$Q$1,'Form responses'!$D$2:$D76,$A65) )* Sum!$F$35 )+(( sumifs('Form responses'!$W$2:$W76,'Form responses'!$C$2:$C76,">="&$N$1,'Form responses'!$C$2:$C76,"<="&$Q$1,'Form responses'!$D$2:$D76,$A65) )* Sum!$G$35 ) -> 0 | H65: =(( sumifs('Form responses'!$X$2:$X76,'Form responses'!$C$2:$C76,">="&$N$1,'Form responses'!$C$2:$C76,"<="&$Q$1,'Form responses'!$D$2:$D76,$A65) )*Sum!$H$35)+(( sumifs('Form responses'!$Y$2:$Y76,'Form responses'!$C$2:$C76,">="&$N$1,'Form responses'!$C$2:$C76,"<="&$Q$1,'Form responses'!$D$2:$D76,$A65) )*Sum!$I$35)+(( sumifs('Form responses'!$Z$2:$Z76,'Form responses'!$C$2:$C76,">="&$N$1,'Form responses'!$C$2:$C76,"<="&$Q$1,'Form responses'!$D$2:$D76,$A65) )*Sum!$Z$35) -> 0 | I65: =SUM(B65:H65) -> 0 | J65: =( sumifs('Form responses'!$AV$2:$AV76,'Form responses'!$C$2:$C76,">="&$N$1,'Form responses'!$C$2:$C76,"<="&$Q$1,'Form responses'!$D$2:$D76,$A65) + sumifs('Form responses'!$AW$2:$AW76,'Form responses'!$C$2:$C76,">="&$N$1,'Form responses'!$C$2:$C76,"<="&$Q$1,'Form responses'!$D$2:$D76,$A65) + sumifs('Form responses'!$AX$2:$AX76,'Form responses'!$C$2:$C76,">="&$N$1,'Form responses'!$C$2:$C76,"<="&$Q$1,'Form responses'!$D$2:$D76,$A65) + sumifs('Form responses'!$AY$2:$AY76,'Form responses'!$C$2:$C76,">="&$N$1,'Form responses'!$C$2:$C76,"<="&$Q$1,'Form responses'!$D$2:$D76,$A65) )*Sum!$Q$35 -> 0 | K65: =( sumifs('Form responses'!$BD$2:$BD76,'Form responses'!$C$2:$C76,">="&N$1,'Form responses'!$C$2:$C76,"<="&$Q$1,'Form responses'!$D$2:$D76,$A65) + sumifs('Form responses'!$BE$2:$BE76,'Form responses'!$C$2:$C76,">="&N$1,'Form responses'!$C$2:$C76,"<="&$Q$1,'Form responses'!$D$2:$D76,$A65) )*Sum!$R$35 -> 0 | L65: =( sumifs('Form responses'!$BF$2:$BF76,'Form responses'!$C$2:$C76,">="&$N$1,'Form responses'!$C$2:$C76,"<="&$Q$1,'Form responses'!$D$2:$D76,$A65) + sumifs('Form responses'!$BG$2:$BG76,'Form responses'!$C$2:$C76,">="&$N$1,'Form responses'!$C$2:$C76,"<="&$Q$1,'Form responses'!$D$2:$D76,$A65) )*Sum!$S$35 -> 0 | M65: =sumifs('Form responses'!$BL$2:$BL76,'Form responses'!$C$2:$C76,">="&$N$1,'Form responses'!$C$2:$C76,"<="&$Q$1,'Form responses'!$D$2:$D76,$A65) *Sum!$T$35 -> 0 | N65: =SUM(J65:M65) -> 0 | O65: =((sumifs('Form responses'!$BN$2:$BN76,'Form responses'!$C$2:$C76,">="&$N$1,'Form responses'!$C$2:$C76,"<="&$Q$1,'Form responses'!$D$2:$D76,$A65)+ sumifs('Form responses'!$BO$2:$BO76,'Form responses'!$C$2:$C76,">="&$N$1,'Form responses'!$C$2:$C76,"<="&$Q$1,'Form responses'!$D$2:$D76,$A65))*Sum!$U$35) -> 0 | P65: =N65+O65 -> 0 | Q65: =I65+P65 -> 0
A66: =VLOOKUP($J$1,Credentials!$C$3:$P$71,13,FALSE) -> #N/A | B66: =((sumifs('Form responses'!$G$2:$G76,'Form responses'!$C$2:$C76,">="&$N$1,'Form responses'!$C$2:$C76,"<="&$Q$1,'Form responses'!$D$2:$D76,$A66) +sumifs('Form responses'!$H$2:$H76,'Form responses'!$C$2:$C76,">="&$N$1,'Form responses'!$C$2:$C76,"<="&$Q$1,'Form responses'!$D$2:$D76,$A66) +sumifs('Form responses'!$I$2:$I76,'Form responses'!$C$2:$C76,">="&$N$1,'Form responses'!$C$2:$C76,"<="&$Q$1,'Form responses'!$D$2:$D76,$A66) )*Sum!$B$35) -> 0 | C66: =((sumifs('Form responses'!$J$2:$J76,'Form responses'!$C$2:$C76,">="&$N$1,'Form responses'!$C$2:$C76,"<="&$Q$1,'Form responses'!$D$2:$D76,$A66))*Sum!$C$35) -> 0 | D66: =(( sumifs('Form responses'!$S$2:$S76,'Form responses'!$C$2:$C76,">="&$N$1,'Form responses'!$C$2:$C76,"<="&$Q$1,'Form responses'!$D$2:$D76,$A66) + sumifs('Form responses'!$T$2:$T76,'Form responses'!$C$2:$C76,">="&$N$1,'Form responses'!$C$2:$C76,"<="&$Q$1,'Form responses'!$D$2:$D76,$A66) )*Sum!$E$35 ) -> 0 | E66: =sumifs('Form responses'!$U$2:$U76,'Form responses'!$C$2:$C76,">="&$N$1,'Form responses'!$C$2:$C76,"<="&$Q$1,'Form responses'!$D$2:$D76,$A66) *Sum!$D$35 -> 0 | F66: 0 | G66: =(( sumifs('Form responses'!$V$2:$V76,'Form responses'!$C$2:$C76,">="&$N$1,'Form responses'!$C$2:$C76,"<="&$Q$1,'Form responses'!$D$2:$D76,$A66) )* Sum!$F$35 )+(( sumifs('Form responses'!$W$2:$W76,'Form responses'!$C$2:$C76,">="&$N$1,'Form responses'!$C$2:$C76,"<="&$Q$1,'Form responses'!$D$2:$D76,$A66) )* Sum!$G$35 ) -> 0 | H66: =(( sumifs('Form responses'!$X$2:$X76,'Form responses'!$C$2:$C76,">="&$N$1,'Form responses'!$C$2:$C76,"<="&$Q$1,'Form responses'!$D$2:$D76,$A66) )*Sum!$H$35)+(( sumifs('Form responses'!$Y$2:$Y76,'Form responses'!$C$2:$C76,">="&$N$1,'Form responses'!$C$2:$C76,"<="&$Q$1,'Form responses'!$D$2:$D76,$A66) )*Sum!$I$35)+(( sumifs('Form responses'!$Z$2:$Z76,'Form responses'!$C$2:$C76,">="&$N$1,'Form responses'!$C$2:$C76,"<="&$Q$1,'Form responses'!$D$2:$D76,$A66) )*Sum!$Z$35) -> 0 | I66: =SUM(B66:H66) -> 0 | J66: =( sumifs('Form responses'!$AV$2:$AV76,'Form responses'!$C$2:$C76,">="&$N$1,'Form responses'!$C$2:$C76,"<="&$Q$1,'Form responses'!$D$2:$D76,$A66) + sumifs('Form responses'!$AW$2:$AW76,'Form responses'!$C$2:$C76,">="&$N$1,'Form responses'!$C$2:$C76,"<="&$Q$1,'Form responses'!$D$2:$D76,$A66) + sumifs('Form responses'!$AX$2:$AX76,'Form responses'!$C$2:$C76,">="&$N$1,'Form responses'!$C$2:$C76,"<="&$Q$1,'Form responses'!$D$2:$D76,$A66) + sumifs('Form responses'!$AY$2:$AY76,'Form responses'!$C$2:$C76,">="&$N$1,'Form responses'!$C$2:$C76,"<="&$Q$1,'Form responses'!$D$2:$D76,$A66) )*Sum!$Q$35 -> 0 | K66: =( sumifs('Form responses'!$BD$2:$BD76,'Form responses'!$C$2:$C76,">="&N$1,'Form responses'!$C$2:$C76,"<="&$Q$1,'Form responses'!$D$2:$D76,$A66) + sumifs('Form responses'!$BE$2:$BE76,'Form responses'!$C$2:$C76,">="&N$1,'Form responses'!$C$2:$C76,"<="&$Q$1,'Form responses'!$D$2:$D76,$A66) )*Sum!$R$35 -> 0 | L66: =( sumifs('Form responses'!$BF$2:$BF76,'Form responses'!$C$2:$C76,">="&$N$1,'Form responses'!$C$2:$C76,"<="&$Q$1,'Form responses'!$D$2:$D76,$A66) + sumifs('Form responses'!$BG$2:$BG76,'Form responses'!$C$2:$C76,">="&$N$1,'Form responses'!$C$2:$C76,"<="&$Q$1,'Form responses'!$D$2:$D76,$A66) )*Sum!$S$35 -> 0 | M66: =sumifs('Form responses'!$BL$2:$BL76,'Form responses'!$C$2:$C76,">="&$N$1,'Form responses'!$C$2:$C76,"<="&$Q$1,'Form responses'!$D$2:$D76,$A66) *Sum!$T$35 -> 0 | N66: =SUM(J66:M66) -> 0 | O66: =((sumifs('Form responses'!$BN$2:$BN76,'Form responses'!$C$2:$C76,">="&$N$1,'Form responses'!$C$2:$C76,"<="&$Q$1,'Form responses'!$D$2:$D76,$A66)+ sumifs('Form responses'!$BO$2:$BO76,'Form responses'!$C$2:$C76,">="&$N$1,'Form responses'!$C$2:$C76,"<="&$Q$1,'Form responses'!$D$2:$D76,$A66))*Sum!$U$35) -> 0 | P66: =N66+O66 -> 0 | Q66: =I66+P66 -> 0
A67: =VLOOKUP($J$1,Credentials!$C$3:$P$71,14,FALSE) -> #N/A | B67: =((sumifs('Form responses'!$G$2:$G76,'Form responses'!$C$2:$C76,">="&$N$1,'Form responses'!$C$2:$C76,"<="&$Q$1,'Form responses'!$D$2:$D76,$A67) +sumifs('Form responses'!$H$2:$H76,'Form responses'!$C$2:$C76,">="&$N$1,'Form responses'!$C$2:$C76,"<="&$Q$1,'Form responses'!$D$2:$D76,$A67) +sumifs('Form responses'!$I$2:$I76,'Form responses'!$C$2:$C76,">="&$N$1,'Form responses'!$C$2:$C76,"<="&$Q$1,'Form responses'!$D$2:$D76,$A67) )*Sum!$B$35) -> 0 | C67: =((sumifs('Form responses'!$J$2:$J76,'Form responses'!$C$2:$C76,">="&$N$1,'Form responses'!$C$2:$C76,"<="&$Q$1,'Form responses'!$D$2:$D76,$A67))*Sum!$C$35) -> 0 | D67: =(( sumifs('Form responses'!$S$2:$S76,'Form responses'!$C$2:$C76,">="&$N$1,'Form responses'!$C$2:$C76,"<="&$Q$1,'Form responses'!$D$2:$D76,$A67) + sumifs('Form responses'!$T$2:$T76,'Form responses'!$C$2:$C76,">="&$N$1,'Form responses'!$C$2:$C76,"<="&$Q$1,'Form responses'!$D$2:$D76,$A67) )*Sum!$E$35 ) -> 0 | E67: =sumifs('Form responses'!$U$2:$U76,'Form responses'!$C$2:$C76,">="&$N$1,'Form responses'!$C$2:$C76,"<="&$Q$1,'Form responses'!$D$2:$D76,$A67) *Sum!$D$35 -> 0 | F67: 0 | G67: =(( sumifs('Form responses'!$V$2:$V76,'Form responses'!$C$2:$C76,">="&$N$1,'Form responses'!$C$2:$C76,"<="&$Q$1,'Form responses'!$D$2:$D76,$A67) )* Sum!$F$35 )+(( sumifs('Form responses'!$W$2:$W76,'Form responses'!$C$2:$C76,">="&$N$1,'Form responses'!$C$2:$C76,"<="&$Q$1,'Form responses'!$D$2:$D76,$A67) )* Sum!$G$35 ) -> 0 | H67: =(( sumifs('Form responses'!$X$2:$X76,'Form responses'!$C$2:$C76,">="&$N$1,'Form responses'!$C$2:$C76,"<="&$Q$1,'Form responses'!$D$2:$D76,$A67) )*Sum!$H$35)+(( sumifs('Form responses'!$Y$2:$Y76,'Form responses'!$C$2:$C76,">="&$N$1,'Form responses'!$C$2:$C76,"<="&$Q$1,'Form responses'!$D$2:$D76,$A67) )*Sum!$I$35)+(( sumifs('Form responses'!$Z$2:$Z76,'Form responses'!$C$2:$C76,">="&$N$1,'Form responses'!$C$2:$C76,"<="&$Q$1,'Form responses'!$D$2:$D76,$A67) )*Sum!$Z$35) -> 0 | I67: =SUM(B67:H67) -> 0 | J67: =( sumifs('Form responses'!$AV$2:$AV76,'Form responses'!$C$2:$C76,">="&$N$1,'Form responses'!$C$2:$C76,"<="&$Q$1,'Form responses'!$D$2:$D76,$A67) + sumifs('Form responses'!$AW$2:$AW76,'Form responses'!$C$2:$C76,">="&$N$1,'Form responses'!$C$2:$C76,"<="&$Q$1,'Form responses'!$D$2:$D76,$A67) + sumifs('Form responses'!$AX$2:$AX76,'Form responses'!$C$2:$C76,">="&$N$1,'Form responses'!$C$2:$C76,"<="&$Q$1,'Form responses'!$D$2:$D76,$A67) + sumifs('Form responses'!$AY$2:$AY76,'Form responses'!$C$2:$C76,">="&$N$1,'Form responses'!$C$2:$C76,"<="&$Q$1,'Form responses'!$D$2:$D76,$A67) )*Sum!$Q$35 -> 0 | K67: =( sumifs('Form responses'!$BD$2:$BD76,'Form responses'!$C$2:$C76,">="&N$1,'Form responses'!$C$2:$C76,"<="&$Q$1,'Form responses'!$D$2:$D76,$A67) + sumifs('Form responses'!$BE$2:$BE76,'Form responses'!$C$2:$C76,">="&N$1,'Form responses'!$C$2:$C76,"<="&$Q$1,'Form responses'!$D$2:$D76,$A67) )*Sum!$R$35 -> 0 | L67: =( sumifs('Form responses'!$BF$2:$BF76,'Form responses'!$C$2:$C76,">="&$N$1,'Form responses'!$C$2:$C76,"<="&$Q$1,'Form responses'!$D$2:$D76,$A67) + sumifs('Form responses'!$BG$2:$BG76,'Form responses'!$C$2:$C76,">="&$N$1,'Form responses'!$C$2:$C76,"<="&$Q$1,'Form responses'!$D$2:$D76,$A67) )*Sum!$S$35 -> 0 | M67: =sumifs('Form responses'!$BL$2:$BL76,'Form responses'!$C$2:$C76,">="&$N$1,'Form responses'!$C$2:$C76,"<="&$Q$1,'Form responses'!$D$2:$D76,$A67) *Sum!$T$35 -> 0 | N67: =SUM(J67:M67) -> 0 | O67: =((sumifs('Form responses'!$BN$2:$BN76,'Form responses'!$C$2:$C76,">="&$N$1,'Form responses'!$C$2:$C76,"<="&$Q$1,'Form responses'!$D$2:$D76,$A67)+ sumifs('Form responses'!$BO$2:$BO76,'Form responses'!$C$2:$C76,">="&$N$1,'Form responses'!$C$2:$C76,"<="&$Q$1,'Form responses'!$D$2:$D76,$A67))*Sum!$U$35) -> 0 | P67: =N67+O67 -> 0 | Q67: =I67+P67 -> 0
A68: Grand Total | B68: =SUM(B60:B67) -> 0 | C68: =SUM(C60:C67) -> 0 | D68: =SUM(D60:D67) -> 0 | E68: =SUM(E60:E67) -> 0 | F68: =SUM(F60:F67) -> 0 | G68: =SUM(G60:G67) -> 0 | H68: =SUM(H60:H67) -> 0 | I68: =SUM(I60:I67) -> 0 | ... Q68: =SUM(Q60:Q67) -> 0
B70: I have verified all data in this report and sending this signed hardcopy to | I70: =VLOOKUP(J1,Credentials!$C$2:$I$66,2,FALSE) -> authority | M70: for information and further proceeding
B71: Slip Number | C71: =((sumifs('Form responses'!$EU$2:$EU76,'Form responses'!$C$2:$C76,">="&$N$1,'Form responses'!$C$2:$C76,"<="&$Q$1,'Form responses'!$D$2:$D76,$J$1))) -> 0 | T71: =VLOOKUP(J1,Credentials!$C$2:$I$58,3,FALSE) -> Name
B72: Dated - | C72: =SUMIFS('Form responses'!A2:A76,'Form responses'!B2:B76,"="&N1,'Form responses'!$D$2:$D76,"="&J1) -> 44962.664 | T72: =VLOOKUP(J1,Credentials!$C$2:$I$58,4,FALSE) -> Designation
B73: Dispach - | T73: =J1 & "," -> Institute,
T74: Tehsil - bathinda
T75: Distt | U75: Bathinda

Sheet Form responses
A1: Timestamp | B1: Start Date of reporting Month | C1: End Date of reporting Month | D1: Institute Name | E1: User ID | F1: User Role | G1: NEW CASES EQUINE | H1: NEW CASES BOVINE | I1: NEW CASES OTHERS | J1: NEW CASES DOGS | K1: OLD CASES EQUINE | L1: OLD CASES BOVINE | M1: OLD CASES OTHERS | N1: OLD CASES DOGS | O1: TREATED IN CAMP EQUINE | P1: TREATED IN CAMP BOVINE | Q1: TREATED IN CAMP OTHERS | R1: TREATED IN CAMP DOGS | S1: BOVINE CASTRATIONS | T1: OTHERS CASTRATIONS | U1: Number of Pregnancy Diagnosis (OTHER THEN FALLOWUP) | V1: A.H. Certificate Small Animals | W1: A.H. Certificate Large Animals | X1: Post Mortem Small Animals | Y1: Post Mortem Large Animals | Z1: Post Mortem Vetro Legal | AA1: H.S. Vaccine Doses Received | AB1: H.S. Vaccine Doses Used | AC1: H.S. Vaccine Animal Vaccinated | AD1: FMD. Vaccine Doses Received | AE1: FMD. Vaccine Doses Used | AF1: FMD. Vaccine Animal Vaccinated | AG1: Black Quarter Doses Received | AH1: Black Quarter Doses Used | AI1: Black Quarter Animal Vaccinated | AJ1: Brucellosis Vaccine Doses Received | AK1: Brucellosis Vaccine Doses Used | AL1: Brucellosis Vaccine Animal Vaccinated | AM1: Entero Toximia Vaccine Doses Received | AN1: Entero Toximia Vaccine Doses Used | AO1: Entero Toximia Vaccine Animals Vaccinated | AP1: Theilaria Vaccine Doses Received | AQ1: Theilaria Vaccine Doses Used | AR1: Theilaria Vaccine Animal Vaccinated | AS1: Rabies Vaccine Doses Received | AT1: Rabies Vaccine Doses Used | AU1: Rabies Vaccine Animal Vaccinated | AV1: AI Done With HF Straws | AW1: AI Done With Jersey Straws | AX1: AI Done With Cross Breed Straws | AY1: AI Done With Sahiwal Straws | AZ1: Cow Cover With HF Straws | BA1: Cow Cover With Jersey Straws | BB1: Cow Cover With Cross Breed Straws | BC1: Cow Cover With Sahiwal Straws | BD1: AI Done With HF ETT Straws | BE1: AI Done With Jersey ETT Straws | BF1: AI Done With Imported HF Straws | BG1: AI Done With Imported Jersey Straws | BH1: Cow Cover With HF ETT Straws | BI1: Cow Cover With Jersey ETT Straws | BJ1: Cow Cover With Imported HF Straws | BK1: Cow Cover With Imported Jersey Straws | BL1: AI Done With Sexed Straws | BM1: Cow Cover With Sexed Straws | BN1: AI Done With Murrah Straws | BO1: AI Done With Nili-Ravi Straws | BP1: Buffalo Cover With Murrah Straws | BQ1: Buffalo Cover With Nili-Ravi Straws | BR1: HF Cow Tested | BS1: HF Cow Tested and Found Postive | BT1: Jersey Cow Tested | BU1: Jersey Cow Tested and Found Postive | BV1: Cross Breed Cow Tested | BW1: Cross Breed Cow Tested and Found Postive | BX1: Sahiwal Cow Tested | BY1: Sahiwal Cow Tested and Found Postive | BZ1: HF ETT Cow Tested | CA1: HF ETT Cow Tested and Found Postive | CB1: Jessey ETT Cow Tested | CC1: Jessey ETT Cow Tested and Found Postive | CD1: Imported HF Cow Tested | CE1: Imported HF Cow Tested and Found Postive | CF1: Imported Jersey Cow Tested | CG1: Imported Jersey Cow Tested and Found Postive | CH1: Sexed Semon Cows Tested | CI1: Sexed Semon Cows Found Postive | CJ1: Murah Tested | CK1: Murah Tested and Found Postive | CL1: Nili Ravi Tested | CM1: Nili Tested and Found Postive | CN1: HF Male Calves | CO1: HF female Calves | CP1: Jersey Male Calves | CQ1: Jersey Cow female Calves | CR1: Cross Breed Male Calves | CS1: Cross Breed Cow female Calves | CT1: Sahiwal Male Calves | CU1: Sahiwal female Calves | CV1: HF ETT Male Calves | CW1: HF ETT female Calves | CX1: Jersey ETT Male Calves | CY1: Jersey ETT female Calves | CZ1: Imported HF Male Calves | DA1: Imported HF female Calves | DB1: Imported Jersey Male Calves | DC1: Imported Jersey Cow female Calves | DD1: Sexed Semon Cow Male Calves | DE1: Sexed Semon Cow Female Calves | DF1: Murrah Male Calves | DG1: Murrah Female Calves | DH1: Nili Ravi Male Calves | DI1: Nili Ravi Female Calves | DJ1: HF Straws Used INAPH during month | DK1: Jesey Straws Used INAPH during month | DL1: Cross Breed Straws Used INAPH during month | DM1: Sahiwal Straws Used INAPH during month | DN1: HF ETT Straws Used INAPH during month | DO1: Jersey ETT Straws Used INAPH during month | DP1: Imported HF Straws Used INAPH during month | DQ1: Imported Jersey Straws Used INAPH during month | DR1: Sexed Straws Used INAPH during month | DS1: Murrah Straws Used INAPH during month | DT1: Nili Ravi Straws Used INAPH during month | DU1: HF Straws Issued to AIW during Month | DV1: Jesey Straws Issued to AIW during Month | DW1: Cross Breed Straws Issued to AIW during Month | DX1: Sahiwal Straws Issued to AIW during Month | DY1: HF ETT Straws Issued to AIW during Month | DZ1: Jersey ETT Straws Issued to AIW during Month | EA1: Imported HF Straws Issued to AIW during Month | EB1: Imported Jersey Straws Issued to AIW during Month | EC1: Sexed Straws Issued to AIW during Month | ED1: Murrah Straws Issued to AIW during Month | EE1: Nili Ravi Straws Issued to AIW during Month | EF1: HF Straws Received During Month | EG1: Jesey Straws Received During Month | EH1: Cross Breed Straws Received During Month | EI1: Sahiwal Straws Received During Month | EJ1: HF ETT Straws Received During Month | EK1: Jersey ETT Straws Received During Month | EL1: Imported HF Straws Received During Month | EM1: Imported Jersey Straws Received During Month | EN1: Sexed Straws Received During Month | EO1: Murrah Straws Received During Month | EP1: Nili Ravi Straws Received During Month | EQ1: Fecal Test | ER1: Blood Test | ES1: Urine Test | ET1: Milk Test | EU1: reciept number
A2: 44962.664 | B2: 44952 | C2: 44982 | D2: Institute | E2: test | F2: 2 | EQ2: 0 | ER2: 0 | ES2: 0 | ET2: 0
A4: 44962.731 | B4: 44952 | C4: 44982 | E4: test
A5: 44962.736 | B5: 44952 | C5: 44982 | E5: test
A6: 44962.738 | B6: 44952 | C6: 44982 | E6: test
A7: 44962.74 | B7: 44952 | C7: 44982 | E7: test
A8: 44962.74 | B8: 44952 | C8: 44982 | E8: test

Sheet fee slip
A1: Fee Deposit Slip
A2: =Reports!J1&" "& "For Month Of "&TEXT(Reports!Q1,"mmmm-yyy") -> Institute For Month Of February-2023
D3: ="Slip Number "&Reports!C71 -> Slip Number 0
A4: OPD Fee Deposited
B5: OPD FEE | C5: ="=" -> = | D5: =(Reports!B5+Reports!C5+Reports!D5)&"X"&Sum!B35&" =" -> 0X10 = | E5: =Reports!B60 -> 0
B6: OPD FEE DOGS | C6: ="=" -> = | D6: =(Reports!E$5)&"X"&Sum!C$35&" =" -> 0X50 = | E6: =Reports!C60 -> 0
B7: CAST FEE | C7: ="=" -> = | E7: =Reports!D60 -> 0
B8: PD FEE | C8: ="=" -> = | E8: =Reports!E60 -> 0
B9: LAB FEE | C9: ="=" -> = | E9: =Reports!F60 -> 0
B10: HC FEE | C10: ="=" -> = | E10: =Reports!G60 -> 0
B11: Post Mortem FEE | C11: ="=" -> = | E11: =Reports!H60 -> 0
B12: TOTAL FEE TOTAL | C12: ="=" -> = | E12: =SUM(E5:E11) -> 0
A13: Artificial Insemination Fee Deposted
B14: AI COWS FEE | C14: ="=" -> = | D14: =sum(Reports!B$16:E$16)&"x"&Sum!Q$35&" =" -> 0x25 = | E14: =Reports!J60 -> 0
B15: AI COW ETT FEE | C15: ="=" -> = | D15: =sum(Reports!J$16:K$16)&"x"&Sum!R$35&" =" -> 0x35 = | E15: =Reports!K60 -> 0
B16: AI COW Imp FEE | C16: ="=" -> = | D16: =sum(Reports!L$16:M$16)&"x"&Sum!S$35&" =" -> 0x50 = | E16: =Reports!L60 -> 0
B17: AI COW Sexed FEE | C17: ="=" -> = | D17: =Reports!R$16&"x"&Sum!T$35&" =" -> 0x50 = | E17: =Reports!M60 -> 0
B18: AI BUFF FEE | C18: ="=" -> = | D18: =sum(Reports!B$36:C$36)&"x"&Sum!U$35&" =" -> 0x25 = | E18: =Reports!O60 -> 0
B19: AI FEE TOTAL | C19: ="=" -> = | E19: =SUM(E14:E18) -> 0
B20: Grand Total Fee | C20: ="=" -> = | D20: =E12+E19 -> 0
A21: Attached Institutes and AI workers fee if any | E21: =sum(Reports!Q61:Q67) -> 0
A22: Total Fee Deposited | E22: =SUM(D20:E21) -> 0
A23: ="It is certified that Incharge "&Reports!J1&" Deposted Sum of Rupees "&D20+E21&" as monthly fee of his institute and all attached institutes" -> It is certified that Incharge Institute Deposted Sum of Rupees 0 as monthly fee of his institute and all attached institutes
D26: =Reports!I70 -> authority

Sheet Fee register
C1: Monthly Fees Receipt Register All Institute Tehsil Talwandi Sabo | L1: From | M1: 44921 | O1: To | P1: 44951
A2: S.No | B2: Name Of Institute | C2: OPD | D2: OPD DOGS | E2: CAST | F2: PD | G2: LAB | H2: HC | I2: Post Mortem | J2: TOTAL | K2: COWS | L2: ETT | M2: Imp | N2: Sexed | O2: TOTAL | P2: BUFF | Q2: TOTAL AI FEE | R2: GRAND TOTAL
A3: 1 | B3: CVH Talwandi Sabo | C3: =((sumifs('Form responses'!$G$2:$G62,'Form responses'!$C$2:$C62,">="&$M$1,'Form responses'!$C$2:$C62,"<="&$P$1,'Form responses'!$D$2:$D62,$B3) +sumifs('Form responses'!$H$2:$H62,'Form responses'!$C$2:$C62,">="&$M$1,'Form responses'!$C$2:$C62,"<="&$P$1,'Form responses'!$D$2:$D62,$B3) +sumifs('Form responses'!$I$2:$I62,'Form responses'!$C$2:$C62,">="&$M$1,'Form responses'!$C$2:$C62,"<="&$P$1,'Form responses'!$D$2:$D62,$B3) )*Sum!$B$35) -> 0 | D3: =((sumifs('Form responses'!$J$2:$J62,'Form responses'!$C$2:$C62,">="&$M$1,'Form responses'!$C$2:$C62,"<="&$P$1,'Form responses'!$D$2:$D62,$B3))*Sum!$C$35) -> 0 | E3: =(( sumifs('Form responses'!$S$2:$S62,'Form responses'!$C$2:$C62,">="&$M$1,'Form responses'!$C$2:$C62,"<="&$P$1,'Form responses'!$D$2:$D62,$B3) + sumifs('Form responses'!$T$2:$T62,'Form responses'!$C$2:$C62,">="&$M$1,'Form responses'!$C$2:$C62,"<="&$P$1,'Form responses'!$D$2:$D62,$B3) )*Sum!$E$35 ) -> 0 | F3: =sumifs('Form responses'!$U$2:$U62,'Form responses'!$C$2:$C62,">="&$M$1,'Form responses'!$C$2:$C62,"<="&$P$1,'Form responses'!$D$2:$D62,$B3) *Sum!$D$35 -> 0 | G3: =sumifs('Form responses'!$EQ$2:$EQ62,'Form responses'!$B$2:$B62,">="&$M$1,'Form responses'!$C$2:$C62,"<="&$P$1,'Form responses'!$D$2:$D62,$B3)*Sum!$V$35+sumifs('Form responses'!$ER$2:$ER62,'Form responses'!$B$2:$B62,">="&$M$1,'Form responses'!$C$2:$C62,"<="&$P$1,'Form responses'!$D$2:$D62,$B3)*Sum!$W$35+sumifs('Form responses'!$ES$2:$ES62,'Form responses'!$B$2:$B62,">="&$M$1,'Form responses'!$C$2:$C62,"<="&$P$1,'Form responses'!$D$2:$D62,$B3)*Sum!$X$35+sumifs('Form responses'!$ET$2:$ET62,'Form responses'!$B$2:$B62,">="&$M$1,'Form responses'!$C$2:$C62,"<="&$P$1,'Form responses'!$D$2:$D62,$B3)*Sum!$Y$35 -> 0 | H3: =(( sumifs('Form responses'!$V$2:$V62,'Form responses'!$C$2:$C62,">="&$M$1,'Form responses'!$C$2:$C62,"<="&$P$1,'Form responses'!$D$2:$D62,$B3) )* Sum!$F$35 )+(( sumifs('Form responses'!$W$2:$W62,'Form responses'!$C$2:$C62,">="&$M$1,'Form responses'!$C$2:$C62,"<="&$P$1,'Form responses'!$D$2:$D62,$B3) )* Sum!$G$35 ) -> 0 | I3: =(( sumifs('Form responses'!$X$2:$X62,'Form responses'!$C$2:$C62,">="&$M$1,'Form responses'!$C$2:$C62,"<="&$P$1,'Form responses'!$D$2:$D62,$B3) )*Sum!$H$35)+(( sumifs('Form responses'!$Y$2:$Y62,'Form responses'!$C$2:$C62,">="&$M$1,'Form responses'!$C$2:$C62,"<="&$P$1,'Form responses'!$D$2:$D62,$B3) )*Sum!$I$35)+(( sumifs('Form responses'!$Z$2:$Z62,'Form responses'!$C$2:$C62,">="&$M$1,'Form responses'!$C$2:$C62,"<="&$P$1,'Form responses'!$D$2:$D62,$B3) )*Sum!$Z$35) -> 0 | J3: =SUM(C3:I3) -> 0 | K3: =( sumifs('Form responses'!$AV$2:$AV62,'Form responses'!$C$2:$C62,">="&$M$1,'Form responses'!$C$2:$C62,"<="&$P$1,'Form responses'!$D$2:$D62,$B3) + sumifs('Form responses'!$AW$2:$AW62,'Form responses'!$C$2:$C62,">="&$M$1,'Form responses'!$C$2:$C62,"<="&$P$1,'Form responses'!$D$2:$D62,$B3) + sumifs('Form responses'!$AX$2:$AX62,'Form responses'!$C$2:$C62,">="&$M$1,'Form responses'!$C$2:$C62,"<="&$P$1,'Form responses'!$D$2:$D62,$B3) + sumifs('Form responses'!$AY$2:$AY62,'Form responses'!$C$2:$C62,">="&$M$1,'Form responses'!$C$2:$C62,"<="&$P$1,'Form responses'!$D$2:$D62,$B3) )*Sum!$Q$35 -> 0 | L3: =( sumifs('Form responses'!$BD$2:$BD62,'Form responses'!$C$2:$C62,">="&$M$1,'Form responses'!$C$2:$C62,"<="&$P$1,'Form responses'!$D$2:$D62,$B3) + sumifs('Form responses'!$BE$2:$BE62,'Form responses'!$C$2:$C62,">="&$M$1,'Form responses'!$C$2:$C62,"<="&$P$1,'Form responses'!$D$2:$D62,$B3) )*Sum!$R$35 -> 0 | M3: =( sumifs('Form responses'!$BF$2:$BF62,'Form responses'!$C$2:$C62,">="&$M$1,'Form responses'!$C$2:$C62,"<="&$P$1,'Form responses'!$D$2:$D62,$B3) + sumifs('Form responses'!$BG$2:$BG62,'Form responses'!$C$2:$C62,">="&$M$1,'Form responses'!$C$2:$C62,"<="&$P$1,'Form responses'!$D$2:$D62,$B3) )*Sum!$S$35 -> 0 | N3: =sumifs('Form responses'!$BL$2:$BL62,'Form responses'!$C$2:$C62,">="&$M$1,'Form responses'!$C$2:$C62,"<="&$P$1,'Form responses'!$D$2:$D62,$B3) *Sum!$T$35 -> 0 | O3: =SUM(K3:N3) -> 0 | P3: =((sumifs('Form responses'!$BN$2:$BN62,'Form responses'!$C$2:$C62,">="&$M$1,'Form responses'!$C$2:$C62,"<="&$P$1,'Form responses'!$D$2:$D62,$B3)+ sumifs('Form responses'!$BO$2:$BO62,'Form responses'!$C$2:$C62,">="&$M$1,'Form responses'!$C$2:$C62,"<="&$P$1,'Form responses'!$D$2:$D62,$B3))*Sum!$U$35) -> 0 | Q3: =O3+P3 -> 0 | R3: =J3+Q3 -> 0
B4: CVD Teona Pujarian | C4: =((sumifs('Form responses'!$G$2:$G62,'Form responses'!$C$2:$C62,">="&$M$1,'Form responses'!$C$2:$C62,"<="&$P$1,'Form responses'!$D$2:$D62,$B4) +sumifs('Form responses'!$H$2:$H62,'Form responses'!$C$2:$C62,">="&$M$1,'Form responses'!$C$2:$C62,"<="&$P$1,'Form responses'!$D$2:$D62,$B4) +sumifs('Form responses'!$I$2:$I62,'Form responses'!$C$2:$C62,">="&$M$1,'Form responses'!$C$2:$C62,"<="&$P$1,'Form responses'!$D$2:$D62,$B4) )*Sum!$B$35) -> 0 | D4: =((sumifs('Form responses'!$J$2:$J62,'Form responses'!$C$2:$C62,">="&$M$1,'Form responses'!$C$2:$C62,"<="&$P$1,'Form responses'!$D$2:$D62,$B4))*Sum!$C$35) -> 0 | E4: =(( sumifs('Form responses'!$S$2:$S62,'Form responses'!$C$2:$C62,">="&$M$1,'Form responses'!$C$2:$C62,"<="&$P$1,'Form responses'!$D$2:$D62,$B4) + sumifs('Form responses'!$T$2:$T62,'Form responses'!$C$2:$C62,">="&$M$1,'Form responses'!$C$2:$C62,"<="&$P$1,'Form responses'!$D$2:$D62,$B4) )*Sum!$E$35 ) -> 0 | F4: =sumifs('Form responses'!$U$2:$U62,'Form responses'!$C$2:$C62,">="&$M$1,'Form responses'!$C$2:$C62,"<="&$P$1,'Form responses'!$D$2:$D62,$B4) *Sum!$D$35 -> 0 | G4: =sumifs('Form responses'!$EQ$2:$EQ62,'Form responses'!$B$2:$B62,">="&$M$1,'Form responses'!$C$2:$C62,"<="&$P$1,'Form responses'!$D$2:$D62,$B4)*Sum!$V$35+sumifs('Form responses'!$ER$2:$ER62,'Form responses'!$B$2:$B62,">="&$M$1,'Form responses'!$C$2:$C62,"<="&$P$1,'Form responses'!$D$2:$D62,$B4)*Sum!$W$35+sumifs('Form responses'!$ES$2:$ES62,'Form responses'!$B$2:$B62,">="&$M$1,'Form responses'!$C$2:$C62,"<="&$P$1,'Form responses'!$D$2:$D62,$B4)*Sum!$X$35+sumifs('Form responses'!$ET$2:$ET62,'Form responses'!$B$2:$B62,">="&$M$1,'Form responses'!$C$2:$C62,"<="&$P$1,'Form responses'!$D$2:$D62,$B4)*Sum!$Y$35 -> 0 | H4: =(( sumifs('Form responses'!$V$2:$V62,'Form responses'!$C$2:$C62,">="&$M$1,'Form responses'!$C$2:$C62,"<="&$P$1,'Form responses'!$D$2:$D62,$B4) )* Sum!$F$35 )+(( sumifs('Form responses'!$W$2:$W62,'Form responses'!$C$2:$C62,">="&$M$1,'Form responses'!$C$2:$C62,"<="&$P$1,'Form responses'!$D$2:$D62,$B4) )* Sum!$G$35 ) -> 0 | I4: =(( sumifs('Form responses'!$X$2:$X62,'Form responses'!$C$2:$C62,">="&$M$1,'Form responses'!$C$2:$C62,"<="&$P$1,'Form responses'!$D$2:$D62,$B4) )*Sum!$H$35)+(( sumifs('Form responses'!$Y$2:$Y62,'Form responses'!$C$2:$C62,">="&$M$1,'Form responses'!$C$2:$C62,"<="&$P$1,'Form responses'!$D$2:$D62,$B4) )*Sum!$I$35)+(( sumifs('Form responses'!$Z$2:$Z62,'Form responses'!$C$2:$C62,">="&$M$1,'Form responses'!$C$2:$C62,"<="&$P$1,'Form responses'!$D$2:$D62,$B4) )*Sum!$Z$35) -> 0 | J4: =SUM(C4:I4) -> 0 | K4: =( sumifs('Form responses'!$AV$2:$AV62,'Form responses'!$C$2:$C62,">="&$M$1,'Form responses'!$C$2:$C62,"<="&$P$1,'Form responses'!$D$2:$D62,$B4) + sumifs('Form responses'!$AW$2:$AW62,'Form responses'!$C$2:$C62,">="&$M$1,'Form responses'!$C$2:$C62,"<="&$P$1,'Form responses'!$D$2:$D62,$B4) + sumifs('Form responses'!$AX$2:$AX62,'Form responses'!$C$2:$C62,">="&$M$1,'Form responses'!$C$2:$C62,"<="&$P$1,'Form responses'!$D$2:$D62,$B4) + sumifs('Form responses'!$AY$2:$AY62,'Form responses'!$C$2:$C62,">="&$M$1,'Form responses'!$C$2:$C62,"<="&$P$1,'Form responses'!$D$2:$D62,$B4) )*Sum!$Q$35 -> 0 | L4: =( sumifs('Form responses'!$BD$2:$BD62,'Form responses'!$C$2:$C62,">="&$M$1,'Form responses'!$C$2:$C62,"<="&$P$1,'Form responses'!$D$2:$D62,$B4) + sumifs('Form responses'!$BE$2:$BE62,'Form responses'!$C$2:$C62,">="&$M$1,'Form responses'!$C$2:$C62,"<="&$P$1,'Form responses'!$D$2:$D62,$B4) )*Sum!$R$35 -> 0 | M4: =( sumifs('Form responses'!$BF$2:$BF62,'Form responses'!$C$2:$C62,">="&$M$1,'Form responses'!$C$2:$C62,"<="&$P$1,'Form responses'!$D$2:$D62,$B4) + sumifs('Form responses'!$BG$2:$BG62,'Form responses'!$C$2:$C62,">="&$M$1,'Form responses'!$C$2:$C62,"<="&$P$1,'Form responses'!$D$2:$D62,$B4) )*Sum!$S$35 -> 0 | N4: =sumifs('Form responses'!$BL$2:$BL62,'Form responses'!$C$2:$C62,">="&$M$1,'Form responses'!$C$2:$C62,"<="&$P$1,'Form responses'!$D$2:$D62,$B4) *Sum!$T$35 -> 0 | O4: =SUM(K4:N4) -> 0 | P4: =((sumifs('Form responses'!$BN$2:$BN62,'Form responses'!$C$2:$C62,">="&$M$1,'Form responses'!$C$2:$C62,"<="&$P$1,'Form responses'!$D$2:$D62,$B4)+ sumifs('Form responses'!$BO$2:$BO62,'Form responses'!$C$2:$C62,">="&$M$1,'Form responses'!$C$2:$C62,"<="&$P$1,'Form responses'!$D$2:$D62,$B4))*Sum!$U$35) -> 0 | Q4: =O4+P4 -> 0 | R4: =J4+Q4 -> 0
B5: PAW Sangat Khurad | C5: =((sumifs('Form responses'!$G$2:$G62,'Form responses'!$C$2:$C62,">="&$M$1,'Form responses'!$C$2:$C62,"<="&$P$1,'Form responses'!$D$2:$D62,$B5) +sumifs('Form responses'!$H$2:$H62,'Form responses'!$C$2:$C62,">="&$M$1,'Form responses'!$C$2:$C62,"<="&$P$1,'Form responses'!$D$2:$D62,$B5) +sumifs('Form responses'!$I$2:$I62,'Form responses'!$C$2:$C62,">="&$M$1,'Form responses'!$C$2:$C62,"<="&$P$1,'Form responses'!$D$2:$D62,$B5) )*Sum!$B$35) -> 0 | D5: =((sumifs('Form responses'!$J$2:$J62,'Form responses'!$C$2:$C62,">="&$M$1,'Form responses'!$C$2:$C62,"<="&$P$1,'Form responses'!$D$2:$D62,$B5))*Sum!$C$35) -> 0 | E5: =(( sumifs('Form responses'!$S$2:$S62,'Form responses'!$C$2:$C62,">="&$M$1,'Form responses'!$C$2:$C62,"<="&$P$1,'Form responses'!$D$2:$D62,$B5) + sumifs('Form responses'!$T$2:$T62,'Form responses'!$C$2:$C62,">="&$M$1,'Form responses'!$C$2:$C62,"<="&$P$1,'Form responses'!$D$2:$D62,$B5) )*Sum!$E$35 ) -> 0 | F5: =sumifs('Form responses'!$U$2:$U62,'Form responses'!$C$2:$C62,">="&$M$1,'Form responses'!$C$2:$C62,"<="&$P$1,'Form responses'!$D$2:$D62,$B5) *Sum!$D$35 -> 0 | G5: =sumifs('Form responses'!$EQ$2:$EQ62,'Form responses'!$B$2:$B62,">="&$M$1,'Form responses'!$C$2:$C62,"<="&$P$1,'Form responses'!$D$2:$D62,$B5)*Sum!$V$35+sumifs('Form responses'!$ER$2:$ER62,'Form responses'!$B$2:$B62,">="&$M$1,'Form responses'!$C$2:$C62,"<="&$P$1,'Form responses'!$D$2:$D62,$B5)*Sum!$W$35+sumifs('Form responses'!$ES$2:$ES62,'Form responses'!$B$2:$B62,">="&$M$1,'Form responses'!$C$2:$C62,"<="&$P$1,'Form responses'!$D$2:$D62,$B5)*Sum!$X$35+sumifs('Form responses'!$ET$2:$ET62,'Form responses'!$B$2:$B62,">="&$M$1,'Form responses'!$C$2:$C62,"<="&$P$1,'Form responses'!$D$2:$D62,$B5)*Sum!$Y$35 -> 0 | H5: =(( sumifs('Form responses'!$V$2:$V62,'Form responses'!$C$2:$C62,">="&$M$1,'Form responses'!$C$2:$C62,"<="&$P$1,'Form responses'!$D$2:$D62,$B5) )* Sum!$F$35 )+(( sumifs('Form responses'!$W$2:$W62,'Form responses'!$C$2:$C62,">="&$M$1,'Form responses'!$C$2:$C62,"<="&$P$1,'Form responses'!$D$2:$D62,$B5) )* Sum!$G$35 ) -> 0 | I5: =(( sumifs('Form responses'!$X$2:$X62,'Form responses'!$C$2:$C62,">="&$M$1,'Form responses'!$C$2:$C62,"<="&$P$1,'Form responses'!$D$2:$D62,$B5) )*Sum!$H$35)+(( sumifs('Form responses'!$Y$2:$Y62,'Form responses'!$C$2:$C62,">="&$M$1,'Form responses'!$C$2:$C62,"<="&$P$1,'Form responses'!$D$2:$D62,$B5) )*Sum!$I$35)+(( sumifs('Form responses'!$Z$2:$Z62,'Form responses'!$C$2:$C62,">="&$M$1,'Form responses'!$C$2:$C62,"<="&$P$1,'Form responses'!$D$2:$D62,$B5) )*Sum!$Z$35) -> 0 | J5: =SUM(C5:I5) -> 0 | K5: =( sumifs('Form responses'!$AV$2:$AV62,'Form responses'!$C$2:$C62,">="&$M$1,'Form responses'!$C$2:$C62,"<="&$P$1,'Form responses'!$D$2:$D62,$B5) + sumifs('Form responses'!$AW$2:$AW62,'Form responses'!$C$2:$C62,">="&$M$1,'Form responses'!$C$2:$C62,"<="&$P$1,'Form responses'!$D$2:$D62,$B5) + sumifs('Form responses'!$AX$2:$AX62,'Form responses'!$C$2:$C62,">="&$M$1,'Form responses'!$C$2:$C62,"<="&$P$1,'Form responses'!$D$2:$D62,$B5) + sumifs('Form responses'!$AY$2:$AY62,'Form responses'!$C$2:$C62,">="&$M$1,'Form responses'!$C$2:$C62,"<="&$P$1,'Form responses'!$D$2:$D62,$B5) )*Sum!$Q$35 -> 0 | L5: =( sumifs('Form responses'!$BD$2:$BD62,'Form responses'!$C$2:$C62,">="&$M$1,'Form responses'!$C$2:$C62,"<="&$P$1,'Form responses'!$D$2:$D62,$B5) + sumifs('Form responses'!$BE$2:$BE62,'Form responses'!$C$2:$C62,">="&$M$1,'Form responses'!$C$2:$C62,"<="&$P$1,'Form responses'!$D$2:$D62,$B5) )*Sum!$R$35 -> 0 | M5: =( sumifs('Form responses'!$BF$2:$BF62,'Form responses'!$C$2:$C62,">="&$M$1,'Form responses'!$C$2:$C62,"<="&$P$1,'Form responses'!$D$2:$D62,$B5) + sumifs('Form responses'!$BG$2:$BG62,'Form responses'!$C$2:$C62,">="&$M$1,'Form responses'!$C$2:$C62,"<="&$P$1,'Form responses'!$D$2:$D62,$B5) )*Sum!$S$35 -> 0 | N5: =sumifs('Form responses'!$BL$2:$BL62,'Form responses'!$C$2:$C62,">="&$M$1,'Form responses'!$C$2:$C62,"<="&$P$1,'Form responses'!$D$2:$D62,$B5) *Sum!$T$35 -> 0 | O5: =SUM(K5:N5) -> 0 | P5: =((sumifs('Form responses'!$BN$2:$BN62,'Form responses'!$C$2:$C62,">="&$M$1,'Form responses'!$C$2:$C62,"<="&$P$1,'Form responses'!$D$2:$D62,$B5)+ sumifs('Form responses'!$BO$2:$BO62,'Form responses'!$C$2:$C62,">="&$M$1,'Form responses'!$C$2:$C62,"<="&$P$1,'Form responses'!$D$2:$D62,$B5))*Sum!$U$35) -> 0 | Q5: =O5+P5 -> 0 | R5: =J5+Q5 -> 0
B6: CVD Jaga Ram Tirath | C6: =((sumifs('Form responses'!$G$2:$G62,'Form responses'!$C$2:$C62,">="&$M$1,'Form responses'!$C$2:$C62,"<="&$P$1,'Form responses'!$D$2:$D62,$B6) +sumifs('Form responses'!$H$2:$H62,'Form responses'!$C$2:$C62,">="&$M$1,'Form responses'!$C$2:$C62,"<="&$P$1,'Form responses'!$D$2:$D62,$B6) +sumifs('Form responses'!$I$2:$I62,'Form responses'!$C$2:$C62,">="&$M$1,'Form responses'!$C$2:$C62,"<="&$P$1,'Form responses'!$D$2:$D62,$B6) )*Sum!$B$35) -> 0 | D6: =((sumifs('Form responses'!$J$2:$J62,'Form responses'!$C$2:$C62,">="&$M$1,'Form responses'!$C$2:$C62,"<="&$P$1,'Form responses'!$D$2:$D62,$B6))*Sum!$C$35) -> 0 | E6: =(( sumifs('Form responses'!$S$2:$S62,'Form responses'!$C$2:$C62,">="&$M$1,'Form responses'!$C$2:$C62,"<="&$P$1,'Form responses'!$D$2:$D62,$B6) + sumifs('Form responses'!$T$2:$T62,'Form responses'!$C$2:$C62,">="&$M$1,'Form responses'!$C$2:$C62,"<="&$P$1,'Form responses'!$D$2:$D62,$B6) )*Sum!$E$35 ) -> 0 | F6: =sumifs('Form responses'!$U$2:$U62,'Form responses'!$C$2:$C62,">="&$M$1,'Form responses'!$C$2:$C62,"<="&$P$1,'Form responses'!$D$2:$D62,$B6) *Sum!$D$35 -> 0 | G6: =sumifs('Form responses'!$EQ$2:$EQ62,'Form responses'!$B$2:$B62,">="&$M$1,'Form responses'!$C$2:$C62,"<="&$P$1,'Form responses'!$D$2:$D62,$B6)*Sum!$V$35+sumifs('Form responses'!$ER$2:$ER62,'Form responses'!$B$2:$B62,">="&$M$1,'Form responses'!$C$2:$C62,"<="&$P$1,'Form responses'!$D$2:$D62,$B6)*Sum!$W$35+sumifs('Form responses'!$ES$2:$ES62,'Form responses'!$B$2:$B62,">="&$M$1,'Form responses'!$C$2:$C62,"<="&$P$1,'Form responses'!$D$2:$D62,$B6)*Sum!$X$35+sumifs('Form responses'!$ET$2:$ET62,'Form responses'!$B$2:$B62,">="&$M$1,'Form responses'!$C$2:$C62,"<="&$P$1,'Form responses'!$D$2:$D62,$B6)*Sum!$Y$35 -> 0 | H6: =(( sumifs('Form responses'!$V$2:$V62,'Form responses'!$C$2:$C62,">="&$M$1,'Form responses'!$C$2:$C62,"<="&$P$1,'Form responses'!$D$2:$D62,$B6) )* Sum!$F$35 )+(( sumifs('Form responses'!$W$2:$W62,'Form responses'!$C$2:$C62,">="&$M$1,'Form responses'!$C$2:$C62,"<="&$P$1,'Form responses'!$D$2:$D62,$B6) )* Sum!$G$35 ) -> 0 | I6: =(( sumifs('Form responses'!$X$2:$X62,'Form responses'!$C$2:$C62,">="&$M$1,'Form responses'!$C$2:$C62,"<="&$P$1,'Form responses'!$D$2:$D62,$B6) )*Sum!$H$35)+(( sumifs('Form responses'!$Y$2:$Y62,'Form responses'!$C$2:$C62,">="&$M$1,'Form responses'!$C$2:$C62,"<="&$P$1,'Form responses'!$D$2:$D62,$B6) )*Sum!$I$35)+(( sumifs('Form responses'!$Z$2:$Z62,'Form responses'!$C$2:$C62,">="&$M$1,'Form responses'!$C$2:$C62,"<="&$P$1,'Form responses'!$D$2:$D62,$B6) )*Sum!$Z$35) -> 0 | J6: =SUM(C6:I6) -> 0 | K6: =( sumifs('Form responses'!$AV$2:$AV62,'Form responses'!$C$2:$C62,">="&$M$1,'Form responses'!$C$2:$C62,"<="&$P$1,'Form responses'!$D$2:$D62,$B6) + sumifs('Form responses'!$AW$2:$AW62,'Form responses'!$C$2:$C62,">="&$M$1,'Form responses'!$C$2:$C62,"<="&$P$1,'Form responses'!$D$2:$D62,$B6) + sumifs('Form responses'!$AX$2:$AX62,'Form responses'!$C$2:$C62,">="&$M$1,'Form responses'!$C$2:$C62,"<="&$P$1,'Form responses'!$D$2:$D62,$B6) + sumifs('Form responses'!$AY$2:$AY62,'Form responses'!$C$2:$C62,">="&$M$1,'Form responses'!$C$2:$C62,"<="&$P$1,'Form responses'!$D$2:$D62,$B6) )*Sum!$Q$35 -> 0 | L6: =( sumifs('Form responses'!$BD$2:$BD62,'Form responses'!$C$2:$C62,">="&$M$1,'Form responses'!$C$2:$C62,"<="&$P$1,'Form responses'!$D$2:$D62,$B6) + sumifs('Form responses'!$BE$2:$BE62,'Form responses'!$C$2:$C62,">="&$M$1,'Form responses'!$C$2:$C62,"<="&$P$1,'Form responses'!$D$2:$D62,$B6) )*Sum!$R$35 -> 0 | M6: =( sumifs('Form responses'!$BF$2:$BF62,'Form responses'!$C$2:$C62,">="&$M$1,'Form responses'!$C$2:$C62,"<="&$P$1,'Form responses'!$D$2:$D62,$B6) + sumifs('Form responses'!$BG$2:$BG62,'Form responses'!$C$2:$C62,">="&$M$1,'Form responses'!$C$2:$C62,"<="&$P$1,'Form responses'!$D$2:$D62,$B6) )*Sum!$S$35 -> 0 | N6: =sumifs('Form responses'!$BL$2:$BL62,'Form responses'!$C$2:$C62,">="&$M$1,'Form responses'!$C$2:$C62,"<="&$P$1,'Form responses'!$D$2:$D62,$B6) *Sum!$T$35 -> 0 | O6: =SUM(K6:N6) -> 0 | P6: =((sumifs('Form responses'!$BN$2:$BN62,'Form responses'!$C$2:$C62,">="&$M$1,'Form responses'!$C$2:$C62,"<="&$P$1,'Form responses'!$D$2:$D62,$B6)+ sumifs('Form responses'!$BO$2:$BO62,'Form responses'!$C$2:$C62,">="&$M$1,'Form responses'!$C$2:$C62,"<="&$P$1,'Form responses'!$D$2:$D62,$B6))*Sum!$U$35) -> 0 | Q6: =O6+P6 -> 0 | R6: =J6+Q6 -> 0
B7: CVD Nangla | C7: =((sumifs('Form responses'!$G$2:$G62,'Form responses'!$C$2:$C62,">="&$M$1,'Form responses'!$C$2:$C62,"<="&$P$1,'Form responses'!$D$2:$D62,$B7) +sumifs('Form responses'!$H$2:$H62,'Form responses'!$C$2:$C62,">="&$M$1,'Form responses'!$C$2:$C62,"<="&$P$1,'Form responses'!$D$2:$D62,$B7) +sumifs('Form responses'!$I$2:$I62,'Form responses'!$C$2:$C62,">="&$M$1,'Form responses'!$C$2:$C62,"<="&$P$1,'Form responses'!$D$2:$D62,$B7) )*Sum!$B$35) -> 0 | D7: =((sumifs('Form responses'!$J$2:$J62,'Form responses'!$C$2:$C62,">="&$M$1,'Form responses'!$C$2:$C62,"<="&$P$1,'Form responses'!$D$2:$D62,$B7))*Sum!$C$35) -> 0 | E7: =(( sumifs('Form responses'!$S$2:$S62,'Form responses'!$C$2:$C62,">="&$M$1,'Form responses'!$C$2:$C62,"<="&$P$1,'Form responses'!$D$2:$D62,$B7) + sumifs('Form responses'!$T$2:$T62,'Form responses'!$C$2:$C62,">="&$M$1,'Form responses'!$C$2:$C62,"<="&$P$1,'Form responses'!$D$2:$D62,$B7) )*Sum!$E$35 ) -> 0 | F7: =sumifs('Form responses'!$U$2:$U62,'Form responses'!$C$2:$C62,">="&$M$1,'Form responses'!$C$2:$C62,"<="&$P$1,'Form responses'!$D$2:$D62,$B7) *Sum!$D$35 -> 0 | G7: =sumifs('Form responses'!$EQ$2:$EQ62,'Form responses'!$B$2:$B62,">="&$M$1,'Form responses'!$C$2:$C62,"<="&$P$1,'Form responses'!$D$2:$D62,$B7)*Sum!$V$35+sumifs('Form responses'!$ER$2:$ER62,'Form responses'!$B$2:$B62,">="&$M$1,'Form responses'!$C$2:$C62,"<="&$P$1,'Form responses'!$D$2:$D62,$B7)*Sum!$W$35+sumifs('Form responses'!$ES$2:$ES62,'Form responses'!$B$2:$B62,">="&$M$1,'Form responses'!$C$2:$C62,"<="&$P$1,'Form responses'!$D$2:$D62,$B7)*Sum!$X$35+sumifs('Form responses'!$ET$2:$ET62,'Form responses'!$B$2:$B62,">="&$M$1,'Form responses'!$C$2:$C62,"<="&$P$1,'Form responses'!$D$2:$D62,$B7)*Sum!$Y$35 -> 0 | H7: =(( sumifs('Form responses'!$V$2:$V62,'Form responses'!$C$2:$C62,">="&$M$1,'Form responses'!$C$2:$C62,"<="&$P$1,'Form responses'!$D$2:$D62,$B7) )* Sum!$F$35 )+(( sumifs('Form responses'!$W$2:$W62,'Form responses'!$C$2:$C62,">="&$M$1,'Form responses'!$C$2:$C62,"<="&$P$1,'Form responses'!$D$2:$D62,$B7) )* Sum!$G$35 ) -> 0 | I7: =(( sumifs('Form responses'!$X$2:$X62,'Form responses'!$C$2:$C62,">="&$M$1,'Form responses'!$C$2:$C62,"<="&$P$1,'Form responses'!$D$2:$D62,$B7) )*Sum!$H$35)+(( sumifs('Form responses'!$Y$2:$Y62,'Form responses'!$C$2:$C62,">="&$M$1,'Form responses'!$C$2:$C62,"<="&$P$1,'Form responses'!$D$2:$D62,$B7) )*Sum!$I$35)+(( sumifs('Form responses'!$Z$2:$Z62,'Form responses'!$C$2:$C62,">="&$M$1,'Form responses'!$C$2:$C62,"<="&$P$1,'Form responses'!$D$2:$D62,$B7) )*Sum!$Z$35) -> 0 | J7: =SUM(C7:I7) -> 0 | K7: =( sumifs('Form responses'!$AV$2:$AV62,'Form responses'!$C$2:$C62,">="&$M$1,'Form responses'!$C$2:$C62,"<="&$P$1,'Form responses'!$D$2:$D62,$B7) + sumifs('Form responses'!$AW$2:$AW62,'Form responses'!$C$2:$C62,">="&$M$1,'Form responses'!$C$2:$C62,"<="&$P$1,'Form responses'!$D$2:$D62,$B7) + sumifs('Form responses'!$AX$2:$AX62,'Form responses'!$C$2:$C62,">="&$M$1,'Form responses'!$C$2:$C62,"<="&$P$1,'Form responses'!$D$2:$D62,$B7) + sumifs('Form responses'!$AY$2:$AY62,'Form responses'!$C$2:$C62,">="&$M$1,'Form responses'!$C$2:$C62,"<="&$P$1,'Form responses'!$D$2:$D62,$B7) )*Sum!$Q$35 -> 0 | L7: =( sumifs('Form responses'!$BD$2:$BD62,'Form responses'!$C$2:$C62,">="&$M$1,'Form responses'!$C$2:$C62,"<="&$P$1,'Form responses'!$D$2:$D62,$B7) + sumifs('Form responses'!$BE$2:$BE62,'Form responses'!$C$2:$C62,">="&$M$1,'Form responses'!$C$2:$C62,"<="&$P$1,'Form responses'!$D$2:$D62,$B7) )*Sum!$R$35 -> 0 | M7: =( sumifs('Form responses'!$BF$2:$BF62,'Form responses'!$C$2:$C62,">="&$M$1,'Form responses'!$C$2:$C62,"<="&$P$1,'Form responses'!$D$2:$D62,$B7) + sumifs('Form responses'!$BG$2:$BG62,'Form responses'!$C$2:$C62,">="&$M$1,'Form responses'!$C$2:$C62,"<="&$P$1,'Form responses'!$D$2:$D62,$B7) )*Sum!$S$35 -> 0 | N7: =sumifs('Form responses'!$BL$2:$BL62,'Form responses'!$C$2:$C62,">="&$M$1,'Form responses'!$C$2:$C62,"<="&$P$1,'Form responses'!$D$2:$D62,$B7) *Sum!$T$35 -> 0 | O7: =SUM(K7:N7) -> 0 | P7: =((sumifs('Form responses'!$BN$2:$BN62,'Form responses'!$C$2:$C62,">="&$M$1,'Form responses'!$C$2:$C62,"<="&$P$1,'Form responses'!$D$2:$D62,$B7)+ sumifs('Form responses'!$BO$2:$BO62,'Form responses'!$C$2:$C62,">="&$M$1,'Form responses'!$C$2:$C62,"<="&$P$1,'Form responses'!$D$2:$D62,$B7))*Sum!$U$35) -> 0 | Q7: =O7+P7 -> 0 | R7: =J7+Q7 -> 0
B8: PAW Lehri | C8: =((sumifs('Form responses'!$G$2:$G62,'Form responses'!$C$2:$C62,">="&$M$1,'Form responses'!$C$2:$C62,"<="&$P$1,'Form responses'!$D$2:$D62,$B8) +sumifs('Form responses'!$H$2:$H62,'Form responses'!$C$2:$C62,">="&$M$1,'Form responses'!$C$2:$C62,"<="&$P$1,'Form responses'!$D$2:$D62,$B8) +sumifs('Form responses'!$I$2:$I62,'Form responses'!$C$2:$C62,">="&$M$1,'Form responses'!$C$2:$C62,"<="&$P$1,'Form responses'!$D$2:$D62,$B8) )*Sum!$B$35) -> 0 | D8: =((sumifs('Form responses'!$J$2:$J62,'Form responses'!$C$2:$C62,">="&$M$1,'Form responses'!$C$2:$C62,"<="&$P$1,'Form responses'!$D$2:$D62,$B8))*Sum!$C$35) -> 0 | E8: =(( sumifs('Form responses'!$S$2:$S62,'Form responses'!$C$2:$C62,">="&$M$1,'Form responses'!$C$2:$C62,"<="&$P$1,'Form responses'!$D$2:$D62,$B8) + sumifs('Form responses'!$T$2:$T62,'Form responses'!$C$2:$C62,">="&$M$1,'Form responses'!$C$2:$C62,"<="&$P$1,'Form responses'!$D$2:$D62,$B8) )*Sum!$E$35 ) -> 0 | F8: =sumifs('Form responses'!$U$2:$U62,'Form responses'!$C$2:$C62,">="&$M$1,'Form responses'!$C$2:$C62,"<="&$P$1,'Form responses'!$D$2:$D62,$B8) *Sum!$D$35 -> 0 | G8: =sumifs('Form responses'!$EQ$2:$EQ62,'Form responses'!$B$2:$B62,">="&$M$1,'Form responses'!$C$2:$C62,"<="&$P$1,'Form responses'!$D$2:$D62,$B8)*Sum!$V$35+sumifs('Form responses'!$ER$2:$ER62,'Form responses'!$B$2:$B62,">="&$M$1,'Form responses'!$C$2:$C62,"<="&$P$1,'Form responses'!$D$2:$D62,$B8)*Sum!$W$35+sumifs('Form responses'!$ES$2:$ES62,'Form responses'!$B$2:$B62,">="&$M$1,'Form responses'!$C$2:$C62,"<="&$P$1,'Form responses'!$D$2:$D62,$B8)*Sum!$X$35+sumifs('Form responses'!$ET$2:$ET62,'Form responses'!$B$2:$B62,">="&$M$1,'Form responses'!$C$2:$C62,"<="&$P$1,'Form responses'!$D$2:$D62,$B8)*Sum!$Y$35 -> 0 | H8: =(( sumifs('Form responses'!$V$2:$V62,'Form responses'!$C$2:$C62,">="&$M$1,'Form responses'!$C$2:$C62,"<="&$P$1,'Form responses'!$D$2:$D62,$B8) )* Sum!$F$35 )+(( sumifs('Form responses'!$W$2:$W62,'Form responses'!$C$2:$C62,">="&$M$1,'Form responses'!$C$2:$C62,"<="&$P$1,'Form responses'!$D$2:$D62,$B8) )* Sum!$G$35 ) -> 0 | I8: =(( sumifs('Form responses'!$X$2:$X62,'Form responses'!$C$2:$C62,">="&$M$1,'Form responses'!$C$2:$C62,"<="&$P$1,'Form responses'!$D$2:$D62,$B8) )*Sum!$H$35)+(( sumifs('Form responses'!$Y$2:$Y62,'Form responses'!$C$2:$C62,">="&$M$1,'Form responses'!$C$2:$C62,"<="&$P$1,'Form responses'!$D$2:$D62,$B8) )*Sum!$I$35)+(( sumifs('Form responses'!$Z$2:$Z62,'Form responses'!$C$2:$C62,">="&$M$1,'Form responses'!$C$2:$C62,"<="&$P$1,'Form responses'!$D$2:$D62,$B8) )*Sum!$Z$35) -> 0 | J8: =SUM(C8:I8) -> 0 | K8: =( sumifs('Form responses'!$AV$2:$AV62,'Form responses'!$C$2:$C62,">="&$M$1,'Form responses'!$C$2:$C62,"<="&$P$1,'Form responses'!$D$2:$D62,$B8) + sumifs('Form responses'!$AW$2:$AW62,'Form responses'!$C$2:$C62,">="&$M$1,'Form responses'!$C$2:$C62,"<="&$P$1,'Form responses'!$D$2:$D62,$B8) + sumifs('Form responses'!$AX$2:$AX62,'Form responses'!$C$2:$C62,">="&$M$1,'Form responses'!$C$2:$C62,"<="&$P$1,'Form responses'!$D$2:$D62,$B8) + sumifs('Form responses'!$AY$2:$AY62,'Form responses'!$C$2:$C62,">="&$M$1,'Form responses'!$C$2:$C62,"<="&$P$1,'Form responses'!$D$2:$D62,$B8) )*Sum!$Q$35 -> 0 | L8: =( sumifs('Form responses'!$BD$2:$BD62,'Form responses'!$C$2:$C62,">="&$M$1,'Form responses'!$C$2:$C62,"<="&$P$1,'Form responses'!$D$2:$D62,$B8) + sumifs('Form responses'!$BE$2:$BE62,'Form responses'!$C$2:$C62,">="&$M$1,'Form responses'!$C$2:$C62,"<="&$P$1,'Form responses'!$D$2:$D62,$B8) )*Sum!$R$35 -> 0 | M8: =( sumifs('Form responses'!$BF$2:$BF62,'Form responses'!$C$2:$C62,">="&$M$1,'Form responses'!$C$2:$C62,"<="&$P$1,'Form responses'!$D$2:$D62,$B8) + sumifs('Form responses'!$BG$2:$BG62,'Form responses'!$C$2:$C62,">="&$M$1,'Form responses'!$C$2:$C62,"<="&$P$1,'Form responses'!$D$2:$D62,$B8) )*Sum!$S$35 -> 0 | N8: =sumifs('Form responses'!$BL$2:$BL62,'Form responses'!$C$2:$C62,">="&$M$1,'Form responses'!$C$2:$C62,"<="&$P$1,'Form responses'!$D$2:$D62,$B8) *Sum!$T$35 -> 0 | O8: =SUM(K8:N8) -> 0 | P8: =((sumifs('Form responses'!$BN$2:$BN62,'Form responses'!$C$2:$C62,">="&$M$1,'Form responses'!$C$2:$C62,"<="&$P$1,'Form responses'!$D$2:$D62,$B8)+ sumifs('Form responses'!$BO$2:$BO62,'Form responses'!$C$2:$C62,">="&$M$1,'Form responses'!$C$2:$C62,"<="&$P$1,'Form responses'!$D$2:$D62,$B8))*Sum!$U$35) -> 0 | Q8: =O8+P8 -> 0 | R8: =J8+Q8 -> 0
A9: 2 | B9: CVH Natheha | C9: =((sumifs('Form responses'!$G$2:$G62,'Form responses'!$C$2:$C62,">="&$M$1,'Form responses'!$C$2:$C62,"<="&$P$1,'Form responses'!$D$2:$D62,$B9) +sumifs('Form responses'!$H$2:$H62,'Form responses'!$C$2:$C62,">="&$M$1,'Form responses'!$C$2:$C62,"<="&$P$1,'Form responses'!$D$2:$D62,$B9) +sumifs('Form responses'!$I$2:$I62,'Form responses'!$C$2:$C62,">="&$M$1,'Form responses'!$C$2:$C62,"<="&$P$1,'Form responses'!$D$2:$D62,$B9) )*Sum!$B$35) -> 0 | D9: =((sumifs('Form responses'!$J$2:$J62,'Form responses'!$C$2:$C62,">="&$M$1,'Form responses'!$C$2:$C62,"<="&$P$1,'Form responses'!$D$2:$D62,$B9))*Sum!$C$35) -> 0 | E9: =(( sumifs('Form responses'!$S$2:$S62,'Form responses'!$C$2:$C62,">="&$M$1,'Form responses'!$C$2:$C62,"<="&$P$1,'Form responses'!$D$2:$D62,$B9) + sumifs('Form responses'!$T$2:$T62,'Form responses'!$C$2:$C62,">="&$M$1,'Form responses'!$C$2:$C62,"<="&$P$1,'Form responses'!$D$2:$D62,$B9) )*Sum!$E$35 ) -> 0 | F9: =sumifs('Form responses'!$U$2:$U62,'Form responses'!$C$2:$C62,">="&$M$1,'Form responses'!$C$2:$C62,"<="&$P$1,'Form responses'!$D$2:$D62,$B9) *Sum!$D$35 -> 0 | G9: =sumifs('Form responses'!$EQ$2:$EQ62,'Form responses'!$B$2:$B62,">="&$M$1,'Form responses'!$C$2:$C62,"<="&$P$1,'Form responses'!$D$2:$D62,$B9)*Sum!$V$35+sumifs('Form responses'!$ER$2:$ER62,'Form responses'!$B$2:$B62,">="&$M$1,'Form responses'!$C$2:$C62,"<="&$P$1,'Form responses'!$D$2:$D62,$B9)*Sum!$W$35+sumifs('Form responses'!$ES$2:$ES62,'Form responses'!$B$2:$B62,">="&$M$1,'Form responses'!$C$2:$C62,"<="&$P$1,'Form responses'!$D$2:$D62,$B9)*Sum!$X$35+sumifs('Form responses'!$ET$2:$ET62,'Form responses'!$B$2:$B62,">="&$M$1,'Form responses'!$C$2:$C62,"<="&$P$1,'Form responses'!$D$2:$D62,$B9)*Sum!$Y$35 -> 0 | H9: =(( sumifs('Form responses'!$V$2:$V62,'Form responses'!$C$2:$C62,">="&$M$1,'Form responses'!$C$2:$C62,"<="&$P$1,'Form responses'!$D$2:$D62,$B9) )* Sum!$F$35 )+(( sumifs('Form responses'!$W$2:$W62,'Form responses'!$C$2:$C62,">="&$M$1,'Form responses'!$C$2:$C62,"<="&$P$1,'Form responses'!$D$2:$D62,$B9) )* Sum!$G$35 ) -> 0 | I9: =(( sumifs('Form responses'!$X$2:$X62,'Form responses'!$C$2:$C62,">="&$M$1,'Form responses'!$C$2:$C62,"<="&$P$1,'Form responses'!$D$2:$D62,$B9) )*Sum!$H$35)+(( sumifs('Form responses'!$Y$2:$Y62,'Form responses'!$C$2:$C62,">="&$M$1,'Form responses'!$C$2:$C62,"<="&$P$1,'Form responses'!$D$2:$D62,$B9) )*Sum!$I$35)+(( sumifs('Form responses'!$Z$2:$Z62,'Form responses'!$C$2:$C62,">="&$M$1,'Form responses'!$C$2:$C62,"<="&$P$1,'Form responses'!$D$2:$D62,$B9) )*Sum!$Z$35) -> 0 | J9: =SUM(C9:I9) -> 0 | K9: =( sumifs('Form responses'!$AV$2:$AV62,'Form responses'!$C$2:$C62,">="&$M$1,'Form responses'!$C$2:$C62,"<="&$P$1,'Form responses'!$D$2:$D62,$B9) + sumifs('Form responses'!$AW$2:$AW62,'Form responses'!$C$2:$C62,">="&$M$1,'Form responses'!$C$2:$C62,"<="&$P$1,'Form responses'!$D$2:$D62,$B9) + sumifs('Form responses'!$AX$2:$AX62,'Form responses'!$C$2:$C62,">="&$M$1,'Form responses'!$C$2:$C62,"<="&$P$1,'Form responses'!$D$2:$D62,$B9) + sumifs('Form responses'!$AY$2:$AY62,'Form responses'!$C$2:$C62,">="&$M$1,'Form responses'!$C$2:$C62,"<="&$P$1,'Form responses'!$D$2:$D62,$B9) )*Sum!$Q$35 -> 0 | L9: =( sumifs('Form responses'!$BD$2:$BD62,'Form responses'!$C$2:$C62,">="&$M$1,'Form responses'!$C$2:$C62,"<="&$P$1,'Form responses'!$D$2:$D62,$B9) + sumifs('Form responses'!$BE$2:$BE62,'Form responses'!$C$2:$C62,">="&$M$1,'Form responses'!$C$2:$C62,"<="&$P$1,'Form responses'!$D$2:$D62,$B9) )*Sum!$R$35 -> 0 | M9: =( sumifs('Form responses'!$BF$2:$BF62,'Form responses'!$C$2:$C62,">="&$M$1,'Form responses'!$C$2:$C62,"<="&$P$1,'Form responses'!$D$2:$D62,$B9) + sumifs('Form responses'!$BG$2:$BG62,'Form responses'!$C$2:$C62,">="&$M$1,'Form responses'!$C$2:$C62,"<="&$P$1,'Form responses'!$D$2:$D62,$B9) )*Sum!$S$35 -> 0 | N9: =sumifs('Form responses'!$BL$2:$BL62,'Form responses'!$C$2:$C62,">="&$M$1,'Form responses'!$C$2:$C62,"<="&$P$1,'Form responses'!$D$2:$D62,$B9) *Sum!$T$35 -> 0 | O9: =SUM(K9:N9) -> 0 | P9: =((sumifs('Form responses'!$BN$2:$BN62,'Form responses'!$C$2:$C62,">="&$M$1,'Form responses'!$C$2:$C62,"<="&$P$1,'Form responses'!$D$2:$D62,$B9)+ sumifs('Form responses'!$BO$2:$BO62,'Form responses'!$C$2:$C62,">="&$M$1,'Form responses'!$C$2:$C62,"<="&$P$1,'Form responses'!$D$2:$D62,$B9))*Sum!$U$35) -> 0 | Q9: =O9+P9 -> 0 | R9: =J9+Q9 -> 0
B10: PAW Mirzeana | C10: =((sumifs('Form responses'!$G$2:$G62,'Form responses'!$C$2:$C62,">="&$M$1,'Form responses'!$C$2:$C62,"<="&$P$1,'Form responses'!$D$2:$D62,$B10) +sumifs('Form responses'!$H$2:$H62,'Form responses'!$C$2:$C62,">="&$M$1,'Form responses'!$C$2:$C62,"<="&$P$1,'Form responses'!$D$2:$D62,$B10) +sumifs('Form responses'!$I$2:$I62,'Form responses'!$C$2:$C62,">="&$M$1,'Form responses'!$C$2:$C62,"<="&$P$1,'Form responses'!$D$2:$D62,$B10) )*Sum!$B$35) -> 0 | D10: =((sumifs('Form responses'!$J$2:$J62,'Form responses'!$C$2:$C62,">="&$M$1,'Form responses'!$C$2:$C62,"<="&$P$1,'Form responses'!$D$2:$D62,$B10))*Sum!$C$35) -> 0 | E10: =(( sumifs('Form responses'!$S$2:$S62,'Form responses'!$C$2:$C62,">="&$M$1,'Form responses'!$C$2:$C62,"<="&$P$1,'Form responses'!$D$2:$D62,$B10) + sumifs('Form responses'!$T$2:$T62,'Form responses'!$C$2:$C62,">="&$M$1,'Form responses'!$C$2:$C62,"<="&$P$1,'Form responses'!$D$2:$D62,$B10) )*Sum!$E$35 ) -> 0 | F10: =sumifs('Form responses'!$U$2:$U62,'Form responses'!$C$2:$C62,">="&$M$1,'Form responses'!$C$2:$C62,"<="&$P$1,'Form responses'!$D$2:$D62,$B10) *Sum!$D$35 -> 0 | G10: =sumifs('Form responses'!$EQ$2:$EQ62,'Form responses'!$B$2:$B62,">="&$M$1,'Form responses'!$C$2:$C62,"<="&$P$1,'Form responses'!$D$2:$D62,$B10)*Sum!$V$35+sumifs('Form responses'!$ER$2:$ER62,'Form responses'!$B$2:$B62,">="&$M$1,'Form responses'!$C$2:$C62,"<="&$P$1,'Form responses'!$D$2:$D62,$B10)*Sum!$W$35+sumifs('Form responses'!$ES$2:$ES62,'Form responses'!$B$2:$B62,">="&$M$1,'Form responses'!$C$2:$C62,"<="&$P$1,'Form responses'!$D$2:$D62,$B10)*Sum!$X$35+sumifs('Form responses'!$ET$2:$ET62,'Form responses'!$B$2:$B62,">="&$M$1,'Form responses'!$C$2:$C62,"<="&$P$1,'Form responses'!$D$2:$D62,$B10)*Sum!$Y$35 -> 0 | H10: =(( sumifs('Form responses'!$V$2:$V62,'Form responses'!$C$2:$C62,">="&$M$1,'Form responses'!$C$2:$C62,"<="&$P$1,'Form responses'!$D$2:$D62,$B10) )* Sum!$F$35 )+(( sumifs('Form responses'!$W$2:$W62,'Form responses'!$C$2:$C62,">="&$M$1,'Form responses'!$C$2:$C62,"<="&$P$1,'Form responses'!$D$2:$D62,$B10) )* Sum!$G$35 ) -> 0 | I10: =(( sumifs('Form responses'!$X$2:$X62,'Form responses'!$C$2:$C62,">="&$M$1,'Form responses'!$C$2:$C62,"<="&$P$1,'Form responses'!$D$2:$D62,$B10) )*Sum!$H$35)+(( sumifs('Form responses'!$Y$2:$Y62,'Form responses'!$C$2:$C62,">="&$M$1,'Form responses'!$C$2:$C62,"<="&$P$1,'Form responses'!$D$2:$D62,$B10) )*Sum!$I$35)+(( sumifs('Form responses'!$Z$2:$Z62,'Form responses'!$C$2:$C62,">="&$M$1,'Form responses'!$C$2:$C62,"<="&$P$1,'Form responses'!$D$2:$D62,$B10) )*Sum!$Z$35) -> 0 | J10: =SUM(C10:I10) -> 0 | K10: =( sumifs('Form responses'!$AV$2:$AV62,'Form responses'!$C$2:$C62,">="&$M$1,'Form responses'!$C$2:$C62,"<="&$P$1,'Form responses'!$D$2:$D62,$B10) + sumifs('Form responses'!$AW$2:$AW62,'Form responses'!$C$2:$C62,">="&$M$1,'Form responses'!$C$2:$C62,"<="&$P$1,'Form responses'!$D$2:$D62,$B10) + sumifs('Form responses'!$AX$2:$AX62,'Form responses'!$C$2:$C62,">="&$M$1,'Form responses'!$C$2:$C62,"<="&$P$1,'Form responses'!$D$2:$D62,$B10) + sumifs('Form responses'!$AY$2:$AY62,'Form responses'!$C$2:$C62,">="&$M$1,'Form responses'!$C$2:$C62,"<="&$P$1,'Form responses'!$D$2:$D62,$B10) )*Sum!$Q$35 -> 0 | L10: =( sumifs('Form responses'!$BD$2:$BD62,'Form responses'!$C$2:$C62,">="&$M$1,'Form responses'!$C$2:$C62,"<="&$P$1,'Form responses'!$D$2:$D62,$B10) + sumifs('Form responses'!$BE$2:$BE62,'Form responses'!$C$2:$C62,">="&$M$1,'Form responses'!$C$2:$C62,"<="&$P$1,'Form responses'!$D$2:$D62,$B10) )*Sum!$R$35 -> 0 | M10: =( sumifs('Form responses'!$BF$2:$BF62,'Form responses'!$C$2:$C62,">="&$M$1,'Form responses'!$C$2:$C62,"<="&$P$1,'Form responses'!$D$2:$D62,$B10) + sumifs('Form responses'!$BG$2:$BG62,'Form responses'!$C$2:$C62,">="&$M$1,'Form responses'!$C$2:$C62,"<="&$P$1,'Form responses'!$D$2:$D62,$B10) )*Sum!$S$35 -> 0 | N10: =sumifs('Form responses'!$BL$2:$BL62,'Form responses'!$C$2:$C62,">="&$M$1,'Form responses'!$C$2:$C62,"<="&$P$1,'Form responses'!$D$2:$D62,$B10) *Sum!$T$35 -> 0 | O10: =SUM(K10:N10) -> 0 | P10: =((sumifs('Form responses'!$BN$2:$BN62,'Form responses'!$C$2:$C62,">="&$M$1,'Form responses'!$C$2:$C62,"<="&$P$1,'Form responses'!$D$2:$D62,$B10)+ sumifs('Form responses'!$BO$2:$BO62,'Form responses'!$C$2:$C62,">="&$M$1,'Form responses'!$C$2:$C62,"<="&$P$1,'Form responses'!$D$2:$D62,$B10))*Sum!$U$35) -> 0 | Q10: =O10+P10 -> 0 | R10: =J10+Q10 -> 0
B11: CVD Rayia | C11: =((sumifs('Form responses'!$G$2:$G62,'Form responses'!$C$2:$C62,">="&$M$1,'Form responses'!$C$2:$C62,"<="&$P$1,'Form responses'!$D$2:$D62,$B11) +sumifs('Form responses'!$H$2:$H62,'Form responses'!$C$2:$C62,">="&$M$1,'Form responses'!$C$2:$C62,"<="&$P$1,'Form responses'!$D$2:$D62,$B11) +sumifs('Form responses'!$I$2:$I62,'Form responses'!$C$2:$C62,">="&$M$1,'Form responses'!$C$2:$C62,"<="&$P$1,'Form responses'!$D$2:$D62,$B11) )*Sum!$B$35) -> 0 | D11: =((sumifs('Form responses'!$J$2:$J62,'Form responses'!$C$2:$C62,">="&$M$1,'Form responses'!$C$2:$C62,"<="&$P$1,'Form responses'!$D$2:$D62,$B11))*Sum!$C$35) -> 0 | E11: =(( sumifs('Form responses'!$S$2:$S62,'Form responses'!$C$2:$C62,">="&$M$1,'Form responses'!$C$2:$C62,"<="&$P$1,'Form responses'!$D$2:$D62,$B11) + sumifs('Form responses'!$T$2:$T62,'Form responses'!$C$2:$C62,">="&$M$1,'Form responses'!$C$2:$C62,"<="&$P$1,'Form responses'!$D$2:$D62,$B11) )*Sum!$E$35 ) -> 0 | F11: =sumifs('Form responses'!$U$2:$U62,'Form responses'!$C$2:$C62,">="&$M$1,'Form responses'!$C$2:$C62,"<="&$P$1,'Form responses'!$D$2:$D62,$B11) *Sum!$D$35 -> 0 | G11: =sumifs('Form responses'!$EQ$2:$EQ62,'Form responses'!$B$2:$B62,">="&$M$1,'Form responses'!$C$2:$C62,"<="&$P$1,'Form responses'!$D$2:$D62,$B11)*Sum!$V$35+sumifs('Form responses'!$ER$2:$ER62,'Form responses'!$B$2:$B62,">="&$M$1,'Form responses'!$C$2:$C62,"<="&$P$1,'Form responses'!$D$2:$D62,$B11)*Sum!$W$35+sumifs('Form responses'!$ES$2:$ES62,'Form responses'!$B$2:$B62,">="&$M$1,'Form responses'!$C$2:$C62,"<="&$P$1,'Form responses'!$D$2:$D62,$B11)*Sum!$X$35+sumifs('Form responses'!$ET$2:$ET62,'Form responses'!$B$2:$B62,">="&$M$1,'Form responses'!$C$2:$C62,"<="&$P$1,'Form responses'!$D$2:$D62,$B11)*Sum!$Y$35 -> 0 | H11: =(( sumifs('Form responses'!$V$2:$V62,'Form responses'!$C$2:$C62,">="&$M$1,'Form responses'!$C$2:$C62,"<="&$P$1,'Form responses'!$D$2:$D62,$B11) )* Sum!$F$35 )+(( sumifs('Form responses'!$W$2:$W62,'Form responses'!$C$2:$C62,">="&$M$1,'Form responses'!$C$2:$C62,"<="&$P$1,'Form responses'!$D$2:$D62,$B11) )* Sum!$G$35 ) -> 0 | I11: =(( sumifs('Form responses'!$X$2:$X62,'Form responses'!$C$2:$C62,">="&$M$1,'Form responses'!$C$2:$C62,"<="&$P$1,'Form responses'!$D$2:$D62,$B11) )*Sum!$H$35)+(( sumifs('Form responses'!$Y$2:$Y62,'Form responses'!$C$2:$C62,">="&$M$1,'Form responses'!$C$2:$C62,"<="&$P$1,'Form responses'!$D$2:$D62,$B11) )*Sum!$I$35)+(( sumifs('Form responses'!$Z$2:$Z62,'Form responses'!$C$2:$C62,">="&$M$1,'Form responses'!$C$2:$C62,"<="&$P$1,'Form responses'!$D$2:$D62,$B11) )*Sum!$Z$35) -> 0 | J11: =SUM(C11:I11) -> 0 | K11: =( sumifs('Form responses'!$AV$2:$AV62,'Form responses'!$C$2:$C62,">="&$M$1,'Form responses'!$C$2:$C62,"<="&$P$1,'Form responses'!$D$2:$D62,$B11) + sumifs('Form responses'!$AW$2:$AW62,'Form responses'!$C$2:$C62,">="&$M$1,'Form responses'!$C$2:$C62,"<="&$P$1,'Form responses'!$D$2:$D62,$B11) + sumifs('Form responses'!$AX$2:$AX62,'Form responses'!$C$2:$C62,">="&$M$1,'Form responses'!$C$2:$C62,"<="&$P$1,'Form responses'!$D$2:$D62,$B11) + sumifs('Form responses'!$AY$2:$AY62,'Form responses'!$C$2:$C62,">="&$M$1,'Form responses'!$C$2:$C62,"<="&$P$1,'Form responses'!$D$2:$D62,$B11) )*Sum!$Q$35 -> 0 | L11: =( sumifs('Form responses'!$BD$2:$BD62,'Form responses'!$C$2:$C62,">="&$M$1,'Form responses'!$C$2:$C62,"<="&$P$1,'Form responses'!$D$2:$D62,$B11) + sumifs('Form responses'!$BE$2:$BE62,'Form responses'!$C$2:$C62,">="&$M$1,'Form responses'!$C$2:$C62,"<="&$P$1,'Form responses'!$D$2:$D62,$B11) )*Sum!$R$35 -> 0 | M11: =( sumifs('Form responses'!$BF$2:$BF62,'Form responses'!$C$2:$C62,">="&$M$1,'Form responses'!$C$2:$C62,"<="&$P$1,'Form responses'!$D$2:$D62,$B11) + sumifs('Form responses'!$BG$2:$BG62,'Form responses'!$C$2:$C62,">="&$M$1,'Form responses'!$C$2:$C62,"<="&$P$1,'Form responses'!$D$2:$D62,$B11) )*Sum!$S$35 -> 0 | N11: =sumifs('Form responses'!$BL$2:$BL62,'Form responses'!$C$2:$C62,">="&$M$1,'Form responses'!$C$2:$C62,"<="&$P$1,'Form responses'!$D$2:$D62,$B11) *Sum!$T$35 -> 0 | O11: =SUM(K11:N11) -> 0 | P11: =((sumifs('Form responses'!$BN$2:$BN62,'Form responses'!$C$2:$C62,">="&$M$1,'Form responses'!$C$2:$C62,"<="&$P$1,'Form responses'!$D$2:$D62,$B11)+ sumifs('Form responses'!$BO$2:$BO62,'Form responses'!$C$2:$C62,">="&$M$1,'Form responses'!$C$2:$C62,"<="&$P$1,'Form responses'!$D$2:$D62,$B11))*Sum!$U$35) -> 0 | Q11: =O11+P11 -> 0 | R11: =J11+Q11 -> 0
B12: PAW Gehlewala | C12: =((sumifs('Form responses'!$G$2:$G62,'Form responses'!$C$2:$C62,">="&$M$1,'Form responses'!$C$2:$C62,"<="&$P$1,'Form responses'!$D$2:$D62,$B12) +sumifs('Form responses'!$H$2:$H62,'Form responses'!$C$2:$C62,">="&$M$1,'Form responses'!$C$2:$C62,"<="&$P$1,'Form responses'!$D$2:$D62,$B12) +sumifs('Form responses'!$I$2:$I62,'Form responses'!$C$2:$C62,">="&$M$1,'Form responses'!$C$2:$C62,"<="&$P$1,'Form responses'!$D$2:$D62,$B12) )*Sum!$B$35) -> 0 | D12: =((sumifs('Form responses'!$J$2:$J62,'Form responses'!$C$2:$C62,">="&$M$1,'Form responses'!$C$2:$C62,"<="&$P$1,'Form responses'!$D$2:$D62,$B12))*Sum!$C$35) -> 0 | E12: =(( sumifs('Form responses'!$S$2:$S62,'Form responses'!$C$2:$C62,">="&$M$1,'Form responses'!$C$2:$C62,"<="&$P$1,'Form responses'!$D$2:$D62,$B12) + sumifs('Form responses'!$T$2:$T62,'Form responses'!$C$2:$C62,">="&$M$1,'Form responses'!$C$2:$C62,"<="&$P$1,'Form responses'!$D$2:$D62,$B12) )*Sum!$E$35 ) -> 0 | F12: =sumifs('Form responses'!$U$2:$U62,'Form responses'!$C$2:$C62,">="&$M$1,'Form responses'!$C$2:$C62,"<="&$P$1,'Form responses'!$D$2:$D62,$B12) *Sum!$D$35 -> 0 | G12: =sumifs('Form responses'!$EQ$2:$EQ62,'Form responses'!$B$2:$B62,">="&$M$1,'Form responses'!$C$2:$C62,"<="&$P$1,'Form responses'!$D$2:$D62,$B12)*Sum!$V$35+sumifs('Form responses'!$ER$2:$ER62,'Form responses'!$B$2:$B62,">="&$M$1,'Form responses'!$C$2:$C62,"<="&$P$1,'Form responses'!$D$2:$D62,$B12)*Sum!$W$35+sumifs('Form responses'!$ES$2:$ES62,'Form responses'!$B$2:$B62,">="&$M$1,'Form responses'!$C$2:$C62,"<="&$P$1,'Form responses'!$D$2:$D62,$B12)*Sum!$X$35+sumifs('Form responses'!$ET$2:$ET62,'Form responses'!$B$2:$B62,">="&$M$1,'Form responses'!$C$2:$C62,"<="&$P$1,'Form responses'!$D$2:$D62,$B12)*Sum!$Y$35 -> 0 | H12: =(( sumifs('Form responses'!$V$2:$V62,'Form responses'!$C$2:$C62,">="&$M$1,'Form responses'!$C$2:$C62,"<="&$P$1,'Form responses'!$D$2:$D62,$B12) )* Sum!$F$35 )+(( sumifs('Form responses'!$W$2:$W62,'Form responses'!$C$2:$C62,">="&$M$1,'Form responses'!$C$2:$C62,"<="&$P$1,'Form responses'!$D$2:$D62,$B12) )* Sum!$G$35 ) -> 0 | I12: =(( sumifs('Form responses'!$X$2:$X62,'Form responses'!$C$2:$C62,">="&$M$1,'Form responses'!$C$2:$C62,"<="&$P$1,'Form responses'!$D$2:$D62,$B12) )*Sum!$H$35)+(( sumifs('Form responses'!$Y$2:$Y62,'Form responses'!$C$2:$C62,">="&$M$1,'Form responses'!$C$2:$C62,"<="&$P$1,'Form responses'!$D$2:$D62,$B12) )*Sum!$I$35)+(( sumifs('Form responses'!$Z$2:$Z62,'Form responses'!$C$2:$C62,">="&$M$1,'Form responses'!$C$2:$C62,"<="&$P$1,'Form responses'!$D$2:$D62,$B12) )*Sum!$Z$35) -> 0 | J12: =SUM(C12:I12) -> 0 | K12: =( sumifs('Form responses'!$AV$2:$AV62,'Form responses'!$C$2:$C62,">="&$M$1,'Form responses'!$C$2:$C62,"<="&$P$1,'Form responses'!$D$2:$D62,$B12) + sumifs('Form responses'!$AW$2:$AW62,'Form responses'!$C$2:$C62,">="&$M$1,'Form responses'!$C$2:$C62,"<="&$P$1,'Form responses'!$D$2:$D62,$B12) + sumifs('Form responses'!$AX$2:$AX62,'Form responses'!$C$2:$C62,">="&$M$1,'Form responses'!$C$2:$C62,"<="&$P$1,'Form responses'!$D$2:$D62,$B12) + sumifs('Form responses'!$AY$2:$AY62,'Form responses'!$C$2:$C62,">="&$M$1,'Form responses'!$C$2:$C62,"<="&$P$1,'Form responses'!$D$2:$D62,$B12) )*Sum!$Q$35 -> 0 | L12: =( sumifs('Form responses'!$BD$2:$BD62,'Form responses'!$C$2:$C62,">="&$M$1,'Form responses'!$C$2:$C62,"<="&$P$1,'Form responses'!$D$2:$D62,$B12) + sumifs('Form responses'!$BE$2:$BE62,'Form responses'!$C$2:$C62,">="&$M$1,'Form responses'!$C$2:$C62,"<="&$P$1,'Form responses'!$D$2:$D62,$B12) )*Sum!$R$35 -> 0 | M12: =( sumifs('Form responses'!$BF$2:$BF62,'Form responses'!$C$2:$C62,">="&$M$1,'Form responses'!$C$2:$C62,"<="&$P$1,'Form responses'!$D$2:$D62,$B12) + sumifs('Form responses'!$BG$2:$BG62,'Form responses'!$C$2:$C62,">="&$M$1,'Form responses'!$C$2:$C62,"<="&$P$1,'Form responses'!$D$2:$D62,$B12) )*Sum!$S$35 -> 0 | N12: =sumifs('Form responses'!$BL$2:$BL62,'Form responses'!$C$2:$C62,">="&$M$1,'Form responses'!$C$2:$C62,"<="&$P$1,'Form responses'!$D$2:$D62,$B12) *Sum!$T$35 -> 0 | O12: =SUM(K12:N12) -> 0 | P12: =((sumifs('Form responses'!$BN$2:$BN62,'Form responses'!$C$2:$C62,">="&$M$1,'Form responses'!$C$2:$C62,"<="&$P$1,'Form responses'!$D$2:$D62,$B12)+ sumifs('Form responses'!$BO$2:$BO62,'Form responses'!$C$2:$C62,">="&$M$1,'Form responses'!$C$2:$C62,"<="&$P$1,'Form responses'!$D$2:$D62,$B12))*Sum!$U$35) -> 0 | Q12: =O12+P12 -> 0 | R12: =J12+Q12 -> 0
B13: CVD Kalalwala | C13: =((sumifs('Form responses'!$G$2:$G62,'Form responses'!$C$2:$C62,">="&$M$1,'Form responses'!$C$2:$C62,"<="&$P$1,'Form responses'!$D$2:$D62,$B13) +sumifs('Form responses'!$H$2:$H62,'Form responses'!$C$2:$C62,">="&$M$1,'Form responses'!$C$2:$C62,"<="&$P$1,'Form responses'!$D$2:$D62,$B13) +sumifs('Form responses'!$I$2:$I62,'Form responses'!$C$2:$C62,">="&$M$1,'Form responses'!$C$2:$C62,"<="&$P$1,'Form responses'!$D$2:$D62,$B13) )*Sum!$B$35) -> 0 | D13: =((sumifs('Form responses'!$J$2:$J62,'Form responses'!$C$2:$C62,">="&$M$1,'Form responses'!$C$2:$C62,"<="&$P$1,'Form responses'!$D$2:$D62,$B13))*Sum!$C$35) -> 0 | E13: =(( sumifs('Form responses'!$S$2:$S62,'Form responses'!$C$2:$C62,">="&$M$1,'Form responses'!$C$2:$C62,"<="&$P$1,'Form responses'!$D$2:$D62,$B13) + sumifs('Form responses'!$T$2:$T62,'Form responses'!$C$2:$C62,">="&$M$1,'Form responses'!$C$2:$C62,"<="&$P$1,'Form responses'!$D$2:$D62,$B13) )*Sum!$E$35 ) -> 0 | F13: =sumifs('Form responses'!$U$2:$U62,'Form responses'!$C$2:$C62,">="&$M$1,'Form responses'!$C$2:$C62,"<="&$P$1,'Form responses'!$D$2:$D62,$B13) *Sum!$D$35 -> 0 | G13: =sumifs('Form responses'!$EQ$2:$EQ62,'Form responses'!$B$2:$B62,">="&$M$1,'Form responses'!$C$2:$C62,"<="&$P$1,'Form responses'!$D$2:$D62,$B13)*Sum!$V$35+sumifs('Form responses'!$ER$2:$ER62,'Form responses'!$B$2:$B62,">="&$M$1,'Form responses'!$C$2:$C62,"<="&$P$1,'Form responses'!$D$2:$D62,$B13)*Sum!$W$35+sumifs('Form responses'!$ES$2:$ES62,'Form responses'!$B$2:$B62,">="&$M$1,'Form responses'!$C$2:$C62,"<="&$P$1,'Form responses'!$D$2:$D62,$B13)*Sum!$X$35+sumifs('Form responses'!$ET$2:$ET62,'Form responses'!$B$2:$B62,">="&$M$1,'Form responses'!$C$2:$C62,"<="&$P$1,'Form responses'!$D$2:$D62,$B13)*Sum!$Y$35 -> 0 | H13: =(( sumifs('Form responses'!$V$2:$V62,'Form responses'!$C$2:$C62,">="&$M$1,'Form responses'!$C$2:$C62,"<="&$P$1,'Form responses'!$D$2:$D62,$B13) )* Sum!$F$35 )+(( sumifs('Form responses'!$W$2:$W62,'Form responses'!$C$2:$C62,">="&$M$1,'Form responses'!$C$2:$C62,"<="&$P$1,'Form responses'!$D$2:$D62,$B13) )* Sum!$G$35 ) -> 0 | I13: =(( sumifs('Form responses'!$X$2:$X62,'Form responses'!$C$2:$C62,">="&$M$1,'Form responses'!$C$2:$C62,"<="&$P$1,'Form responses'!$D$2:$D62,$B13) )*Sum!$H$35)+(( sumifs('Form responses'!$Y$2:$Y62,'Form responses'!$C$2:$C62,">="&$M$1,'Form responses'!$C$2:$C62,"<="&$P$1,'Form responses'!$D$2:$D62,$B13) )*Sum!$I$35)+(( sumifs('Form responses'!$Z$2:$Z62,'Form responses'!$C$2:$C62,">="&$M$1,'Form responses'!$C$2:$C62,"<="&$P$1,'Form responses'!$D$2:$D62,$B13) )*Sum!$Z$35) -> 0 | J13: =SUM(C13:I13) -> 0 | K13: =( sumifs('Form responses'!$AV$2:$AV62,'Form responses'!$C$2:$C62,">="&$M$1,'Form responses'!$C$2:$C62,"<="&$P$1,'Form responses'!$D$2:$D62,$B13) + sumifs('Form responses'!$AW$2:$AW62,'Form responses'!$C$2:$C62,">="&$M$1,'Form responses'!$C$2:$C62,"<="&$P$1,'Form responses'!$D$2:$D62,$B13) + sumifs('Form responses'!$AX$2:$AX62,'Form responses'!$C$2:$C62,">="&$M$1,'Form responses'!$C$2:$C62,"<="&$P$1,'Form responses'!$D$2:$D62,$B13) + sumifs('Form responses'!$AY$2:$AY62,'Form responses'!$C$2:$C62,">="&$M$1,'Form responses'!$C$2:$C62,"<="&$P$1,'Form responses'!$D$2:$D62,$B13) )*Sum!$Q$35 -> 0 | L13: =( sumifs('Form responses'!$BD$2:$BD62,'Form responses'!$C$2:$C62,">="&$M$1,'Form responses'!$C$2:$C62,"<="&$P$1,'Form responses'!$D$2:$D62,$B13) + sumifs('Form responses'!$BE$2:$BE62,'Form responses'!$C$2:$C62,">="&$M$1,'Form responses'!$C$2:$C62,"<="&$P$1,'Form responses'!$D$2:$D62,$B13) )*Sum!$R$35 -> 0 | M13: =( sumifs('Form responses'!$BF$2:$BF62,'Form responses'!$C$2:$C62,">="&$M$1,'Form responses'!$C$2:$C62,"<="&$P$1,'Form responses'!$D$2:$D62,$B13) + sumifs('Form responses'!$BG$2:$BG62,'Form responses'!$C$2:$C62,">="&$M$1,'Form responses'!$C$2:$C62,"<="&$P$1,'Form responses'!$D$2:$D62,$B13) )*Sum!$S$35 -> 0 | N13: =sumifs('Form responses'!$BL$2:$BL62,'Form responses'!$C$2:$C62,">="&$M$1,'Form responses'!$C$2:$C62,"<="&$P$1,'Form responses'!$D$2:$D62,$B13) *Sum!$T$35 -> 0 | O13: =SUM(K13:N13) -> 0 | P13: =((sumifs('Form responses'!$BN$2:$BN62,'Form responses'!$C$2:$C62,">="&$M$1,'Form responses'!$C$2:$C62,"<="&$P$1,'Form responses'!$D$2:$D62,$B13)+ sumifs('Form responses'!$BO$2:$BO62,'Form responses'!$C$2:$C62,">="&$M$1,'Form responses'!$C$2:$C62,"<="&$P$1,'Form responses'!$D$2:$D62,$B13))*Sum!$U$35) -> 0 | Q13: =O13+P13 -> 0 | R13: =J13+Q13 -> 0
A14: 3 | B14: CVH Bhagiwander | C14: =((sumifs('Form responses'!$G$2:$G62,'Form responses'!$C$2:$C62,">="&$M$1,'Form responses'!$C$2:$C62,"<="&$P$1,'Form responses'!$D$2:$D62,$B14) +sumifs('Form responses'!$H$2:$H62,'Form responses'!$C$2:$C62,">="&$M$1,'Form responses'!$C$2:$C62,"<="&$P$1,'Form responses'!$D$2:$D62,$B14) +sumifs('Form responses'!$I$2:$I62,'Form responses'!$C$2:$C62,">="&$M$1,'Form responses'!$C$2:$C62,"<="&$P$1,'Form responses'!$D$2:$D62,$B14) )*Sum!$B$35) -> 0 | D14: =((sumifs('Form responses'!$J$2:$J62,'Form responses'!$C$2:$C62,">="&$M$1,'Form responses'!$C$2:$C62,"<="&$P$1,'Form responses'!$D$2:$D62,$B14))*Sum!$C$35) -> 0 | E14: =(( sumifs('Form responses'!$S$2:$S62,'Form responses'!$C$2:$C62,">="&$M$1,'Form responses'!$C$2:$C62,"<="&$P$1,'Form responses'!$D$2:$D62,$B14) + sumifs('Form responses'!$T$2:$T62,'Form responses'!$C$2:$C62,">="&$M$1,'Form responses'!$C$2:$C62,"<="&$P$1,'Form responses'!$D$2:$D62,$B14) )*Sum!$E$35 ) -> 0 | F14: =sumifs('Form responses'!$U$2:$U62,'Form responses'!$C$2:$C62,">="&$M$1,'Form responses'!$C$2:$C62,"<="&$P$1,'Form responses'!$D$2:$D62,$B14) *Sum!$D$35 -> 0 | G14: =sumifs('Form responses'!$EQ$2:$EQ62,'Form responses'!$B$2:$B62,">="&$M$1,'Form responses'!$C$2:$C62,"<="&$P$1,'Form responses'!$D$2:$D62,$B14)*Sum!$V$35+sumifs('Form responses'!$ER$2:$ER62,'Form responses'!$B$2:$B62,">="&$M$1,'Form responses'!$C$2:$C62,"<="&$P$1,'Form responses'!$D$2:$D62,$B14)*Sum!$W$35+sumifs('Form responses'!$ES$2:$ES62,'Form responses'!$B$2:$B62,">="&$M$1,'Form responses'!$C$2:$C62,"<="&$P$1,'Form responses'!$D$2:$D62,$B14)*Sum!$X$35+sumifs('Form responses'!$ET$2:$ET62,'Form responses'!$B$2:$B62,">="&$M$1,'Form responses'!$C$2:$C62,"<="&$P$1,'Form responses'!$D$2:$D62,$B14)*Sum!$Y$35 -> 0 | H14: =(( sumifs('Form responses'!$V$2:$V62,'Form responses'!$C$2:$C62,">="&$M$1,'Form responses'!$C$2:$C62,"<="&$P$1,'Form responses'!$D$2:$D62,$B14) )* Sum!$F$35 )+(( sumifs('Form responses'!$W$2:$W62,'Form responses'!$C$2:$C62,">="&$M$1,'Form responses'!$C$2:$C62,"<="&$P$1,'Form responses'!$D$2:$D62,$B14) )* Sum!$G$35 ) -> 0 | I14: =(( sumifs('Form responses'!$X$2:$X62,'Form responses'!$C$2:$C62,">="&$M$1,'Form responses'!$C$2:$C62,"<="&$P$1,'Form responses'!$D$2:$D62,$B14) )*Sum!$H$35)+(( sumifs('Form responses'!$Y$2:$Y62,'Form responses'!$C$2:$C62,">="&$M$1,'Form responses'!$C$2:$C62,"<="&$P$1,'Form responses'!$D$2:$D62,$B14) )*Sum!$I$35)+(( sumifs('Form responses'!$Z$2:$Z62,'Form responses'!$C$2:$C62,">="&$M$1,'Form responses'!$C$2:$C62,"<="&$P$1,'Form responses'!$D$2:$D62,$B14) )*Sum!$Z$35) -> 0 | J14: =SUM(C14:I14) -> 0 | K14: =( sumifs('Form responses'!$AV$2:$AV62,'Form responses'!$C$2:$C62,">="&$M$1,'Form responses'!$C$2:$C62,"<="&$P$1,'Form responses'!$D$2:$D62,$B14) + sumifs('Form responses'!$AW$2:$AW62,'Form responses'!$C$2:$C62,">="&$M$1,'Form responses'!$C$2:$C62,"<="&$P$1,'Form responses'!$D$2:$D62,$B14) + sumifs('Form responses'!$AX$2:$AX62,'Form responses'!$C$2:$C62,">="&$M$1,'Form responses'!$C$2:$C62,"<="&$P$1,'Form responses'!$D$2:$D62,$B14) + sumifs('Form responses'!$AY$2:$AY62,'Form responses'!$C$2:$C62,">="&$M$1,'Form responses'!$C$2:$C62,"<="&$P$1,'Form responses'!$D$2:$D62,$B14) )*Sum!$Q$35 -> 0 | L14: =( sumifs('Form responses'!$BD$2:$BD62,'Form responses'!$C$2:$C62,">="&$M$1,'Form responses'!$C$2:$C62,"<="&$P$1,'Form responses'!$D$2:$D62,$B14) + sumifs('Form responses'!$BE$2:$BE62,'Form responses'!$C$2:$C62,">="&$M$1,'Form responses'!$C$2:$C62,"<="&$P$1,'Form responses'!$D$2:$D62,$B14) )*Sum!$R$35 -> 0 | M14: =( sumifs('Form responses'!$BF$2:$BF62,'Form responses'!$C$2:$C62,">="&$M$1,'Form responses'!$C$2:$C62,"<="&$P$1,'Form responses'!$D$2:$D62,$B14) + sumifs('Form responses'!$BG$2:$BG62,'Form responses'!$C$2:$C62,">="&$M$1,'Form responses'!$C$2:$C62,"<="&$P$1,'Form responses'!$D$2:$D62,$B14) )*Sum!$S$35 -> 0 | N14: =sumifs('Form responses'!$BL$2:$BL62,'Form responses'!$C$2:$C62,">="&$M$1,'Form responses'!$C$2:$C62,"<="&$P$1,'Form responses'!$D$2:$D62,$B14) *Sum!$T$35 -> 0 | O14: =SUM(K14:N14) -> 0 | P14: =((sumifs('Form responses'!$BN$2:$BN62,'Form responses'!$C$2:$C62,">="&$M$1,'Form responses'!$C$2:$C62,"<="&$P$1,'Form responses'!$D$2:$D62,$B14)+ sumifs('Form responses'!$BO$2:$BO62,'Form responses'!$C$2:$C62,">="&$M$1,'Form responses'!$C$2:$C62,"<="&$P$1,'Form responses'!$D$2:$D62,$B14))*Sum!$U$35) -> 0 | Q14: =O14+P14 -> 0 | R14: =J14+Q14 -> 0
B15: PAW Kaile Wander | C15: =((sumifs('Form responses'!$G$2:$G62,'Form responses'!$C$2:$C62,">="&$M$1,'Form responses'!$C$2:$C62,"<="&$P$1,'Form responses'!$D$2:$D62,$B15) +sumifs('Form responses'!$H$2:$H62,'Form responses'!$C$2:$C62,">="&$M$1,'Form responses'!$C$2:$C62,"<="&$P$1,'Form responses'!$D$2:$D62,$B15) +sumifs('Form responses'!$I$2:$I62,'Form responses'!$C$2:$C62,">="&$M$1,'Form responses'!$C$2:$C62,"<="&$P$1,'Form responses'!$D$2:$D62,$B15) )*Sum!$B$35) -> 0 | D15: =((sumifs('Form responses'!$J$2:$J62,'Form responses'!$C$2:$C62,">="&$M$1,'Form responses'!$C$2:$C62,"<="&$P$1,'Form responses'!$D$2:$D62,$B15))*Sum!$C$35) -> 0 | E15: =(( sumifs('Form responses'!$S$2:$S62,'Form responses'!$C$2:$C62,">="&$M$1,'Form responses'!$C$2:$C62,"<="&$P$1,'Form responses'!$D$2:$D62,$B15) + sumifs('Form responses'!$T$2:$T62,'Form responses'!$C$2:$C62,">="&$M$1,'Form responses'!$C$2:$C62,"<="&$P$1,'Form responses'!$D$2:$D62,$B15) )*Sum!$E$35 ) -> 0 | F15: =sumifs('Form responses'!$U$2:$U62,'Form responses'!$C$2:$C62,">="&$M$1,'Form responses'!$C$2:$C62,"<="&$P$1,'Form responses'!$D$2:$D62,$B15) *Sum!$D$35 -> 0 | G15: =sumifs('Form responses'!$EQ$2:$EQ62,'Form responses'!$B$2:$B62,">="&$M$1,'Form responses'!$C$2:$C62,"<="&$P$1,'Form responses'!$D$2:$D62,$B15)*Sum!$V$35+sumifs('Form responses'!$ER$2:$ER62,'Form responses'!$B$2:$B62,">="&$M$1,'Form responses'!$C$2:$C62,"<="&$P$1,'Form responses'!$D$2:$D62,$B15)*Sum!$W$35+sumifs('Form responses'!$ES$2:$ES62,'Form responses'!$B$2:$B62,">="&$M$1,'Form responses'!$C$2:$C62,"<="&$P$1,'Form responses'!$D$2:$D62,$B15)*Sum!$X$35+sumifs('Form responses'!$ET$2:$ET62,'Form responses'!$B$2:$B62,">="&$M$1,'Form responses'!$C$2:$C62,"<="&$P$1,'Form responses'!$D$2:$D62,$B15)*Sum!$Y$35 -> 0 | H15: =(( sumifs('Form responses'!$V$2:$V62,'Form responses'!$C$2:$C62,">="&$M$1,'Form responses'!$C$2:$C62,"<="&$P$1,'Form responses'!$D$2:$D62,$B15) )* Sum!$F$35 )+(( sumifs('Form responses'!$W$2:$W62,'Form responses'!$C$2:$C62,">="&$M$1,'Form responses'!$C$2:$C62,"<="&$P$1,'Form responses'!$D$2:$D62,$B15) )* Sum!$G$35 ) -> 0 | I15: =(( sumifs('Form responses'!$X$2:$X62,'Form responses'!$C$2:$C62,">="&$M$1,'Form responses'!$C$2:$C62,"<="&$P$1,'Form responses'!$D$2:$D62,$B15) )*Sum!$H$35)+(( sumifs('Form responses'!$Y$2:$Y62,'Form responses'!$C$2:$C62,">="&$M$1,'Form responses'!$C$2:$C62,"<="&$P$1,'Form responses'!$D$2:$D62,$B15) )*Sum!$I$35)+(( sumifs('Form responses'!$Z$2:$Z62,'Form responses'!$C$2:$C62,">="&$M$1,'Form responses'!$C$2:$C62,"<="&$P$1,'Form responses'!$D$2:$D62,$B15) )*Sum!$Z$35) -> 0 | J15: =SUM(C15:I15) -> 0 | K15: =( sumifs('Form responses'!$AV$2:$AV62,'Form responses'!$C$2:$C62,">="&$M$1,'Form responses'!$C$2:$C62,"<="&$P$1,'Form responses'!$D$2:$D62,$B15) + sumifs('Form responses'!$AW$2:$AW62,'Form responses'!$C$2:$C62,">="&$M$1,'Form responses'!$C$2:$C62,"<="&$P$1,'Form responses'!$D$2:$D62,$B15) + sumifs('Form responses'!$AX$2:$AX62,'Form responses'!$C$2:$C62,">="&$M$1,'Form responses'!$C$2:$C62,"<="&$P$1,'Form responses'!$D$2:$D62,$B15) + sumifs('Form responses'!$AY$2:$AY62,'Form responses'!$C$2:$C62,">="&$M$1,'Form responses'!$C$2:$C62,"<="&$P$1,'Form responses'!$D$2:$D62,$B15) )*Sum!$Q$35 -> 0 | L15: =( sumifs('Form responses'!$BD$2:$BD62,'Form responses'!$C$2:$C62,">="&$M$1,'Form responses'!$C$2:$C62,"<="&$P$1,'Form responses'!$D$2:$D62,$B15) + sumifs('Form responses'!$BE$2:$BE62,'Form responses'!$C$2:$C62,">="&$M$1,'Form responses'!$C$2:$C62,"<="&$P$1,'Form responses'!$D$2:$D62,$B15) )*Sum!$R$35 -> 0 | M15: =( sumifs('Form responses'!$BF$2:$BF62,'Form responses'!$C$2:$C62,">="&$M$1,'Form responses'!$C$2:$C62,"<="&$P$1,'Form responses'!$D$2:$D62,$B15) + sumifs('Form responses'!$BG$2:$BG62,'Form responses'!$C$2:$C62,">="&$M$1,'Form responses'!$C$2:$C62,"<="&$P$1,'Form responses'!$D$2:$D62,$B15) )*Sum!$S$35 -> 0 | N15: =sumifs('Form responses'!$BL$2:$BL62,'Form responses'!$C$2:$C62,">="&$M$1,'Form responses'!$C$2:$C62,"<="&$P$1,'Form responses'!$D$2:$D62,$B15) *Sum!$T$35 -> 0 | O15: =SUM(K15:N15) -> 0 | P15: =((sumifs('Form responses'!$BN$2:$BN62,'Form responses'!$C$2:$C62,">="&$M$1,'Form responses'!$C$2:$C62,"<="&$P$1,'Form responses'!$D$2:$D62,$B15)+ sumifs('Form responses'!$BO$2:$BO62,'Form responses'!$C$2:$C62,">="&$M$1,'Form responses'!$C$2:$C62,"<="&$P$1,'Form responses'!$D$2:$D62,$B15))*Sum!$U$35) -> 0 | Q15: =O15+P15 -> 0 | R15: =J15+Q15 -> 0
B16: CVD Chathewala | C16: =((sumifs('Form responses'!$G$2:$G62,'Form responses'!$C$2:$C62,">="&$M$1,'Form responses'!$C$2:$C62,"<="&$P$1,'Form responses'!$D$2:$D62,$B16) +sumifs('Form responses'!$H$2:$H62,'Form responses'!$C$2:$C62,">="&$M$1,'Form responses'!$C$2:$C62,"<="&$P$1,'Form responses'!$D$2:$D62,$B16) +sumifs('Form responses'!$I$2:$I62,'Form responses'!$C$2:$C62,">="&$M$1,'Form responses'!$C$2:$C62,"<="&$P$1,'Form responses'!$D$2:$D62,$B16) )*Sum!$B$35) -> 0 | D16: =((sumifs('Form responses'!$J$2:$J62,'Form responses'!$C$2:$C62,">="&$M$1,'Form responses'!$C$2:$C62,"<="&$P$1,'Form responses'!$D$2:$D62,$B16))*Sum!$C$35) -> 0 | E16: =(( sumifs('Form responses'!$S$2:$S62,'Form responses'!$C$2:$C62,">="&$M$1,'Form responses'!$C$2:$C62,"<="&$P$1,'Form responses'!$D$2:$D62,$B16) + sumifs('Form responses'!$T$2:$T62,'Form responses'!$C$2:$C62,">="&$M$1,'Form responses'!$C$2:$C62,"<="&$P$1,'Form responses'!$D$2:$D62,$B16) )*Sum!$E$35 ) -> 0 | F16: =sumifs('Form responses'!$U$2:$U62,'Form responses'!$C$2:$C62,">="&$M$1,'Form responses'!$C$2:$C62,"<="&$P$1,'Form responses'!$D$2:$D62,$B16) *Sum!$D$35 -> 0 | G16: =sumifs('Form responses'!$EQ$2:$EQ62,'Form responses'!$B$2:$B62,">="&$M$1,'Form responses'!$C$2:$C62,"<="&$P$1,'Form responses'!$D$2:$D62,$B16)*Sum!$V$35+sumifs('Form responses'!$ER$2:$ER62,'Form responses'!$B$2:$B62,">="&$M$1,'Form responses'!$C$2:$C62,"<="&$P$1,'Form responses'!$D$2:$D62,$B16)*Sum!$W$35+sumifs('Form responses'!$ES$2:$ES62,'Form responses'!$B$2:$B62,">="&$M$1,'Form responses'!$C$2:$C62,"<="&$P$1,'Form responses'!$D$2:$D62,$B16)*Sum!$X$35+sumifs('Form responses'!$ET$2:$ET62,'Form responses'!$B$2:$B62,">="&$M$1,'Form responses'!$C$2:$C62,"<="&$P$1,'Form responses'!$D$2:$D62,$B16)*Sum!$Y$35 -> 0 | H16: =(( sumifs('Form responses'!$V$2:$V62,'Form responses'!$C$2:$C62,">="&$M$1,'Form responses'!$C$2:$C62,"<="&$P$1,'Form responses'!$D$2:$D62,$B16) )* Sum!$F$35 )+(( sumifs('Form responses'!$W$2:$W62,'Form responses'!$C$2:$C62,">="&$M$1,'Form responses'!$C$2:$C62,"<="&$P$1,'Form responses'!$D$2:$D62,$B16) )* Sum!$G$35 ) -> 0 | I16: =(( sumifs('Form responses'!$X$2:$X62,'Form responses'!$C$2:$C62,">="&$M$1,'Form responses'!$C$2:$C62,"<="&$P$1,'Form responses'!$D$2:$D62,$B16) )*Sum!$H$35)+(( sumifs('Form responses'!$Y$2:$Y62,'Form responses'!$C$2:$C62,">="&$M$1,'Form responses'!$C$2:$C62,"<="&$P$1,'Form responses'!$D$2:$D62,$B16) )*Sum!$I$35)+(( sumifs('Form responses'!$Z$2:$Z62,'Form responses'!$C$2:$C62,">="&$M$1,'Form responses'!$C$2:$C62,"<="&$P$1,'Form responses'!$D$2:$D62,$B16) )*Sum!$Z$35) -> 0 | J16: =SUM(C16:I16) -> 0 | K16: =( sumifs('Form responses'!$AV$2:$AV62,'Form responses'!$C$2:$C62,">="&$M$1,'Form responses'!$C$2:$C62,"<="&$P$1,'Form responses'!$D$2:$D62,$B16) + sumifs('Form responses'!$AW$2:$AW62,'Form responses'!$C$2:$C62,">="&$M$1,'Form responses'!$C$2:$C62,"<="&$P$1,'Form responses'!$D$2:$D62,$B16) + sumifs('Form responses'!$AX$2:$AX62,'Form responses'!$C$2:$C62,">="&$M$1,'Form responses'!$C$2:$C62,"<="&$P$1,'Form responses'!$D$2:$D62,$B16) + sumifs('Form responses'!$AY$2:$AY62,'Form responses'!$C$2:$C62,">="&$M$1,'Form responses'!$C$2:$C62,"<="&$P$1,'Form responses'!$D$2:$D62,$B16) )*Sum!$Q$35 -> 0 | L16: =( sumifs('Form responses'!$BD$2:$BD62,'Form responses'!$C$2:$C62,">="&$M$1,'Form responses'!$C$2:$C62,"<="&$P$1,'Form responses'!$D$2:$D62,$B16) + sumifs('Form responses'!$BE$2:$BE62,'Form responses'!$C$2:$C62,">="&$M$1,'Form responses'!$C$2:$C62,"<="&$P$1,'Form responses'!$D$2:$D62,$B16) )*Sum!$R$35 -> 0 | M16: =( sumifs('Form responses'!$BF$2:$BF62,'Form responses'!$C$2:$C62,">="&$M$1,'Form responses'!$C$2:$C62,"<="&$P$1,'Form responses'!$D$2:$D62,$B16) + sumifs('Form responses'!$BG$2:$BG62,'Form responses'!$C$2:$C62,">="&$M$1,'Form responses'!$C$2:$C62,"<="&$P$1,'Form responses'!$D$2:$D62,$B16) )*Sum!$S$35 -> 0 | N16: =sumifs('Form responses'!$BL$2:$BL62,'Form responses'!$C$2:$C62,">="&$M$1,'Form responses'!$C$2:$C62,"<="&$P$1,'Form responses'!$D$2:$D62,$B16) *Sum!$T$35 -> 0 | O16: =SUM(K16:N16) -> 0 | P16: =((sumifs('Form responses'!$BN$2:$BN62,'Form responses'!$C$2:$C62,">="&$M$1,'Form responses'!$C$2:$C62,"<="&$P$1,'Form responses'!$D$2:$D62,$B16)+ sumifs('Form responses'!$BO$2:$BO62,'Form responses'!$C$2:$C62,">="&$M$1,'Form responses'!$C$2:$C62,"<="&$P$1,'Form responses'!$D$2:$D62,$B16))*Sum!$U$35) -> 0 | Q16: =O16+P16 -> 0 | R16: =J16+Q16 -> 0
B17: CVD Burj Sema | C17: =((sumifs('Form responses'!$G$2:$G62,'Form responses'!$C$2:$C62,">="&$M$1,'Form responses'!$C$2:$C62,"<="&$P$1,'Form responses'!$D$2:$D62,$B17) +sumifs('Form responses'!$H$2:$H62,'Form responses'!$C$2:$C62,">="&$M$1,'Form responses'!$C$2:$C62,"<="&$P$1,'Form responses'!$D$2:$D62,$B17) +sumifs('Form responses'!$I$2:$I62,'Form responses'!$C$2:$C62,">="&$M$1,'Form responses'!$C$2:$C62,"<="&$P$1,'Form responses'!$D$2:$D62,$B17) )*Sum!$B$35) -> 0 | D17: =((sumifs('Form responses'!$J$2:$J62,'Form responses'!$C$2:$C62,">="&$M$1,'Form responses'!$C$2:$C62,"<="&$P$1,'Form responses'!$D$2:$D62,$B17))*Sum!$C$35) -> 0 | E17: =(( sumifs('Form responses'!$S$2:$S62,'Form responses'!$C$2:$C62,">="&$M$1,'Form responses'!$C$2:$C62,"<="&$P$1,'Form responses'!$D$2:$D62,$B17) + sumifs('Form responses'!$T$2:$T62,'Form responses'!$C$2:$C62,">="&$M$1,'Form responses'!$C$2:$C62,"<="&$P$1,'Form responses'!$D$2:$D62,$B17) )*Sum!$E$35 ) -> 0 | F17: =sumifs('Form responses'!$U$2:$U62,'Form responses'!$C$2:$C62,">="&$M$1,'Form responses'!$C$2:$C62,"<="&$P$1,'Form responses'!$D$2:$D62,$B17) *Sum!$D$35 -> 0 | G17: =sumifs('Form responses'!$EQ$2:$EQ62,'Form responses'!$B$2:$B62,">="&$M$1,'Form responses'!$C$2:$C62,"<="&$P$1,'Form responses'!$D$2:$D62,$B17)*Sum!$V$35+sumifs('Form responses'!$ER$2:$ER62,'Form responses'!$B$2:$B62,">="&$M$1,'Form responses'!$C$2:$C62,"<="&$P$1,'Form responses'!$D$2:$D62,$B17)*Sum!$W$35+sumifs('Form responses'!$ES$2:$ES62,'Form responses'!$B$2:$B62,">="&$M$1,'Form responses'!$C$2:$C62,"<="&$P$1,'Form responses'!$D$2:$D62,$B17)*Sum!$X$35+sumifs('Form responses'!$ET$2:$ET62,'Form responses'!$B$2:$B62,">="&$M$1,'Form responses'!$C$2:$C62,"<="&$P$1,'Form responses'!$D$2:$D62,$B17)*Sum!$Y$35 -> 0 | H17: =(( sumifs('Form responses'!$V$2:$V62,'Form responses'!$C$2:$C62,">="&$M$1,'Form responses'!$C$2:$C62,"<="&$P$1,'Form responses'!$D$2:$D62,$B17) )* Sum!$F$35 )+(( sumifs('Form responses'!$W$2:$W62,'Form responses'!$C$2:$C62,">="&$M$1,'Form responses'!$C$2:$C62,"<="&$P$1,'Form responses'!$D$2:$D62,$B17) )* Sum!$G$35 ) -> 0 | I17: =(( sumifs('Form responses'!$X$2:$X62,'Form responses'!$C$2:$C62,">="&$M$1,'Form responses'!$C$2:$C62,"<="&$P$1,'Form responses'!$D$2:$D62,$B17) )*Sum!$H$35)+(( sumifs('Form responses'!$Y$2:$Y62,'Form responses'!$C$2:$C62,">="&$M$1,'Form responses'!$C$2:$C62,"<="&$P$1,'Form responses'!$D$2:$D62,$B17) )*Sum!$I$35)+(( sumifs('Form responses'!$Z$2:$Z62,'Form responses'!$C$2:$C62,">="&$M$1,'Form responses'!$C$2:$C62,"<="&$P$1,'Form responses'!$D$2:$D62,$B17) )*Sum!$Z$35) -> 0 | J17: =SUM(C17:I17) -> 0 | K17: =( sumifs('Form responses'!$AV$2:$AV62,'Form responses'!$C$2:$C62,">="&$M$1,'Form responses'!$C$2:$C62,"<="&$P$1,'Form responses'!$D$2:$D62,$B17) + sumifs('Form responses'!$AW$2:$AW62,'Form responses'!$C$2:$C62,">="&$M$1,'Form responses'!$C$2:$C62,"<="&$P$1,'Form responses'!$D$2:$D62,$B17) + sumifs('Form responses'!$AX$2:$AX62,'Form responses'!$C$2:$C62,">="&$M$1,'Form responses'!$C$2:$C62,"<="&$P$1,'Form responses'!$D$2:$D62,$B17) + sumifs('Form responses'!$AY$2:$AY62,'Form responses'!$C$2:$C62,">="&$M$1,'Form responses'!$C$2:$C62,"<="&$P$1,'Form responses'!$D$2:$D62,$B17) )*Sum!$Q$35 -> 0 | L17: =( sumifs('Form responses'!$BD$2:$BD62,'Form responses'!$C$2:$C62,">="&$M$1,'Form responses'!$C$2:$C62,"<="&$P$1,'Form responses'!$D$2:$D62,$B17) + sumifs('Form responses'!$BE$2:$BE62,'Form responses'!$C$2:$C62,">="&$M$1,'Form responses'!$C$2:$C62,"<="&$P$1,'Form responses'!$D$2:$D62,$B17) )*Sum!$R$35 -> 0 | M17: =( sumifs('Form responses'!$BF$2:$BF62,'Form responses'!$C$2:$C62,">="&$M$1,'Form responses'!$C$2:$C62,"<="&$P$1,'Form responses'!$D$2:$D62,$B17) + sumifs('Form responses'!$BG$2:$BG62,'Form responses'!$C$2:$C62,">="&$M$1,'Form responses'!$C$2:$C62,"<="&$P$1,'Form responses'!$D$2:$D62,$B17) )*Sum!$S$35 -> 0 | N17: =sumifs('Form responses'!$BL$2:$BL62,'Form responses'!$C$2:$C62,">="&$M$1,'Form responses'!$C$2:$C62,"<="&$P$1,'Form responses'!$D$2:$D62,$B17) *Sum!$T$35 -> 0 | O17: =SUM(K17:N17) -> 0 | P17: =((sumifs('Form responses'!$BN$2:$BN62,'Form responses'!$C$2:$C62,">="&$M$1,'Form responses'!$C$2:$C62,"<="&$P$1,'Form responses'!$D$2:$D62,$B17)+ sumifs('Form responses'!$BO$2:$BO62,'Form responses'!$C$2:$C62,">="&$M$1,'Form responses'!$C$2:$C62,"<="&$P$1,'Form responses'!$D$2:$D62,$B17))*Sum!$U$35) -> 0 | Q17: =O17+P17 -> 0 | R17: =J17+Q17 -> 0
B18: PAW Natt | C18: =((sumifs('Form responses'!$G$2:$G62,'Form responses'!$C$2:$C62,">="&$M$1,'Form responses'!$C$2:$C62,"<="&$P$1,'Form responses'!$D$2:$D62,$B18) +sumifs('Form responses'!$H$2:$H62,'Form responses'!$C$2:$C62,">="&$M$1,'Form responses'!$C$2:$C62,"<="&$P$1,'Form responses'!$D$2:$D62,$B18) +sumifs('Form responses'!$I$2:$I62,'Form responses'!$C$2:$C62,">="&$M$1,'Form responses'!$C$2:$C62,"<="&$P$1,'Form responses'!$D$2:$D62,$B18) )*Sum!$B$35) -> 0 | D18: =((sumifs('Form responses'!$J$2:$J62,'Form responses'!$C$2:$C62,">="&$M$1,'Form responses'!$C$2:$C62,"<="&$P$1,'Form responses'!$D$2:$D62,$B18))*Sum!$C$35) -> 0 | E18: =(( sumifs('Form responses'!$S$2:$S62,'Form responses'!$C$2:$C62,">="&$M$1,'Form responses'!$C$2:$C62,"<="&$P$1,'Form responses'!$D$2:$D62,$B18) + sumifs('Form responses'!$T$2:$T62,'Form responses'!$C$2:$C62,">="&$M$1,'Form responses'!$C$2:$C62,"<="&$P$1,'Form responses'!$D$2:$D62,$B18) )*Sum!$E$35 ) -> 0 | F18: =sumifs('Form responses'!$U$2:$U62,'Form responses'!$C$2:$C62,">="&$M$1,'Form responses'!$C$2:$C62,"<="&$P$1,'Form responses'!$D$2:$D62,$B18) *Sum!$D$35 -> 0 | G18: =sumifs('Form responses'!$EQ$2:$EQ62,'Form responses'!$B$2:$B62,">="&$M$1,'Form responses'!$C$2:$C62,"<="&$P$1,'Form responses'!$D$2:$D62,$B18)*Sum!$V$35+sumifs('Form responses'!$ER$2:$ER62,'Form responses'!$B$2:$B62,">="&$M$1,'Form responses'!$C$2:$C62,"<="&$P$1,'Form responses'!$D$2:$D62,$B18)*Sum!$W$35+sumifs('Form responses'!$ES$2:$ES62,'Form responses'!$B$2:$B62,">="&$M$1,'Form responses'!$C$2:$C62,"<="&$P$1,'Form responses'!$D$2:$D62,$B18)*Sum!$X$35+sumifs('Form responses'!$ET$2:$ET62,'Form responses'!$B$2:$B62,">="&$M$1,'Form responses'!$C$2:$C62,"<="&$P$1,'Form responses'!$D$2:$D62,$B18)*Sum!$Y$35 -> 0 | H18: =(( sumifs('Form responses'!$V$2:$V62,'Form responses'!$C$2:$C62,">="&$M$1,'Form responses'!$C$2:$C62,"<="&$P$1,'Form responses'!$D$2:$D62,$B18) )* Sum!$F$35 )+(( sumifs('Form responses'!$W$2:$W62,'Form responses'!$C$2:$C62,">="&$M$1,'Form responses'!$C$2:$C62,"<="&$P$1,'Form responses'!$D$2:$D62,$B18) )* Sum!$G$35 ) -> 0 | I18: =(( sumifs('Form responses'!$X$2:$X62,'Form responses'!$C$2:$C62,">="&$M$1,'Form responses'!$C$2:$C62,"<="&$P$1,'Form responses'!$D$2:$D62,$B18) )*Sum!$H$35)+(( sumifs('Form responses'!$Y$2:$Y62,'Form responses'!$C$2:$C62,">="&$M$1,'Form responses'!$C$2:$C62,"<="&$P$1,'Form responses'!$D$2:$D62,$B18) )*Sum!$I$35)+(( sumifs('Form responses'!$Z$2:$Z62,'Form responses'!$C$2:$C62,">="&$M$1,'Form responses'!$C$2:$C62,"<="&$P$1,'Form responses'!$D$2:$D62,$B18) )*Sum!$Z$35) -> 0 | J18: =SUM(C18:I18) -> 0 | K18: =( sumifs('Form responses'!$AV$2:$AV62,'Form responses'!$C$2:$C62,">="&$M$1,'Form responses'!$C$2:$C62,"<="&$P$1,'Form responses'!$D$2:$D62,$B18) + sumifs('Form responses'!$AW$2:$AW62,'Form responses'!$C$2:$C62,">="&$M$1,'Form responses'!$C$2:$C62,"<="&$P$1,'Form responses'!$D$2:$D62,$B18) + sumifs('Form responses'!$AX$2:$AX62,'Form responses'!$C$2:$C62,">="&$M$1,'Form responses'!$C$2:$C62,"<="&$P$1,'Form responses'!$D$2:$D62,$B18) + sumifs('Form responses'!$AY$2:$AY62,'Form responses'!$C$2:$C62,">="&$M$1,'Form responses'!$C$2:$C62,"<="&$P$1,'Form responses'!$D$2:$D62,$B18) )*Sum!$Q$35 -> 0 | L18: =( sumifs('Form responses'!$BD$2:$BD62,'Form responses'!$C$2:$C62,">="&$M$1,'Form responses'!$C$2:$C62,"<="&$P$1,'Form responses'!$D$2:$D62,$B18) + sumifs('Form responses'!$BE$2:$BE62,'Form responses'!$C$2:$C62,">="&$M$1,'Form responses'!$C$2:$C62,"<="&$P$1,'Form responses'!$D$2:$D62,$B18) )*Sum!$R$35 -> 0 | M18: =( sumifs('Form responses'!$BF$2:$BF62,'Form responses'!$C$2:$C62,">="&$M$1,'Form responses'!$C$2:$C62,"<="&$P$1,'Form responses'!$D$2:$D62,$B18) + sumifs('Form responses'!$BG$2:$BG62,'Form responses'!$C$2:$C62,">="&$M$1,'Form responses'!$C$2:$C62,"<="&$P$1,'Form responses'!$D$2:$D62,$B18) )*Sum!$S$35 -> 0 | N18: =sumifs('Form responses'!$BL$2:$BL62,'Form responses'!$C$2:$C62,">="&$M$1,'Form responses'!$C$2:$C62,"<="&$P$1,'Form responses'!$D$2:$D62,$B18) *Sum!$T$35 -> 0 | O18: =SUM(K18:N18) -> 0 | P18: =((sumifs('Form responses'!$BN$2:$BN62,'Form responses'!$C$2:$C62,">="&$M$1,'Form responses'!$C$2:$C62,"<="&$P$1,'Form responses'!$D$2:$D62,$B18)+ sumifs('Form responses'!$BO$2:$BO62,'Form responses'!$C$2:$C62,">="&$M$1,'Form responses'!$C$2:$C62,"<="&$P$1,'Form responses'!$D$2:$D62,$B18))*Sum!$U$35) -> 0 | Q18: =O18+P18 -> 0 | R18: =J18+Q18 -> 0
A19: 4 | B19: CVH Raman Mandi | C19: =((sumifs('Form responses'!$G$2:$G62,'Form responses'!$C$2:$C62,">="&$M$1,'Form responses'!$C$2:$C62,"<="&$P$1,'Form responses'!$D$2:$D62,$B19) +sumifs('Form responses'!$H$2:$H62,'Form responses'!$C$2:$C62,">="&$M$1,'Form responses'!$C$2:$C62,"<="&$P$1,'Form responses'!$D$2:$D62,$B19) +sumifs('Form responses'!$I$2:$I62,'Form responses'!$C$2:$C62,">="&$M$1,'Form responses'!$C$2:$C62,"<="&$P$1,'Form responses'!$D$2:$D62,$B19) )*Sum!$B$35) -> 0 | D19: =((sumifs('Form responses'!$J$2:$J62,'Form responses'!$C$2:$C62,">="&$M$1,'Form responses'!$C$2:$C62,"<="&$P$1,'Form responses'!$D$2:$D62,$B19))*Sum!$C$35) -> 0 | E19: =(( sumifs('Form responses'!$S$2:$S62,'Form responses'!$C$2:$C62,">="&$M$1,'Form responses'!$C$2:$C62,"<="&$P$1,'Form responses'!$D$2:$D62,$B19) + sumifs('Form responses'!$T$2:$T62,'Form responses'!$C$2:$C62,">="&$M$1,'Form responses'!$C$2:$C62,"<="&$P$1,'Form responses'!$D$2:$D62,$B19) )*Sum!$E$35 ) -> 0 | F19: =sumifs('Form responses'!$U$2:$U62,'Form responses'!$C$2:$C62,">="&$M$1,'Form responses'!$C$2:$C62,"<="&$P$1,'Form responses'!$D$2:$D62,$B19) *Sum!$D$35 -> 0 | G19: =sumifs('Form responses'!$EQ$2:$EQ62,'Form responses'!$B$2:$B62,">="&$M$1,'Form responses'!$C$2:$C62,"<="&$P$1,'Form responses'!$D$2:$D62,$B19)*Sum!$V$35+sumifs('Form responses'!$ER$2:$ER62,'Form responses'!$B$2:$B62,">="&$M$1,'Form responses'!$C$2:$C62,"<="&$P$1,'Form responses'!$D$2:$D62,$B19)*Sum!$W$35+sumifs('Form responses'!$ES$2:$ES62,'Form responses'!$B$2:$B62,">="&$M$1,'Form responses'!$C$2:$C62,"<="&$P$1,'Form responses'!$D$2:$D62,$B19)*Sum!$X$35+sumifs('Form responses'!$ET$2:$ET62,'Form responses'!$B$2:$B62,">="&$M$1,'Form responses'!$C$2:$C62,"<="&$P$1,'Form responses'!$D$2:$D62,$B19)*Sum!$Y$35 -> 0 | H19: =(( sumifs('Form responses'!$V$2:$V62,'Form responses'!$C$2:$C62,">="&$M$1,'Form responses'!$C$2:$C62,"<="&$P$1,'Form responses'!$D$2:$D62,$B19) )* Sum!$F$35 )+(( sumifs('Form responses'!$W$2:$W62,'Form responses'!$C$2:$C62,">="&$M$1,'Form responses'!$C$2:$C62,"<="&$P$1,'Form responses'!$D$2:$D62,$B19) )* Sum!$G$35 ) -> 0 | I19: =(( sumifs('Form responses'!$X$2:$X62,'Form responses'!$C$2:$C62,">="&$M$1,'Form responses'!$C$2:$C62,"<="&$P$1,'Form responses'!$D$2:$D62,$B19) )*Sum!$H$35)+(( sumifs('Form responses'!$Y$2:$Y62,'Form responses'!$C$2:$C62,">="&$M$1,'Form responses'!$C$2:$C62,"<="&$P$1,'Form responses'!$D$2:$D62,$B19) )*Sum!$I$35)+(( sumifs('Form responses'!$Z$2:$Z62,'Form responses'!$C$2:$C62,">="&$M$1,'Form responses'!$C$2:$C62,"<="&$P$1,'Form responses'!$D$2:$D62,$B19) )*Sum!$Z$35) -> 0 | J19: =SUM(C19:I19) -> 0 | K19: =( sumifs('Form responses'!$AV$2:$AV62,'Form responses'!$C$2:$C62,">="&$M$1,'Form responses'!$C$2:$C62,"<="&$P$1,'Form responses'!$D$2:$D62,$B19) + sumifs('Form responses'!$AW$2:$AW62,'Form responses'!$C$2:$C62,">="&$M$1,'Form responses'!$C$2:$C62,"<="&$P$1,'Form responses'!$D$2:$D62,$B19) + sumifs('Form responses'!$AX$2:$AX62,'Form responses'!$C$2:$C62,">="&$M$1,'Form responses'!$C$2:$C62,"<="&$P$1,'Form responses'!$D$2:$D62,$B19) + sumifs('Form responses'!$AY$2:$AY62,'Form responses'!$C$2:$C62,">="&$M$1,'Form responses'!$C$2:$C62,"<="&$P$1,'Form responses'!$D$2:$D62,$B19) )*Sum!$Q$35 -> 0 | L19: =( sumifs('Form responses'!$BD$2:$BD62,'Form responses'!$C$2:$C62,">="&$M$1,'Form responses'!$C$2:$C62,"<="&$P$1,'Form responses'!$D$2:$D62,$B19) + sumifs('Form responses'!$BE$2:$BE62,'Form responses'!$C$2:$C62,">="&$M$1,'Form responses'!$C$2:$C62,"<="&$P$1,'Form responses'!$D$2:$D62,$B19) )*Sum!$R$35 -> 0 | M19: =( sumifs('Form responses'!$BF$2:$BF62,'Form responses'!$C$2:$C62,">="&$M$1,'Form responses'!$C$2:$C62,"<="&$P$1,'Form responses'!$D$2:$D62,$B19) + sumifs('Form responses'!$BG$2:$BG62,'Form responses'!$C$2:$C62,">="&$M$1,'Form responses'!$C$2:$C62,"<="&$P$1,'Form responses'!$D$2:$D62,$B19) )*Sum!$S$35 -> 0 | N19: =sumifs('Form responses'!$BL$2:$BL62,'Form responses'!$C$2:$C62,">="&$M$1,'Form responses'!$C$2:$C62,"<="&$P$1,'Form responses'!$D$2:$D62,$B19) *Sum!$T$35 -> 0 | O19: =SUM(K19:N19) -> 0 | P19: =((sumifs('Form responses'!$BN$2:$BN62,'Form responses'!$C$2:$C62,">="&$M$1,'Form responses'!$C$2:$C62,"<="&$P$1,'Form responses'!$D$2:$D62,$B19)+ sumifs('Form responses'!$BO$2:$BO62,'Form responses'!$C$2:$C62,">="&$M$1,'Form responses'!$C$2:$C62,"<="&$P$1,'Form responses'!$D$2:$D62,$B19))*Sum!$U$35) -> 0 | Q19: =O19+P19 -> 0 | R19: =J19+Q19 -> 0
B20: PAW Kamalu | C20: =((sumifs('Form responses'!$G$2:$G62,'Form responses'!$C$2:$C62,">="&$M$1,'Form responses'!$C$2:$C62,"<="&$P$1,'Form responses'!$D$2:$D62,$B20) +sumifs('Form responses'!$H$2:$H62,'Form responses'!$C$2:$C62,">="&$M$1,'Form responses'!$C$2:$C62,"<="&$P$1,'Form responses'!$D$2:$D62,$B20) +sumifs('Form responses'!$I$2:$I62,'Form responses'!$C$2:$C62,">="&$M$1,'Form responses'!$C$2:$C62,"<="&$P$1,'Form responses'!$D$2:$D62,$B20) )*Sum!$B$35) -> 0 | D20: =((sumifs('Form responses'!$J$2:$J62,'Form responses'!$C$2:$C62,">="&$M$1,'Form responses'!$C$2:$C62,"<="&$P$1,'Form responses'!$D$2:$D62,$B20))*Sum!$C$35) -> 0 | E20: =(( sumifs('Form responses'!$S$2:$S62,'Form responses'!$C$2:$C62,">="&$M$1,'Form responses'!$C$2:$C62,"<="&$P$1,'Form responses'!$D$2:$D62,$B20) + sumifs('Form responses'!$T$2:$T62,'Form responses'!$C$2:$C62,">="&$M$1,'Form responses'!$C$2:$C62,"<="&$P$1,'Form responses'!$D$2:$D62,$B20) )*Sum!$E$35 ) -> 0 | F20: =sumifs('Form responses'!$U$2:$U62,'Form responses'!$C$2:$C62,">="&$M$1,'Form responses'!$C$2:$C62,"<="&$P$1,'Form responses'!$D$2:$D62,$B20) *Sum!$D$35 -> 0 | G20: =sumifs('Form responses'!$EQ$2:$EQ62,'Form responses'!$B$2:$B62,">="&$M$1,'Form responses'!$C$2:$C62,"<="&$P$1,'Form responses'!$D$2:$D62,$B20)*Sum!$V$35+sumifs('Form responses'!$ER$2:$ER62,'Form responses'!$B$2:$B62,">="&$M$1,'Form responses'!$C$2:$C62,"<="&$P$1,'Form responses'!$D$2:$D62,$B20)*Sum!$W$35+sumifs('Form responses'!$ES$2:$ES62,'Form responses'!$B$2:$B62,">="&$M$1,'Form responses'!$C$2:$C62,"<="&$P$1,'Form responses'!$D$2:$D62,$B20)*Sum!$X$35+sumifs('Form responses'!$ET$2:$ET62,'Form responses'!$B$2:$B62,">="&$M$1,'Form responses'!$C$2:$C62,"<="&$P$1,'Form responses'!$D$2:$D62,$B20)*Sum!$Y$35 -> 0 | H20: =(( sumifs('Form responses'!$V$2:$V62,'Form responses'!$C$2:$C62,">="&$M$1,'Form responses'!$C$2:$C62,"<="&$P$1,'Form responses'!$D$2:$D62,$B20) )* Sum!$F$35 )+(( sumifs('Form responses'!$W$2:$W62,'Form responses'!$C$2:$C62,">="&$M$1,'Form responses'!$C$2:$C62,"<="&$P$1,'Form responses'!$D$2:$D62,$B20) )* Sum!$G$35 ) -> 0 | I20: =(( sumifs('Form responses'!$X$2:$X62,'Form responses'!$C$2:$C62,">="&$M$1,'Form responses'!$C$2:$C62,"<="&$P$1,'Form responses'!$D$2:$D62,$B20) )*Sum!$H$35)+(( sumifs('Form responses'!$Y$2:$Y62,'Form responses'!$C$2:$C62,">="&$M$1,'Form responses'!$C$2:$C62,"<="&$P$1,'Form responses'!$D$2:$D62,$B20) )*Sum!$I$35)+(( sumifs('Form responses'!$Z$2:$Z62,'Form responses'!$C$2:$C62,">="&$M$1,'Form responses'!$C$2:$C62,"<="&$P$1,'Form responses'!$D$2:$D62,$B20) )*Sum!$Z$35) -> 0 | J20: =SUM(C20:I20) -> 0 | K20: =( sumifs('Form responses'!$AV$2:$AV62,'Form responses'!$C$2:$C62,">="&$M$1,'Form responses'!$C$2:$C62,"<="&$P$1,'Form responses'!$D$2:$D62,$B20) + sumifs('Form responses'!$AW$2:$AW62,'Form responses'!$C$2:$C62,">="&$M$1,'Form responses'!$C$2:$C62,"<="&$P$1,'Form responses'!$D$2:$D62,$B20) + sumifs('Form responses'!$AX$2:$AX62,'Form responses'!$C$2:$C62,">="&$M$1,'Form responses'!$C$2:$C62,"<="&$P$1,'Form responses'!$D$2:$D62,$B20) + sumifs('Form responses'!$AY$2:$AY62,'Form responses'!$C$2:$C62,">="&$M$1,'Form responses'!$C$2:$C62,"<="&$P$1,'Form responses'!$D$2:$D62,$B20) )*Sum!$Q$35 -> 0 | L20: =( sumifs('Form responses'!$BD$2:$BD62,'Form responses'!$C$2:$C62,">="&$M$1,'Form responses'!$C$2:$C62,"<="&$P$1,'Form responses'!$D$2:$D62,$B20) + sumifs('Form responses'!$BE$2:$BE62,'Form responses'!$C$2:$C62,">="&$M$1,'Form responses'!$C$2:$C62,"<="&$P$1,'Form responses'!$D$2:$D62,$B20) )*Sum!$R$35 -> 0 | M20: =( sumifs('Form responses'!$BF$2:$BF62,'Form responses'!$C$2:$C62,">="&$M$1,'Form responses'!$C$2:$C62,"<="&$P$1,'Form responses'!$D$2:$D62,$B20) + sumifs('Form responses'!$BG$2:$BG62,'Form responses'!$C$2:$C62,">="&$M$1,'Form responses'!$C$2:$C62,"<="&$P$1,'Form responses'!$D$2:$D62,$B20) )*Sum!$S$35 -> 0 | N20: =sumifs('Form responses'!$BL$2:$BL62,'Form responses'!$C$2:$C62,">="&$M$1,'Form responses'!$C$2:$C62,"<="&$P$1,'Form responses'!$D$2:$D62,$B20) *Sum!$T$35 -> 0 | O20: =SUM(K20:N20) -> 0 | P20: =((sumifs('Form responses'!$BN$2:$BN62,'Form responses'!$C$2:$C62,">="&$M$1,'Form responses'!$C$2:$C62,"<="&$P$1,'Form responses'!$D$2:$D62,$B20)+ sumifs('Form responses'!$BO$2:$BO62,'Form responses'!$C$2:$C62,">="&$M$1,'Form responses'!$C$2:$C62,"<="&$P$1,'Form responses'!$D$2:$D62,$B20))*Sum!$U$35) -> 0 | Q20: =O20+P20 -> 0 | R20: =J20+Q20 -> 0
