Workbook

Sheet Cluster Responses
A1: Timestamp | B1: Date | C1: Name Of Cluster | D1: Transaction Type | E1: Recieving Institute | F1: HF straw | G1: Jersey Straw | H1: Cross Bred Straw | I1: Sahiwal Straw | J1: HF ETT Straw | K1: Jersey ETT Straw | L1: HF Sexed Straw | M1: Jersey Sexed Straw | N1: CB Sexed Straw | O1: Sahiwal Sexed Straw | P1: Murrah Straws | Q1: Nilli Ravi Straw | R1: Murrah Sexed Straw | S1: Nili-ravi Sexed Straw | T1: Other 1 | U1: Other 1
A2: 45032.517 | B2: 45016 | C2: CVH Talwandi Sabo | D2: Recieved | F2: 25 | H2: 30 | J2: 66 | L2: 30 | P2: 320 | R2: 40
A3: 45032.518 | B3: 45017 | C3: CVH Talwandi Sabo | D3: Issued | E3: CVD Teona Pujarian | F3: 5 | J3: 15 | P3: 15
A4: 45032.518 | B4: 45017 | C4: CVH Talwandi Sabo | D4: Issued | E4: CVH Talwandi Sabo | H4: 5 | P4: 5
A5: 45032.519 | B5: 45032 | C5: CVH Talwandi Sabo | D5: Issued | E5: CVD Chathewala | H5: 5 | J5: 30 | L5: 4 | P5: 15 | R5: 1
A6: 45032.522 | B6: 45017 | C6: CVH Talwandi Sabo | D6: Issued | E6: CVH Singo | J6: 15 | P6: 15
A7: 45032.523 | B7: 45019 | C7: CVH Talwandi Sabo | D7: Issued | E7: CVD Teona Pujarian | J7: 15
A8: 45032.523 | B8: 45021 | C8: CVH Talwandi Sabo | D8: Issued | E8: CVD Jaga Ram Tirath | P8: 30
A9: 45032.524 | B9: 45022 | C9: CVH Talwandi Sabo | D9: Issued | E9: CVH Natheha | P9: 30
A10: 45032.524 | B10: 45022 | C10: CVH Talwandi Sabo | D10: Issued | E10: CVD Burj Sema | F10: 5 | P10: 15 | R10: 10
A11: 45032.525 | B11: 45028 | C11: CVH Talwandi Sabo | D11: Recieved | F11: 15 | H11: 15
A12: 45032.525 | B12: 45032 | C12: CVH Talwandi Sabo | D12: Issued | E12: CVD Nangla | H12: 5
A13: 45032.526 | B13: 45028 | C13: CVH Talwandi Sabo | D13: Issued | E13: CVH Shekhpura | F13: 5 | P13: 30
A14: 45032.526 | B14: 45029 | C14: CVH Talwandi Sabo | D14: Issued | E14: CVD Kalalwala | F14: 5
A15: 45032.526 | B15: 45029 | C15: CVH Talwandi Sabo | D15: Issued | E15: CVD Rayia | F15: 5 | P15: 15
A16: 45032.527 | B16: 45031 | C16: CVH Talwandi Sabo | D16: Issued | E16: CVD Chathewala | H16: 15 | P16: 30
A17: 45032.527 | B17: 45031 | C17: CVH Talwandi Sabo | D17: Issued | E17: CVH Talwandi Sabo | F17: 5 | H17: 5
A18: 45032.542 | B18: 45029 | C18: CVH Talwandi Sabo | D18: Issued | E18: CVD Burj Sema
A19: 45032.853 | B19: 45031 | C19: CVH Talwandi Sabo | D19: Issued | E19: CVD Nangla | P19: 15
A20: 45034.661 | B20: 45034 | C20: CVH Talwandi Sabo | D20: Issued | E20: CVD Chathewala | L20: 10
A21: 45036.391 | B21: 45036 | C21: CVH Talwandi Sabo | D21: Issued | E21: CVH Talwandi Sabo | F21: 5 | H21: 10
A22: 45037.554 | B22: 45037 | C22: CVH Talwandi Sabo | D22: Issued | E22: CVH Talwandi Sabo | P22: 15
A23: 45045.368 | B23: 45040 | C23: CVH Talwandi Sabo | D23: Issued | E23: CVH Bhagiwander | P23: 15
A24: 45045.369 | B24: 45044 | C24: CVH Talwandi Sabo | D24: Recieved | L24: 30 | P24: 240 | R24: 30
A25: 45045.369 | B25: 45044 | C25: CVH Talwandi Sabo | D25: Issued | E25: CVH Talwandi Sabo | P25: 15
A26: 45045.56 | B26: 45045 | C26: CVH Talwandi Sabo | D26: Issued | E26: CVD Chathewala | F26: 5 | P26: 15
A27: 45045.565 | B27: 45045 | C27: CVH Talwandi Sabo | D27: Issued | E27: CVD Rayia | P27: 45
A28: 45048.37 | B28: 45048 | C28: CVH Talwandi Sabo | D28: Issued | E28: CVD Burj Sema | P28: 15
A29: 45048.484 | B29: 45048 | C29: CVH Talwandi Sabo | D29: Issued | E29: CVD Teona Pujarian | L29: 10 | P29: 30
A30: 45048.484 | B30: 45048 | C30: CVH Talwandi Sabo | D30: Issued | E30: CVD Nangla | P30: 15
A31: 45055.469 | B31: 45050 | C31: CVH Talwandi Sabo | D31: Issued | E31: CVH Natheha | P31: 30
A32: 45055.469 | B32: 45055 | C32: CVH Talwandi Sabo | D32: Issued | E32: CVH Bhagiwander | P32: 15
A33: 45055.55 | B33: 45055 | C33: CVH Talwandi Sabo | D33: Issued | E33: CVH Singo | P33: 15
A34: 45063.727 | B34: 45063 | C34: CVH Talwandi Sabo | D34: Issued | E34: CVD Nangla | P34: 15
A35: 45072.551 | B35: 45071 | C35: CVH Talwandi Sabo | D35: Issued | E35: CVD Rayia | P35: 0
A36: 45072.551 | B36: 45072 | C36: CVH Talwandi Sabo | D36: Recieved | P36: 105
A37: 45073.366 | B37: 45073 | C37: CVH Talwandi Sabo | D37: Issued | E37: CVD Chathewala | P37: 15
A38: 45073.366 | B38: 45073 | C38: CVH Talwandi Sabo | D38: Issued | E38: CVD Kalalwala | P38: 30
A39: 45076.473 | B39: 45076 | C39: CVH Talwandi Sabo | D39: Issued | E39: CVH Shekhpura | L39: 10 | P39: 45 | R39: 10
A40: 45076.474 | B40: 45076 | C40: CVH Talwandi Sabo | D40: Issued | E40: CVH Natheha | P40: 30
A41: 45077.647 | B41: 45077 | C41: CVH Talwandi Sabo | D41: Issued | E41: CVD Chathewala | P41: 15
A42: 45078.376 | B42: 45078 | C42: CVH Talwandi Sabo | D42: Issued | E42: CVH Talwandi Sabo | P42: 15
A43: 45092.373 | B43: 45082 | C43: CVH Talwandi Sabo | D43: Issued | E43: CVH Talwandi Sabo | P43: 30
A44: 45092.374 | B44: 45086 | C44: CVH Talwandi Sabo | D44: Issued | E44: CVH Bhagiwander
A45: 45092.374 | B45: 45086 | C45: CVH Talwandi Sabo | D45: Issued | E45: CVH Bhagiwander | L45: 10 | P45: 15 | R45: 10
A46: 45092.375 | B46: 45090 | C46: CVH Talwandi Sabo | D46: Issued | E46: CVD Jaga Ram Tirath | P46: 15
A47: 45092.379 | B47: 45091 | C47: CVH Talwandi Sabo | D47: Recieved | P47: 300
A48: 45092.38 | B48: 45091 | C48: CVH Talwandi Sabo | D48: Issued | E48: CVD Teona Pujarian | L48: 10 | P48: 15
A49: 45092.38 | B49: 45092 | C49: CVH Talwandi Sabo | D49: Issued | E49: CVD Burj Sema | P49: 15
A50: 45093.369 | B50: 45092 | C50: CVH Talwandi Sabo | D50: Issued | E50: CVH Singo | R50: 10
A51: 45093.577 | B51: 45093 | C51: CVH Talwandi Sabo | D51: Issued | E51: CVD Nangla | P51: 15
A52: 45097.378 | B52: 45096 | C52: CVH Talwandi Sabo | D52: Issued | E52: CVD Rayia | P52: 30
A53: 45127.41 | B53: 45107 | C53: CVH Talwandi Sabo | D53: Recieved | H53: 30 | I53: 30 | L53: 20 | P53: 105
A54: 45127.411 | B54: 45114 | C54: CVH Talwandi Sabo | D54: Issued | E54: CVD Burj Sema | H54: 5 | P54: 15
A55: 45127.411 | B55: 45118 | C55: CVH Talwandi Sabo | D55: Recieved | F55: 142 | I55: 15
A56: 45127.412 | B56: 45118 | C56: CVH Talwandi Sabo | D56: Issued | E56: CVD Teona Pujarian | F56: 15
A57: 45127.413 | B57: 45118 | C57: CVH Talwandi Sabo | D57: Issued | E57: CVH Talwandi Sabo | F57: 10 | I57: 5
A58: 45127.414 | B58: 45118 | C58: CVH Talwandi Sabo | D58: Issued | E58: CVD Chathewala | F58: 12 | I58: 5 | P58: 15
A59: 45127.414 | B59: 45120 | C59: CVH Talwandi Sabo | D59: Issued | E59: CVD Kalalwala | F59: 10 | H59: 0 | I59: 5 | P59: 15
A60: 45127.415 | B60: 45120 | C60: CVH Talwandi Sabo | D60: Issued | E60: CVD Rayia | F60: 10 | I60: 5
A61: 45127.415 | B61: 45124 | C61: CVH Talwandi Sabo | D61: Issued | E61: CVH Natheha | F61: 15 | P61: 30
A62: 45127.416 | B62: 45125 | C62: CVH Talwandi Sabo | D62: Issued | E62: CVH Bhagiwander | F62: 15 | L62: 10
A63: 45127.418 | B63: 45127 | C63: CVH Talwandi Sabo | D63: Issued | E63: CVD Nangla | F63: 15 | P63: 15
A64: 45127.418 | B64: 45127 | C64: CVH Talwandi Sabo | D64: Issued | E64: CVD Jaga Ram Tirath | F64: 15 | P64: 30
A65: 45129.392 | B65: 45129 | C65: CVH Talwandi Sabo | D65: Issued | E65: CVD Chathewala | H65: 15 | I65: 5
A66: 45133.369 | B66: 45133 | C66: CVH Talwandi Sabo | D66: Issued | E66: CVH Shekhpura | F66: 15 | P66: 45
A67: 45134.356 | B67: 45133 | C67: CVH Talwandi Sabo | D67: Issued | E67: CVD Rayia | P67: 30
A68: 45134.356 | B68: 45134 | C68: CVH Talwandi Sabo | D68: Recieved | J68: 30 | P68: 105
A69: 45134.356 | B69: 45133 | C69: CVH Talwandi Sabo | D69: Issued | E69: CVH Talwandi Sabo | J69: 6 | P69: 15
A70: 45136.355 | B70: 45135 | C70: CVH Talwandi Sabo | D70: Issued | E70: CVH Natheha | P70: 30
A71: 45136.356 | B71: 45136 | C71: CVH Talwandi Sabo | D71: Issued | E71: CVD Burj Sema | F71: 10 | H71: 5 | P71: 15
A72: 45139.447 | B72: 45139 | C72: CVH Talwandi Sabo | D72: Issued | E72: CVH Talwandi Sabo | P72: 0
A73: 45139.447 | B73: 45139 | C73: CVH Talwandi Sabo | D73: Issued | E73: CVD Jaga Ram Tirath | P73: 60
A74: 45139.478 | B74: 45134 | C74: CVH Talwandi Sabo | D74: Issued | E74: CVD Chathewala | I74: 5 | J74: 15 | P74: 15
A75: 45139.478 | B75: 45139 | C75: CVH Talwandi Sabo | D75: Issued | E75: CVH Bhagiwander | P75: 45
A76: 45139.501 | B76: 45139 | C76: CVH Talwandi Sabo | D76: Issued | E76: CVD Teona Pujarian | H76: 5 | P76: 45
A77: 45141.449 | B77: 45141 | C77: CVH Talwandi Sabo | D77: Issued | E77: CVD Chathewala | P77: 15
A78: 45141.488 | B78: 45141 | C78: CVH Talwandi Sabo | D78: Recieved | J78: 30 | P78: 300 | Q78: 60
A79: 45146.485 | B79: 45146 | C79: CVH Talwandi Sabo | D79: Issued | E79: CVD Teona Pujarian | I79: 5 | J79: 5
A80: 45146.492 | B80: 45145 | C80: CVH Talwandi Sabo | D80: Issued | E80: CVD Jaga Ram Tirath | J80: 5
A81: 45146.492 | B81: 45145 | C81: CVH Talwandi Sabo | D81: Issued | E81: CVD Chathewala | J81: 5
A82: 45148.378 | B82: 45147 | C82: CVH Talwandi Sabo | D82: Issued | E82: CVD Burj Sema | I82: 0 | P82: 0 | Q82: 0
A83: 45148.378 | B83: 45147 | C83: CVH Talwandi Sabo | D83: Issued | E83: CVH Singo | J83: 5
A84: 45220.526 | B84: 45147 | C84: CVH Talwandi Sabo | D84: Issued | E84: CVD Nangla | I84: 5 | P84: 15 | Q84: 15
A85: 45220.528 | B85: 45149 | C85: CVH Talwandi Sabo | D85: Issued | E85: CVD Rayia | J85: 5 | P85: 15 | Q85: 15
A86: 45220.529 | B86: 45149 | C86: CVH Talwandi Sabo | D86: Issued | E86: CVD Kalalwala | J86: 5 | P86: 15 | Q86: 15
A87: 45220.529 | B87: 45150 | C87: CVH Talwandi Sabo | D87: Issued | E87: CVH Bhagiwander | I87: 5 | P87: 15
A88: 45220.53 | B88: 45159 | C88: CVH Talwandi Sabo | D88: Recieved | F88: 75 | I88: 75 | J88: 60 | P88: 60
A89: 45225.403 | B89: 45160 | C89: CVH Talwandi Sabo | D89: Issued | E89: CVD Rayia | I89: 5 | J89: 10 | P89: 15
A90: 45225.405 | B90: 45160 | C90: CVH Talwandi Sabo | D90: Issued | E90: CVD Kalalwala | I90: 5 | J90: 10
A91: 45225.406 | B91: 45160 | C91: CVH Talwandi Sabo | D91: Issued | E91: CVD Burj Sema | I91: 5 | J91: 10 | P91: 15 | Q91: 5
A92: 45225.408 | B92: 45161 | C92: CVH Talwandi Sabo | D92: Issued | E92: CVH Bhagiwander | I92: 15
A93: 45225.413 | B93: 45163 | C93: CVH Talwandi Sabo | D93: Issued | E93: CVD Jaga Ram Tirath | F93: 15 | P93: 45
A94: 45225.414 | B94: 45164 | C94: CVH Talwandi Sabo | D94: Issued | E94: CVD Chathewala | J94: 15 | P94: 30
A95: 45225.415 | B95: 45166 | C95: CVH Talwandi Sabo | D95: Issued | E95: CVH Shekhpura | F95: 15 | P95: 30
A96: 45225.416 | B96: 45167 | C96: CVH Talwandi Sabo | D96: Issued | E96: CVD Teona Pujarian | J96: 15 | L96: 10 | P96: 30
A97: 45225.417 | B97: 45167 | C97: CVH Talwandi Sabo | D97: Issued | E97: CVD Rayia | F97: 15 | P97: 15
A98: 45225.418 | B98: 45167 | C98: CVH Talwandi Sabo | D98: Issued | E98: CVD Kalalwala | F98: 15 | P98: 15
A99: 45225.419 | B99: 45167 | C99: CVH Talwandi Sabo | D99: Issued | E99: CVD Nangla | F99: 10 | I99: 10 | P99: 15
A100: 45225.42 | B100: 45167 | C100: CVH Talwandi Sabo | D100: Issued | E100: CVD Burj Sema | F100: 5 | I100: 10
...

Sheet Credentials
A1: OrgIds | B1: Paassword | C1: Name of Institute | D1: Reporting Authority | E1: Name | F1: Designation | G1: Moble Nmber | H1: Email | I1: DOB | J1: Linked 1 | K1: Linked 2 | L1: Linked 3 | M1: Linked 4 | N1: Linked 5 | O1: Linked 6 | P1: Linked 7 | Q1: Login_Hash | R1: Is First Time | S1: Custom Dialog | T1: Report Submitted | U1: User Roles | V1: District | W1: Tesil | X1: is Semon Bank Available? | Y1: Cluster Attached | AA1: no_msg
A2: test | B2: test | C2: Talwandi Sabo | D2: Deputy Director Animal Husbandry Bathinda | E2: Dr. Harshit | F2: Senior Veterinary Officer | G2: 9417575128 | H2: kssidhu1@gmail.com | Q2: WjC1FerFKdXThlfcov39 | R2: 1 | S2: no_msg | T2: 0 | U2: 1 | V2: Bathinda | W2: Talwandi Sabo | X2: 0
A3: cvhtal1111 | B3: Talwandi123 | C3: CVH Talwandi Sabo | D3: Veterinary officer CVH Talwandi Sabo | E3: Hardeep Singh | F3: Veterinary Inspector | G3: 9463268157 | H3: hschgiana@gmail.com | I3: 31513 | J3: PAW Sangat Khurad | K3: CVD Teona Pujarian | L3: CVD Jaga Ram Tirath | M3: CVD Nangla | N3: CVD Gatwali | O3: PAW Lehri | Q3: ESMF0mATL3hW01T64M8G | R3: 0 | S3: no_msg | T3: 2 | U3: 1 | V3: Bathinda | W3: Talwandi Sabo | X3: 1 | Y3: CVD Teona Pujarian,CVH Talwandi Sabo,CVD Jaga Ram Tirath,CVD Nangla,CVH Natheha,CVD Kalalwala,CVD Rayia,CVH Bhagiwander,CVD Chathewala,CVH Singo,CVH Shekhpura,CVD Gatwali
A4: cvdgat7183 | B4: gsm64843 | C4: CVD Gatwali | D4: Veterinary officer CVH Talwandi Sabo | E4: Gurmeet Singh | F4: Veterinary Inspector | G4: 9878237333 | H4: gsmalkana@gmail.com | I4: 29142 | Q4: hAY69xS9kGij6EVVC0PQ | R4: 0 | S4: no_msg | T4: 2 | U4: 3 | V4: Bathinda | W4: Talwandi Sabo | X4: 0
A5: cvdteo6484 | B5: password | C5: CVD Teona Pujarian | D5: Veterinary officer CVH Talwandi Sabo | E5: Gurdeep Singh | F5: Veterinary Inspector | G5: 9463257663 | H5: gschouhan04@gmail.com | I5: 20/04/1979 | J5: PAW Sangat Khurad | Q5: JhaDaeOOIBsKqL6NExPb | R5: 0 | S5: no_msg | T5: 2 | U5: 3 | V5: Bathinda | W5: Talwandi Sabo | X5: 0
A6: pawsan2022 | B6: Pass2022 | C6: PAW Sangat Khurad | D6: Veterinary Inspector CVD Teona Pujarian | E6: Sukhpal Singh | F6: Private AI Worker | G6: 9417764968 | H6: sukh0002@gmail.com | R6: 0 | S6: no_msg | T6: 2 | U6: 4 | V6: Bathinda | W6: Talwandi Sabo | X6: 0
A7: cvdjag2309 | B7: sehaj@06 | C7: CVD Jaga Ram Tirath | D7: Veterinary Officer CVH Talwandi Sabo | E7: Sehajpreet Singh | F7: Veterinary Inspector | G7: 9320780006 | H7: sahej041@gmail.com | I7: 35955 | Q7: prRNvTsB8X7p8EgFzoUw | R7: 0 | S7: no_msg | T7: 2 | U7: 3 | V7: Bathinda | W7: Talwandi Sabo | X7: 0
A8: cvdnan4749 | B8: Khush@1234 | C8: CVD Nangla | D8: Veterinary Officer CVH Talwandi Sabo | E8: Khushdeep Singh | F8: Veterinary Inspector | G8: 7814942632 | H8: khush20072001@gmail.com | I8: 30060 | J8: PAW Lehri | Q8: 0LcSjYgZizItonymgoXT | R8: 0 | S8: no_msg | T8: 2 | U8: 3 | V8: Bathinda | W8: Talwandi Sabo | X8: 0
A9: pawleh3484 | B9: jagjeet | C9: PAW Lehri | D9: Veterinary Inspector CVD Nangla | E9: Jagjeet Singh | F9: Private AI Worker | G9: 9915772067 | H9: sjeet3377@gmail.com | R9: 0 | S9: no_msg | T9: 2 | U9: 4 | V9: Bathinda | W9: Talwandi Sabo | X9: 0
A10: cvhnat3075 | B10: Rana@12 | C10: CVH Natheha | D10: Senior Veterinary Officer Talwandi Sabo | E10: Dr. Shekher Rana | F10: Veterinary Officer | G10: 9468040548 | H10: Shekharranaaa26@gmail.com | I10: 31069 | J10: PAW Mirzeana | K10: CVD Rayia | L10: CVD Kalalwala | M10: PAW Gehlewala | Q10: 0vjS8TWdUfBeMJq1PKZG | R10: 0 | S10: no_msg | T10: 2 | U10: 2 | V10: Bathinda | W10: Talwandi Sabo | X10: 0
A11: pawmir6748 | B11: kulwant singh | C11: PAW Mirzeana | D11: Vetenary Officer CVH Natheha | E11: Kulwant Singh | F11: Private AI Worker | G11: 9781562063 | H11: ks0033453@gmail.com | R11: 0 | S11: no_msg | T11: 2 | U11: 4 | V11: Bathinda | W11: Talwandi Sabo | X11: 0
A12: cvdray1998 | B12: Gursanjh@2023 | C12: CVD Rayia | D12: Veterinary Officer CVH Natheha | E12: Sandeep Singh | F12: Veterinary Inspector | G12: 9781508812 | H12: sanndeep97815@gmail.com | I12: 35936 | J12: PAW Gehlewala | Q12: jSTIqeCCSVtJjzNq8t2r | R12: 0 | S12: no_msg | T12: 2 | U12: 3 | V12: Bathinda | W12: Talwandi Sabo | X12: 0
A13: cvdkal9978 | B13: rsjogewala | C13: CVD Kalalwala | D13: Veterinary Officer CVH Natheha | E13: Rajwinder Singh | F13: Veterinary Inspector | G13: 9464349752 | H13: singhrajwinder665@gmail.com | I13: 37092 | Q13: huZCzeQknB00uo4AZzMZ | R13: 0 | S13: no_msg | T13: 2 | U13: 3 | V13: Bathinda | W13: Talwandi Sabo | X13: 0
A14: pawgeh3110 | B14: password | C14: PAW Gehlewala | D14: Veterinary Inspector CVD Rayia | E14: Baljeet Singh | F14: Private Ai Worker | G14: 9464819260 | H14: baljitsingh7385@gmail.com | Q14: WZHwieFYxc48DVx7uZSs | R14: 0 | S14: no_msg | T14: 2 | U14: 4 | V14: Bathinda | W14: Talwandi Sabo | X14: 0
A15: cvhbha2028 | B15: bticvhbhagiwandar | C15: CVH Bhagiwander | D15: Senior Veterinary Officer Talwandi Sabo | E15: Tej ram | F15: Veterinary pharamacist | G15: 9417739565 | H15: tej2947@gmail.com | J15: CVD Chathewala | K15: PAW Natt | Q15: osM4RMvx7I9l0uXuagkj | R15: 0 | S15: no_msg | T15: 2 | U15: 2 | V15: Bathinda | W15: Talwandi Sabo | X15: 0
A16: cvdcha6789 | B16: Sekhu@123 | C16: CVD Chathewala | D16: Veterinary Officer CVH Bhagiwander | E16: satnam Singh | F16: Veterinary Inspector | G16: 78374 00143 | H16: sekhusajan@gmail.com | I16: 35955 | J16: PAW Natt | Q16: z4Ut9ag6sQ6idNZ6xnij | R16: 0 | S16: no_msg | T16: 2 | U16: 3 | V16: Bathinda | W16: Talwandi Sabo | X16: 0
A17: pawnat3879 | B17: 1987 | C17: PAW Natt | D17: Veterinary Inspector CVD Chathewala | E17: Kulwinder Singh | F17: Private AI Worker | G17: 9779361662 | H17: singhkulwinder70200@gmail.com | R17: 0 | S17: no_msg | T17: 2 | U17: 4 | V17: Bathinda | W17: Talwandi Sabo | X17: 0
A18: cvhram9293 | B18: 1998 | C18: CVH Raman Mandi | D18: Senior Veterinary Officer Talwandi Sabo | E18: Dr. Harshit | F18: Veterinary officer | G18: 7015525385 | H18: kycrattakhera96@gmail.com | I18: 27823 | J18: PAW Kamalu | K18: PAW Jajjal | L18: CVD Sekhu | Q18: 5P7dFgEHvBh9JrsJQJ4L | R18: 0 | S18: no_msg | T18: 2 | U18: 1 | V18: Bathinda | W18: Talwandi Sabo | X18: 1 | Y18: CVH Raman Mandi,CVD Sekhu,PAW Jajjal,PAW Kamalu,CVH Malkana,CVH Behman Jassa Singh,CVH Bangi Kalan,CVH Kanakwal
A19: pawkam6144 | B19: 1234 | C19: PAW Kamalu | D19: Veterinary Officer CVH Raman Mandi | E19: Bikkerjit Singh | F19: Private AI Worker | G19: 9478454831 | H19: bikkerjitsingh6@gmail.com | Q19: 6BagbTGLfgWH4oguvx9f | R19: 0 | S19: no_msg | T19: 2 | U19: 4 | V19: Bathinda | W19: Talwandi Sabo | X19: 0
A20: pawjaj4030 | B20: pass4030 | C20: PAW Jajjal | D20: Veterinary Officer CVH Raman Mandi | E20: Gurdeep Singh | F20: Private AI Worker | G20: 9530685410 | H20: gsingh83710@gmail.com | Q20: k8vDlRV0LVZVX9JnFjLM | R20: 0 | S20: no_msg | T20: 2 | U20: 4 | V20: Bathinda | W20: Talwandi Sabo | X20: 0
A21: cvdsek5978 | B21: 2000 | C21: CVD Sekhu | D21: Veterinary Officer CVH Raman Mandi | E21: Gurnam singh | F21: veterinary Inspector | G21: 9463491350 | H21: gurnamschattha@gmail.com | I21: 23538 | Q21: 4ZSZGT8R39cVPoImoD3U | R21: 0 | S21: no_msg | T21: 2 | U21: 3 | V21: Bathinda | W21: Talwandi Sabo | X21: 0
A22: cvhbeh5265 | B22: 1986 | C22: CVH Behman Jassa Singh | D22: Senior Veterinary Officer Talwandi Sabo | E22: Gagandeep Singh | F22: Rural Veterinary Pharmacist | G22: 9915156262 | H22: gagansinghsidhu86@gmail.com | J22: PAW Behman Kaur Singh | Q22: dY5SaqDi0pNSpvsfikxl | R22: 0 | S22: no_msg | T22: 2 | U22: 2 | V22: Bathinda | W22: Talwandi Sabo | X22: 0
A23: pawbeh6117 | B23: password | C23: PAW Behman Kaur Singh | D23: Veterinary officer CVH Behman Jassa Singh | E23: Balwinder Singh | F23: Private AI Worker | G23: 9464132031 | H23: binderdocter4@gmail.com | Q23: Ku7l9xeHOr5lm3A9328p | R23: 0 | S23: no_msg | T23: 2 | U23: 4 | V23: Bathinda | W23: Talwandi Sabo | X23: 0
A24: cvhban9641 | B24: Bangi@123 | C24: CVH Bangi Deepa | D24: Senior Veterinary Officer Talwandi Sabo | E24: Dr. Manpreet Singh | F24: Veterinary Officer | G24: 9551422222 | H24: gagankhemuana@gmail.com | I24: 35984 | Q24: vJPK8S8wtSyvrsP5UiCr | R24: 0 | S24: no_msg | T24: 2 | U24: 2 | V24: Bathinda | W24: Talwandi Sabo | X24: 0
A25: cvhpak2554 | B25: Pakka@123 | C25: CVH Pakka Kalan | D25: Senior Veterinary Officer Talwandi Sabo | E25: Dr.Mohit kumar | F25: veterinary Officer | G25: 7009542010 | H25: cvhpakkakalan@gmail.com | I25: 36862 | J25: PAW Gurthari | K25: CVD Phallar | L25: CVD Malwala | M25: PAW Chak Heera Singh Wala | Q25: kU3hqKU8x9oZKtwCDf9B | R25: 0 | S25: no_msg | T25: 2 | U25: 2 | V25: Bathinda | W25: Talwandi Sabo | X25: 1 | Y25: CVH Pakka Kalan,CVD Malwala,CVD Phallar,CVH Bangi Deepa,CVH Bhagwangarh
A26: pawcha3400 | B26: Gobind@1993 | C26: PAW Chak Heera Singh Wala | D26: Veterinary Officer CVH Pakka kalan | E26: Gobind Singh | F26: Private Ai Worker | G26: gobindsingh005002s@gmail.com | H26: gobindsingh005002s@gmail.com | Q26: 1p7PtGsvQRh2BPTfZQFS | R26: 0 | S26: no_msg | T26: 2 | U26: 4 | V26: Bathinda | W26: Talwandi Sabo | X26: 0
A27: pawgur7263 | B27: 5275 | C27: PAW Gurthari | D27: Veterinary Officer CVH Pakka kalan | E27: Gurmel Singh | F27: Private Ai Worker | G27: 9876852575 | H27: khushpal572@gmail.com | Q27: M7Uk1bkAJgh8mkiDkTje | R27: 0 | S27: no_msg | T27: 2 | U27: 4 | V27: Bathinda | W27: Talwandi Sabo | X27: 0
A28: cvdpha3711 | B28: 2000 | C28: CVD Phallar | D28: Veterinary Officer CVH Pakka kalan | E28: Sukhpreet Singh | F28: Veterinary Inspector | G28: 9465759552 | H28: sukhsidhu59552@gmail.com | I28: 29406 | J28: PAW Chak Heera Singh Wala | Q28: z7QR6trXHWalanuCUnXv | R28: 0 | S28: no_msg | T28: 2 | U28: 3 | V28: Bathinda | W28: Talwandi Sabo | X28: 0
A29: cvdmal8248 | B29: arsh1999 | C29: CVD Malwala | D29: Veterinary Officer CVH Pakka kalan | E29: Arshdeep Singh | F29: Veterinary Inspector | G29: 8360176910 | H29: arshdeepsingh38985@gmail.com | I29: 36764 | Q29: t4j61gaVzCzg415OiipE | R29: 0 | S29: no_msg | T29: 2 | U29: 3 | V29: Bathinda | W29: Talwandi Sabo | X29: 0
A30: cvhshe6427 | B30: 2000 | C30: CVH Shekhpura | D30: Senior Veterinary Officer Talwandi Sabo | E30: Dr Sagar | F30: Veterinary Officer | G30: 7009770572 | H30: 2000sagararora@gmail.com | J30: PAW Lelewala | Q30: YYTpjETN8P3VaWQwSUyC | R30: 0 | S30: no_msg | T30: 2 | U30: 2 | V30: Bathinda | W30: Talwandi Sabo | X30: 0
A31: pawlel4723 | B31: 1991 | C31: PAW Lelewala | D31: Veterinary Officer CVH Shekhpura | E31: BALJIT SINGH | F31: Private Ai Worker | G31: 9855741258 | H31: dhillonbaljitsingh161@gmail.com | R31: 0 | S31: no_msg | T31: 2 | U31: 4 | V31: Bathinda | W31: Talwandi Sabo | X31: 0
A32: cvhsin5995 | B32: 1683 | C32: CVH Singo | D32: Senior Veterinary Officer Talwandi Sabo | E32: Gurpal Gill | F32: Rural Veterinary Pharmacist | G32: 9876952273 | H32: gurpalgill205@gmail.com | Q32: sLmI3mmzMTIGv0PYcmFE | R32: 0 | S32: no_msg | T32: 2 | U32: 2 | V32: Bathinda | W32: Talwandi Sabo | X32: 0
A33: cvhban5886 | B33: bangidipa0000 | C33: CVH Bangi Kalan | D33: Senior Veterinary Officer Talwandi Sabo | E33: Dr Himanshu Gupta | F33: Veterinary officer | G33: 8847219859 | H33: harrygupta13@gmail.com | I33: 31048 | Q33: 10KcPcilJn73CmuprBpO | R33: 0 | S33: no_msg | T33: 2 | U33: 2 | V33: Bathinda | W33: Talwandi Sabo | X33: 0
A34: cvhlal9318 | B34: cvhbhagwangarh | C34: CVH Laleana | D34: Senior Veterinary Officer Talwandi Sabo | E34: Dr PEEYUSH | F34: Veterinary officer | G34: 9996876355 | H34: piyush00012@gmail.com | J34: PAW Mahi Nangal | Q34: g351YAEdfgUubM0JrqG7 | R34: 0 | S34: no_msg | T34: 2 | U34: 2 | V34: Bathinda | W34: Talwandi Sabo | X34: 0
A35: pawmah5541 | B35: 7777 | C35: PAW Mahi Nangal | D35: Veterinary officer CVH Talwandi Sabo | E35: Gurjant Singh | F35: Private AI Worker | G35: 8847279521 | H35: labhpreetpuniamahinangal@gmail.com | Q35: l1iy6ihgLUj7gruOtDCI | R35: 0 | S35: no_msg | T35: 2 | U35: 4 | V35: Bathinda | W35: Talwandi Sabo | X35: 0
A36: cvhbha4483 | B36: Ranjit84 | C36: CVH Bhagwangarh | D36: Senior Veterinary Officer Talwandi Sabo | E36: Ranjit Singh | F36: veterinary pharmacist | G36: 9463417628 | H36: ranjitsingh17441@gmail.com | J36: PAW Shergarh | Q36: LYUPybGpxkzPEQGUYETH | R36: 0 | S36: no_msg | T36: 2 | U36: 2 | V36: Bathinda | W36: Talwandi Sabo | X36: 0
A37: pawshe5168 | B37: password | C37: PAW Shergarh | D37: Veterinary Officer CVH Bhagwangarh | E37: Gurmohandeep Singh | F37: Private Ai Worker | G37: 8427340900 | H37: rinkubutter5757@gmail.com | R37: 1 | S37: no_msg | T37: 2 | U37: 4 | V37: Bathinda | W37: Talwandi Sabo | X37: 0
A38: cvhkan3005 | B38: harshit12 | C38: CVH Kanakwal | D38: Senior Veterinary Officer Talwandi Sabo | E38: Dr Pooja | F38: Veterinary Officer | G38: 7015525385 | H38: kycrattakhera96@gmail.com | N38: 0 | Q38: krB3iqNfkfOKvhVKUhsv | R38: 0 | S38: no_msg | T38: 2 | U38: 2 | V38: Bathinda | W38: Talwandi Sabo | X38: 0
A39: cvhmal305 | B39: password | C39: CVH Malkana | D39: Senior Veterinary Officer Talwandi Sabo | E39: Swarn Singh | F39: Rural Veterinary Pharmacist | G39: 9814618216 | H39: siviaswarn7@gmail.com | Q39: 0ibDulsoaC87UYlgCjOV | R39: 0 | S39: no_msg | T39: 2 | U39: 2 | V39: Bathinda | W39: Talwandi Sabo | X39: 0
A40: pawkai817 | B40: password | C40: PAW Kaile Wander | D40: Veterinary Officer CVH Bhagwangarh | E40: Randeep Singh | F40: Private AI Worker | G40: Add Mobile | Q40: 1 | R40: 1 | S40: no_msg | T40: 2 | U40: 4 | V40: Bathinda | W40: Talwandi Sabo | X40: 0
A41: pawbag3255 | B41: password | C41: PAW Bagha | D41: Veterinary Officer CVH Raman Mandi | E41: Jagsir Singh | Q41: 1 | R41: 1 | S41: no_msg | T41: 2 | U41: 4 | V41: Bathinda | W41: Talwandi Sabo | X41: 0
A42: pawjiw7620 | B42: password | C42: PAW Jiwan Singh Wala | D42: Veterinary Officer CVH Bhagwangarh | E42: Manjit Singh | Q42: 1 | R42: 1 | S42: no_msg | T42: 2 | U42: 4 | V42: Bathinda | W42: Talwandi Sabo | X42: 0
A43: pawtar3620 | B43: password | C43: PAW Tarkhanwala | E43: Jaskaran Singh | Q43: 1 | R43: 1 | S43: no_msg | T43: 2 | U43: 4 | V43: Bathinda | W43: Talwandi Sabo | X43: 0
A44: cvdmac7678 | B44: password | C44: CVD Machhana (NS) | Q44: 1 | R44: 1 | S44: no_msg | T44: 2 | V44: Bathinda | W44: Talwandi Sabo | X44: 0
A45: cvhbag9167 | B45: password | C45: CVH Bagha (NS) | Q45: 1 | R45: 1 | S45: no_msg | T45: 2 | V45: Bathinda | W45: Talwandi Sabo | X45: 0
A46: cvdjaj5264 | B46: password | C46: CVD Jajjal (NS) | D46: Veterinary Officer CVH Raman Mandi | Q46: 1 | R46: 1 | S46: no_msg | T46: 2 | V46: Bathinda | W46: Talwandi Sabo | X46: 0
A47: cvdleh8672 | B47: password | C47: CVD Lehri (NS) | D47: Veterinary Inspector CVD Nangla | Q47: 1 | R47: 1 | S47: no_msg | T47: 2 | V47: Bathinda | W47: Talwandi Sabo | X47: 0

Sheet Form responses
A1: Timestamp | B1: Start Date of reporting Month | C1: End Date of reporting Month | D1: Institute Name | E1: User ID | F1: User Role | G1: Tehsil | H1: District | I1: New Case Equine | J1: New Case Bovine | K1: New Case Other | L1: New Case Dogs | M1: Old Case Equine | N1: Old Case Bovine | O1: Old Case Other | P1: Old Case Dogs | Q1: No. Of Camp Organised | R1: Farmers Arrived in Capm | S1: Case Treated In Camp | T1: Gaushala Cases | U1: Bovine Castrations | V1: Other Castrations | W1: No. of Pregnancy Diagnosis (Paid) | X1: A.H. Certificate Small Animals | Y1: A.H. Certificate Large Animals | Z1: Post Mortem Small Animals | AA1: Post Mortem Large Animals | AB1: Post Mortem Vetro Legal | AC1: PM poultry | AD1: PM Dogs Vetro legal | AE1: H.S. Vaccine Doses Received | AF1: H.S. Vaccine Doses Used | AG1: H.S. Vaccine Animal Vaccinated | AH1: FMD. Vaccine Doses Received | AI1: FMD. Vaccine Doses Used | AJ1: FMD. Vaccine Animal Vaccinated | AK1: Black Quarter Doses Received | AL1: Black Quarter Doses Used | AM1: Black Quarter Animal Vaccinated | AN1: Brucellosis Vaccine Doses Received | AO1: Brucellosis Vaccine Doses Used | AP1: Brucellosis Vaccine Animal Vaccinated | AQ1: Entero Toximia Vaccine Doses Received | AR1: Entero Toximia Vaccine Doses Used | AS1: Entero Toximia Vaccine Animals Vaccinated | AT1: Swine Fever Vaccine Doses Received | AU1: Swine Fever Vaccine Doses Used | AV1: Swine Fever Vaccine Animal Vaccinated | AW1: Goat Pox Vaccine Doses Received | AX1: Goat Pox Vaccine Doses Used | AY1: Goat Pox Vaccine Animal Vaccinated | AZ1: PPR Doses Received | BA1: PPR Doses Used | BB1: PPR Animal Cover | BC1: Rabies Doses Received | BD1: Rabies Doses Used | BE1: Rabies animal vaccinated | BF1: AI HF Straws | BG1: Cover HF Straws | BH1: AI Jersey Straws | BI1: Cover Jersey Straws | BJ1: AI Cross Breed Straws | BK1: Cover Cross Breed Straws | BL1: AI Sahiwal Straws | BM1: Cover Sahiwal Straws | BN1: AI HF ETT Straws | BO1: Cover HF ETT Straws | BP1: AI Jersey ETT Straws | BQ1: Cover Jersey ETT Straws | BR1: AI Sexed HF Straws | BS1: Cover Sexed HF Straws | BT1: AI Jersey Sexed Straws | BU1: Cow Cover Jersey Sexed | BV1: AI Cross Breed Sexed Straws | BW1: Cover Cross Breed Sexed | BX1: AI Sahiwal Sexed Straws | BY1: Cow Cover Sahiwal Sexed | BZ1: AI Done With Murrah Straws | CA1: Cover Murrah Straws | CB1: AI Nili-Ravi Straws | CC1: Cover Nili-Ravi Straws | CD1: AI Sexed MU Straws | CE1: Cover Sexed MU Straws | CF1: AI Nili-Ravi Sexed Straws | CG1: Buffalo Cover Nili-Ravi Sexed | CH1: HF Tested | CI1: HF Found Postive | CJ1: Jersey Tested | CK1: Jersey Found Postive | CL1: Cross Breed Tested | CM1: Cross Breed Found Postive | CN1: Sahiwal Cow Tested | CO1: Sahiwal Found Postive | CP1: HF ETT Tested | CQ1: HF ETT Found Postive | CR1: Jessey ETT Tested | CS1: Jessey ETT Found Postive | CT1: Sexed HF Tested | CU1: Sexed HF Found Postive | CV1: Jersey Sexed Tested | CW1: Jersey Sexed Found Positive | CX1: CB Sexed Tested | CY1: CB Sexed Found Positive | CZ1: sahiwal Sexed Tested | DA1: sahiwal Sexed found positive | DB1: Murrah Tested | DC1: Murrah Found Postive | DD1: Nili Ravi Tested | DE1: Nili Found Postive | DF1: Sexed MU Tested | DG1: Sexed MU Found Postive | DH1: Nilli-ravi Sexed tested | DI1: Nilli-ravi Sexed found Positive | DJ1: Other 2 Tested | DK1: Other 2 Found Positive | DL1: HF Male Calves | DM1: HF female Calves | DN1: Jersey Male Calves | DO1: Jersey female Calves | DP1: Cross Breed Male Calves | DQ1: Cross Breed female Calves | DR1: Sahiwal Male Calves | DS1: Sahiwal female Calves | DT1: HF ETT Male Calves | DU1: HF ETT female Calves | DV1: Jersey ETT Male Calves | DW1: Jersey ETT female Calves | DX1: Sexed HF Male Calves | DY1: Sexed HF female Calves | DZ1: Jersey Sexed Male Calves | EA1: Jersey Sexed female Calves | EB1: CB Sexed Male Calves | EC1: CB Sexed female Calves | ED1: Sahiwal Sexed Male Calves | EE1: Sahiwal Sexed female Calves | EF1: Murrah Male Calves | EG1: Murrah Female Calves | EH1: Nili Ravi Male Calves | EI1: Nili Ravi Female Calves | EJ1: Sexed MU Male Calves | EK1: Sexed MU female Calves | EL1: Nilli-Ravi Sexed Male Calves | EM1: Nilli-Ravi Sexed female Calves | EN1: Other 1 Male Calves | EO1: Other 1 Female Calves | EP1: Other 2 Male Calves | EQ1: Other 2 Female Calves | ER1: HF Straws Received This Month | ES1: Jesey Straws Received This Month | ET1: Cross Breed Straws Received This Month | EU1: Sahiwal Straws Received This Month | EV1: HF ETT Straws Received This Month | EW1: Jersey ETT Straws Received This Month | EX1: Sexed HF Straws Received This Month | EY1: Jersey Sexed Straws Received This Month | EZ1: CB Sexed Straws Received This Month | FA1: Sahiwal Sexed Straws Received This Month | FB1: Murrah Recieved This Month | FC1: Nili Ravi Straws Received This Month | FD1: MU Sexed Straws Received This Month | FE1: Nilli-Ravi Sexed Straws Received This Month | FF1: Other 1 Received This Month | FG1: Other 2 Straws Received This Month | FH1: HF Straws Issued to AIW This Month | FI1: Jersey Straws Issued To AIW This Month | FJ1: Cross Breed Straws Issued to AIW during Month | FK1: Sahiwal Straws Issued to AIW during Month | FL1: HF ETT Straws Issued to AIW during Month | FM1: Jersey ETT Straws Issued to AIW during Month | FN1: Sexed HF Straws Issued to AIW during Month | FO1: Jersey Sexed Straws Issued to AIW This Month | FP1: CB Sexed Straws Issued to AIW This Month | FQ1: Sahiwal Sexed Straws Issued to AIW This Month | FR1: Murrah Straws Issued to AIW during Month | FS1: Nili Ravi Straws Issued to AIW during Month | FT1: Sexed MU Straws Issued to AIW during Month | FU1: Nilli-Ravi Sexed Straws Issued to AIW This Month | FV1: other 1 Issued to AIW during Month | FW1: Other 2 Straws Issued to AIW during Month | FX1: No. of School Lect | FY1: Jesey Straws Used INAPH during month | FZ1: No of Students | GA1: Sahiwal Straws Used INAPH during month | GB1: HF ETT Straws Used INAPH during month | GC1: Jersey ETT Straws Used INAPH This month | GD1: HF Sexed Straws Used INAPH during month | GE1: Jersey Sexed Straws Used INAPH during month | GF1: CB Sexed Straws Used INAPH during month | GG1: Sahiwal Sexed Straws Used INAPH during month | GH1: Murrah Straws Used INAPH This month | GI1: Nili Ravi Straws Used INAPH This month | GJ1: MU Sexed Straws Used INAPH during month | GK1: Nili Ravi Sexed INAPH during | GL1: Other 1 INAPH | GM1: Other 2 INAPH | GN1: Fecal Test | GO1: Blood Test | GP1: Urine Test | GQ1: Milk Test | GR1: reciept number
A2: 44570.865 | C2: 44555 | F2: 3 | G2: Talwandi Sabo | H2: Bathinda | I2: 0 | J2: 0 | K2: 0 | L2: 0 | M2: 0 | N2: 0 | O2: 0 | P2: 0 | Q2: 0 | R2: 0 | S2: 0 | T2: 0 | U2: 0 | V2: 0 | W2: 0 | X2: 0 | Y2: 0 | Z2: 0 | AA2: 0 | AB2: 0 | AC2: 0 | AD2: 0 | AE2: 0 | AF2: 0 | AG2: 0 | AH2: 0 | AI2: 0 | AJ2: 0 | AK2: 0 | AL2: 0 | AM2: 0 | AN2: 0 | AO2: 0 | AP2: 0 | AQ2: 0 | AR2: 0 | AS2: 0 | AT2: 0 | AU2: 0 | AV2: 0 | AW2: 0 | AX2: 0 | AY2: 0 | BA2: 0 | BB2: 0 | BC2: 0 | BD2: 0 | BF2: 0 | BG2: 0 | BH2: 0 | BI2: 0 | BJ2: 0 | BK2: 0 | BL2: 0 | BM2: 0 | BN2: 0 | BO2: 0 | BP2: 0 | BQ2: 0 | BR2: 0 | BS2: 0 | BZ2: 0 | CA2: 0 | CB2: 0 | CC2: 0 | CD2: 0 | CE2: 0 | CH2: 0 | CI2: 0 | CJ2: 0 | CK2: 0 | CL2: 0 | CM2: 0 | CN2: 0 | CO2: 0 | CP2: 0 | CQ2: 0 | CR2: 0 | CS2: 0 | CT2: 0 | CU2: 0 | DB2: 0 | DC2: 0 | DD2: 0 | DE2: 0 | DF2: 0 | DG2: 0 | DL2: 0 | DM2: 0 | DN2: 0 | DO2: 0 | DP2: 0 | DQ2: 0 | DR2: 0 | DS2: 0 | DT2: 0 | DU2: 0 | DV2: 0 | DW2: 0 | DX2: 0 | DY2: 0 | EF2: 0 | EG2: 0 | EH2: 0 | EI2: 0 | EJ2: 0 | EK2: 0 | EN2: 0 | EO2: 0 | ER2: 0 | ES2: 0 | ET2: 0 | EU2: 0 | EV2: 0 | EW2: 0 | EX2: 0 | FB2: 0 | FC2: 0 | FD2: 0 | FF2: 0 | FH2: 0 | FI2: 0 | FJ2: 0 | FK2: 0 | FL2: 0 | FM2: 0 | FN2: 0 | FR2: 0 | FS2: 0 | FT2: 0 | FV2: 0 | FX2: 0 | FY2: 0 | FZ2: 0 | GA2: 0 | GB2: 0 | GC2: 0 | GH2: 0 | GI2: 0 | GL2: 0 | GR2: {=if(B2:B394<>"",row(A2:A394)-1,"")}
A3: 45777.401 | B3: 45717 | C3: 45747 | D3: CVH Talwandi Sabo | F3: 2 | G3: Talwandi Sabo | H3: Bathinda | AE3: 0 | AH3: 0 | AK3: 0 | AN3: 200 | AQ3: 0 | AT3: 0 | AW3: 0 | ER3: 134 | ES3: 0 | ET3: 42 | EU3: 124 | EV3: 24 | EW3: 0 | EX3: 0 | EY3: 0 | EZ3: 0 | FA3: 0 | FB3: 240 | FC3: 20 | GR3: 2
A4: 45777.402 | B4: 45746 | C4: 45747 | D4: CVD Teona Pujarian | F4: 3 | G4: Talwandi Sabo | H4: Bathinda | AE4: 0 | AH4: 0 | AK4: 0 | AN4: 0 | AQ4: 0 | AT4: 0 | AW4: 0 | ER4: 32 | ES4: 0 | ET4: 12 | EU4: 31 | EV4: 6 | EW4: 0 | EX4: 0 | EY4: 0 | EZ4: 0 | FA4: 0 | FB4: 60 | FC4: 6 | GR4: 3
A5: 45777.402 | B5: 45746 | C5: 45747 | D5: CVD Jaga Ram Tirath | F5: 3 | G5: Talwandi Sabo | H5: Bathinda | AE5: 0 | AH5: 0 | AK5: 0 | AN5: 330 | AQ5: 0 | AT5: 0 | AW5: 0 | ER5: 32 | ES5: 0 | ET5: 12 | EU5: 31 | EV5: 6 | EW5: 0 | EX5: 0 | EY5: 0 | EZ5: 0 | FA5: 0 | FB5: 60 | FC5: 6 | GR5: 4
A6: 45777.402 | B6: 45746 | C6: 45747 | D6: CVD Nangla | F6: 3 | G6: Talwandi Sabo | H6: Bathinda | AE6: 0 | AH6: 0 | AK6: 0 | AN6: 0 | AQ6: 0 | AT6: 0 | AW6: 0 | ER6: 32 | ES6: 0 | ET6: 12 | EU6: 31 | EV6: 6 | EW6: 0 | EX6: 0 | EY6: 0 | EZ6: 0 | FA6: 0 | FB6: 60 | FC6: 6 | GR6: 5
A7: 45777.402 | B7: 45746 | C7: 45747 | D7: CVH Natheha | F7: 3 | G7: Talwandi Sabo | H7: Bathinda | AE7: 0 | AH7: 0 | AK7: 0 | AN7: 350 | AQ7: 0 | AT7: 0 | AW7: 0 | ER7: 0 | ES7: 0 | ET7: 0 | EU7: 0 | EV7: 0 | EW7: 0 | EX7: 0 | EY7: 0 | EZ7: 0 | FA7: 0 | FB7: 0 | FC7: 0 | GR7: 6
A8: 45777.402 | B8: 45746 | C8: 45747 | D8: CVD Rayia | F8: 3 | G8: Talwandi Sabo | H8: Bathinda | AE8: 0 | AH8: 0 | AK8: 0 | AN8: 200 | AQ8: 0 | AT8: 0 | AW8: 0 | ER8: 32 | ES8: 0 | ET8: 12 | EU8: 31 | EV8: 6 | EW8: 0 | EX8: 0 | EY8: 0 | EZ8: 0 | FA8: 0 | FB8: 60 | FC8: 6 | GR8: 7
A9: 45777.402 | B9: 45746 | C9: 45747 | D9: CVD Kalalwala | F9: 3 | G9: Talwandi Sabo | H9: Bathinda | AE9: 0 | AH9: 0 | AK9: 0 | AN9: 140 | AQ9: 0 | AT9: 0 | AW9: 0 | ER9: 32 | ES9: 0 | ET9: 11 | EU9: 32 | EV9: 6 | EW9: 0 | EX9: 0 | EY9: 0 | EZ9: 0 | FA9: 0 | FB9: 60 | FC9: 6 | GR9: 8
A10: 45777.402 | B10: 45746 | C10: 45747 | D10: CVD Chathewala | F10: 3 | G10: Talwandi Sabo | H10: Bathinda | AE10: 0 | AH10: 0 | AK10: 0 | AN10: 90 | AQ10: 0 | AT10: 0 | AW10: 0 | ER10: 32 | ES10: 0 | ET10: 10 | EU10: 33 | EV10: 6 | EW10: 0 | EX10: 0 | EY10: 0 | EZ10: 0 | FA10: 0 | FB10: 60 | FC10: 6 | GR10: 9
A11: 45777.403 | B11: 45746 | C11: 45747 | D11: CVH Raman Mandi | F11: 3 | G11: Talwandi Sabo | H11: Bathinda | AE11: 0 | AH11: 0 | AK11: 0 | AN11: 250 | AQ11: 0 | AT11: 0 | AW11: 0 | ER11: 96 | ES11: 0 | ET11: 30 | EU11: 99 | EV11: 18 | EW11: 0 | EX11: 0 | EY11: 0 | EZ11: 0 | FA11: 4 | FB11: 180 | FC11: 15 | FD11: 10 | GR11: 10
A12: 45777.403 | B12: 45717 | C12: 45747 | D12: CVD Gatwali | F12: 3 | G12: Talwandi Sabo | H12: Bathinda | AE12: 0 | AH12: 0 | AK12: 0 | AN12: 0 | AQ12: 0 | AT12: 0 | AW12: 0 | ER12: 32 | ES12: 0 | ET12: 10 | EU12: 26 | EV12: 8 | EW12: 0 | EX12: 0 | EY12: 0 | EZ12: 0 | FA12: 0 | FB12: 60 | FC12: 21 | GR12: 11
A13: 45777.403 | B13: 45746 | C13: 45747 | D13: CVD Sekhu | F13: 3 | G13: Talwandi Sabo | H13: Bathinda | AE13: 0 | AH13: 0 | AK13: 0 | AN13: 250 | AQ13: 0 | AT13: 0 | AW13: 0 | ER13: 32 | ES13: 0 | ET13: 10 | EU13: 31 | EV13: 8 | EW13: 0 | EX13: 0 | EY13: 0 | EZ13: 0 | FA13: 0 | FB13: 60 | FC13: 6 | GR13: 12
A14: 45777.403 | B14: 45746 | C14: 45747 | D14: CVH Behman Jassa Singh | F14: 2 | G14: Talwandi Sabo | H14: Bathinda | AE14: 0 | AH14: 0 | AK14: 0 | AN14: 300 | AQ14: 0 | AT14: 0 | AW14: 0 | ES14: 0 | ET14: 0 | EU14: 0 | EW14: 0 | EX14: 0 | EY14: 0 | EZ14: 0 | FA14: 0 | GR14: 13
A15: 45777.403 | B15: 45746 | C15: 45747 | D15: CVH Bangi Deepa | F15: 2 | G15: Talwandi Sabo | H15: Bathinda | AE15: 0 | AH15: 0 | AK15: 0 | AN15: 0 | AQ15: 0 | AT15: 0 | AW15: 0 | ER15: 32 | ES15: 0 | ET15: 10 | EU15: 31 | EV15: 8 | EW15: 0 | EX15: 0 | EY15: 0 | EZ15: 0 | FA15: 0 | FB15: 60 | FC15: 6 | GR15: 14
A16: 45777.403 | B16: 45746 | C16: 45747 | D16: CVH Pakka Kalan | F16: 2 | G16: Talwandi Sabo | H16: Bathinda | AE16: 0 | AH16: 0 | AK16: 0 | AN16: 500 | AQ16: 0 | AT16: 0 | AW16: 0 | ER16: 96 | ES16: 0 | ET16: 30 | EU16: 93 | EV16: 20 | EW16: 0 | EX16: 4 | EY16: 0 | EZ16: 0 | FA16: 0 | FB16: 185 | FC16: 15 | GR16: 15
A17: 45777.403 | B17: 45746 | C17: 45747 | D17: CVD Phallar | F17: 3 | G17: Talwandi Sabo | H17: Bathinda | AE17: 0 | AH17: 0 | AK17: 0 | AN17: 430 | AQ17: 0 | AT17: 0 | AW17: 0 | ER17: 32 | ES17: 0 | ET17: 10 | EU17: 31 | EV17: 6 | EW17: 0 | EX17: 0 | EY17: 0 | EZ17: 0 | FA17: 0 | FB17: 62 | FC17: 6 | GR17: 16
A18: 45777.403 | B18: 45746 | C18: 45747 | D18: CVD Malwala | F18: 3 | G18: Talwandi Sabo | H18: Bathinda | AE18: 0 | AH18: 0 | AK18: 0 | AN18: 220 | AQ18: 0 | AT18: 0 | AW18: 0 | ER18: 32 | ES18: 0 | ET18: 10 | EU18: 31 | EV18: 6 | EW18: 0 | EX18: 0 | EY18: 0 | EZ18: 0 | FA18: 0 | FB18: 62 | FC18: 6 | GR18: 17
A19: 45777.404 | B19: 45746 | C19: 45747 | D19: CVH Shekhpura | F19: 2 | G19: Talwandi Sabo | H19: Bathinda | AE19: 0 | AH19: 0 | AK19: 0 | AN19: 0 | AQ19: 0 | AT19: 0 | AW19: 0 | ES19: 0 | ET19: 0 | EU19: 0 | EW19: 0 | EX19: 0 | EY19: 0 | EZ19: 0 | FA19: 0 | GR19: 18
A20: 45777.404 | B20: 45746 | C20: 45747 | D20: CVH Singo | F20: 2 | G20: Talwandi Sabo | H20: Bathinda | AE20: 0 | AH20: 0 | AK20: 0 | AN20: 200 | AQ20: 0 | AT20: 0 | AW20: 0 | ES20: 0 | ET20: 0 | EU20: 0 | EW20: 0 | EX20: 0 | EY20: 0 | EZ20: 0 | FA20: 0 | GR20: 19
A21: 45777.404 | B21: 45746 | C21: 45747 | D21: CVH Bangi Kalan | F21: 2 | G21: Talwandi Sabo | H21: Bathinda | AE21: 0 | AH21: 0 | AK21: 0 | AN21: 350 | AQ21: 0 | AT21: 0 | AW21: 0 | ER21: 64 | ES21: 0 | ET21: 20 | EU21: 62 | EV21: 12 | EW21: 0 | EX21: 0 | EY21: 0 | EZ21: 0 | FA21: 0 | FB21: 122 | FC21: 12 | GR21: 20
A22: 45777.404 | B22: 45746 | C22: 45747 | D22: CVH Laleana | F22: 2 | G22: Talwandi Sabo | H22: Bathinda | AE22: 0 | AH22: 0 | AK22: 0 | AN22: 340 | AQ22: 0 | AT22: 0 | AW22: 0 | ES22: 0 | ET22: 0 | EU22: 0 | EW22: 0 | EX22: 0 | EY22: 0 | EZ22: 0 | FA22: 0 | FB22: 0 | GR22: 21
A23: 45777.404 | B23: 45746 | C23: 45747 | D23: CVH Bhagwangarh | F23: 2 | G23: Talwandi Sabo | H23: Bathinda | AE23: 0 | AH23: 0 | AK23: 0 | AN23: 430 | AQ23: 0 | AT23: 0 | AW23: 0 | ES23: 0 | ET23: 0 | EU23: 0 | EW23: 0 | EX23: 0 | EY23: 0 | EZ23: 0 | FA23: 0 | FB23: 0 | GR23: 22
A24: 45777.404 | B24: 45746 | C24: 45747 | D24: CVH Kanakwal | F24: 2 | G24: Talwandi Sabo | H24: Bathinda | AE24: 0 | AH24: 0 | AK24: 0 | AN24: 330 | AQ24: 0 | AT24: 0 | AW24: 0 | ES24: 0 | ET24: 0 | EU24: 0 | EW24: 0 | EX24: 0 | EY24: 0 | EZ24: 0 | FA24: 0 | FB24: 0 | GR24: 23
A25: 45777.403 | B25: 45746 | C25: 45747 | D25: PAW Gurthari | F25: 3 | G25: Talwandi Sabo | H25: Bathinda | AE25: 0 | AH25: 0 | AK25: 0 | AN25: 0 | AQ25: 0 | AT25: 0 | AW25: 0 | ES25: 0 | ET25: 0 | EU25: 15 | EW25: 0 | EX25: 0 | EY25: 0 | EZ25: 0 | FA25: 0 | GR25: 24
A26: 45777.402 | B26: 45746 | C26: 45747 | D26: CVH Bhagiwander | F26: 3 | G26: Talwandi Sabo | H26: Bathinda | AE26: 0 | AH26: 0 | AK26: 0 | AN26: 120 | AQ26: 0 | AT26: 0 | AW26: 0 | ES26: 0 | ET26: 0 | EU26: 0 | EV26: 35 | EW26: 0 | EX26: 0 | EY26: 0 | EZ26: 0 | FA26: 0 | FB26: 14 | FC26: 15 | GR26: 25
A27: 45777.404 | B27: 45746 | C27: 45747 | D27: CVH Malkana | F27: 2 | G27: Talwandi Sabo | H27: Bathinda | AE27: 0 | AH27: 0 | AK27: 0 | AN27: 500 | AQ27: 0 | AT27: 0 | AW27: 0 | ES27: 0 | ET27: 0 | EU27: 0 | EW27: 0 | EX27: 0 | EY27: 0 | EZ27: 0 | FA27: 0 | FB27: 0 | FD27: 10 | GR27: 26
A28: 45777.405 | B28: 45748 | C28: 45772 | D28: CVH Natheha | E28: cvhnat3075 | F28: 2 | G28: Talwandi Sabo | H28: Bathinda | J28: 54 | AH28: 3200 | AI28: 1600 | AJ28: 1600 | BZ28: 15 | CA28: 12 | CB28: 15 | CC28: 11 | FB28: 15 | FC28: 15 | GR28: 27
A29: 45777.44 | B29: 45748 | C29: 45772 | D29: CVH Bhagwangarh | E29: cvhbha4483 | F29: 2 | G29: Talwandi Sabo | H29: Bathinda | J29: 70 | N29: 30 | AH29: 4000 | AI29: 1600 | AJ29: 1600 | CP29: 26 | CQ29: 16 | DB29: 27 | DC29: 15 | DN29: 3 | DO29: 5 | EF29: 4 | EG29: 6 | GR29: 28
A30: 45777.442 | B30: 45748 | C30: 45772 | D30: PAW Jajjal | E30: pawjaj4030 | F30: 4 | G30: Talwandi Sabo | H30: Bathinda | BL30: 15 | BM30: 11 | BZ30: 15 | CA30: 12 | CB30: 15 | CC30: 11 | CP30: 20 | CQ30: 12 | DB30: 19 | DC30: 14 | DD30: 17 | DE30: 12 | EU30: 15 | FB30: 15 | FC30: 15 | GR30: 29
A31: 45777.444 | B31: 45748 | C31: 45772 | D31: CVD Sekhu | E31: cvdsek5978 | F31: 3 | G31: Talwandi Sabo | H31: Bathinda | J31: 40 | N31: 38 | T31: 20 | AH31: 2250 | AI31: 2250 | AJ31: 2250 | BZ31: 15 | CA31: 15 | CH31: 2 | CI31: 1 | CP31: 6 | CQ31: 2 | DB31: 10 | DC31: 6 | DD31: 18 | DE31: 9 | DL31: 2 | DM31: 1 | DR31: 1 | DS31: 2 | EF31: 12 | EG31: 6 | EH31: 3 | EI31: 9 | EX31: 10 | FB31: 15 | GR31: 30
A32: 45777.464 | B32: 45748 | C32: 45772 | D32: CVD Teona Pujarian | E32: cvdteo6484 | F32: 3 | G32: Talwandi Sabo | H32: Bathinda | J32: 64 | K32: 5 | L32: 1 | N32: 2 | O32: 5 | U32: 2 | AH32: 1500 | AI32: 700 | AJ32: 700 | BZ32: 15 | CA32: 15 | CN32: 45 | CO32: 32 | DB32: 30 | DC32: 20 | DR32: 10 | DS32: 12 | EF32: 5 | EG32: 3 | FB32: 15 | GR32: 31
A33: 45777.472 | B33: 45748 | C33: 45772 | D33: PAW Gurthari | E33: pawgur7263 | F33: 4 | G33: Talwandi Sabo | H33: Bathinda | BL33: 15 | BM33: 9 | BN33: 30 | BO33: 21 | EV33: 30 | GR33: 32
A34: 45777.478 | B34: 45748 | C34: 45772 | D34: CVD Gatwali | E34: cvdgat7183 | F34: 3 | G34: Talwandi Sabo | H34: Bathinda | J34: 55 | K34: 6 | N34: 12 | O34: 3 | AH34: 1750 | AI34: 800 | AJ34: 800 | BR34: 2 | BS34: 2 | CH34: 3 | CI34: 2 | CN34: 3 | CO34: 2 | CP34: 19 | CQ34: 14 | DB34: 45 | DC34: 31 | DD34: 13 | DE34: 9 | DR34: 4 | DS34: 4 | EF34: 4 | EG34: 4 | EX34: 10 | GR34: 33
A35: 45777.483 | B35: 45748 | C35: 45772 | D35: CVH Shekhpura | E35: cvhshe6427 | F35: 2 | G35: Talwandi Sabo | H35: Bathinda | J35: 28 | K35: 2 | N35: 10 | O35: 1 | AH35: 4600 | AI35: 1100 | AJ35: 1100 | CH35: 2 | DB35: 3 | DC35: 1 | DL35: 1 | EF35: 1 | EG35: 2 | GR35: 34
A36: 45777.484 | B36: 45748 | C36: 45772 | D36: CVH Malkana | E36: cvhmal305 | F36: 2 | G36: Talwandi Sabo | H36: Bathinda | J36: 50 | N36: 50 | AH36: 4600 | AI36: 1150 | AJ36: 1150 | CD36: 10 | CE36: 8 | GR36: 35
A37: 45777.487 | B37: 45748 | C37: 45772 | D37: CVH Bangi Deepa | E37: cvhban9641 | F37: 2 | G37: Talwandi Sabo | H37: Bathinda | J37: 72 | N37: 36 | AH37: 4200 | AI37: 1000 | AJ37: 1000 | BL37: 15 | BM37: 11 | BN37: 45 | BO37: 32 | BR37: 4 | BS37: 3 | CH37: 5 | CI37: 3 | CP37: 11 | CQ37: 6 | CT37: 6 | DF37: 5 | DL37: 2 | DM37: 2 | DP37: 2 | DQ37: 2 | DR37: 2 | DS37: 1 | DT37: 1 | DU37: 2 | DW37: 1 | EF37: 2 | EG37: 2 | EU37: 15 | EV37: 45 | EX37: 10 | GR37: 36
A38: 45777.497 | B38: 45748 | C38: 45772 | D38: CVD Phallar | E38: cvdpha3711 | F38: 3 | G38: Talwandi Sabo | H38: Bathinda | J38: 45 | N38: 30 | T38: 25 | AH38: 4600 | AI38: 2000 | AJ38: 2000 | BF38: 15 | BG38: 11 | BZ38: 15 | CA38: 12 | CH38: 15 | CI38: 7 | CP38: 30 | CQ38: 13 | DB38: 15 | DC38: 7 | DP38: 3 | DQ38: 4 | DR38: 4 | DS38: 4 | EF38: 7 | EG38: 7 | ER38: 15 | FB38: 15 | GR38: 37
A39: 45777.504 | B39: 45748 | C39: 45772 | D39: CVH Singo | E39: cvhsin5995 | F39: 2 | G39: Talwandi Sabo | H39: Bathinda | J39: 50 | N39: 21 | AH39: 2000 | AI39: 850 | AJ39: 850 | CP39: 5 | CQ39: 2 | DL39: 2 | DM39: 1 | EF39: 2 | EG39: 1 | GR39: 38
A40: 45777.508 | B40: 45748 | C40: 45772 | D40: CVD Malwala | E40: cvdmal8248 | F40: 3 | G40: Talwandi Sabo | H40: Bathinda | J40: 52 | N40: 35 | W40: 3 | AH40: 3100 | AI40: 1500 | AJ40: 1500 | BR40: 2 | BS40: 2 | BZ40: 15 | CA40: 15 | DB40: 30 | DC40: 15 | EF40: 30 | EG40: 23 | EX40: 5 | FB40: 15 | GR40: 39
A41: 45777.514 | B41: 45748 | C41: 45772 | D41: CVH Pakka Kalan | E41: cvhpak2554 | F41: 2 | G41: Talwandi Sabo | H41: Bathinda | J41: 95 | N41: 40 | T41: 50 | Y41: 7 | AH41: 5000 | AI41: 1600 | AJ41: 1600 | BN41: 14 | BR41: 6 | BS41: 4 | CT41: 5 | CZ41: 3 | DB41: 30 | DC41: 15 | DL41: 4 | DM41: 4 | DN41: 4 | DO41: 4 | EV41: 44 | EX41: 2 | FL41: 30 | GR41: 40
A42: 45777.561 | B42: 45748 | C42: 45772 | D42: CVD Kalalwala | E42: cvdkal9978 | F42: 3 | G42: Talwandi Sabo | H42: Bathinda | J42: 52 | N42: 11 | Q42: 1 | R42: 432 | S42: 1405 | AH42: 1900 | AI42: 1100 | AJ42: 1100 | AO42: 140 | AP42: 140 | BR42: 4 | BS42: 4 | CB42: 15 | CC42: 15 | CH42: 8 | CI42: 5 | CJ42: 4 | CK42: 4 | CL42: 6 | CM42: 2 | CN42: 18 | CO42: 11 | CP42: 5 | CQ42: 3 | CR42: 4 | CS42: 2 | DB42: 22 | DC42: 12 | DD42: 12 | DE42: 8 | DL42: 2 | DM42: 4 | DN42: 2 | DO42: 2 | DP42: 3 | DQ42: 4 | DR42: 4 | DS42: 8 | DT42: 1 | DU42: 3 | DV42: 1 | DW42: 2 | EF42: 8 | EG42: 12 | EH42: 3 | EI42: 2 | EX42: 20 | FC42: 15 | GR42: 41
A43: 45777.564 | B43: 45748 | C43: 45772 | D43: CVD Jaga Ram Tirath | E43: cvdjag2309 | F43: 3 | G43: Talwandi Sabo | H43: Bathinda | J43: 40 | N43: 7 | AH43: 3050 | AI43: 2000 | AJ43: 2000 | AO43: 330 | AP43: 330 | BZ43: 15 | CA43: 15 | DB43: 10 | DC43: 7 | DD43: 15 | DE43: 10 | DR43: 8 | DS43: 5 | EF43: 5 | EG43: 3 | EH43: 5 | EI43: 2 | EX43: 10 | FB43: 15 | FC43: 15 | GR43: 42
A44: 45777.677 | B44: 45748 | C44: 45772 | D44: PAW Gehlewala | E44: pawgeh3110 | F44: 4 | G44: Talwandi Sabo | H44: Bathinda | CB44: 15 | CC44: 12 | DB44: 6 | DC44: 3 | FC44: 15 | GR44: 43
A45: 45778.439 | B45: 45748 | C45: 45772 | D45: CVD Rayia | E45: cvdray1998 | F45: 3 | G45: Talwandi Sabo | H45: Bathinda | J45: 50 | N45: 3 | Q45: 1 | R45: 400 | S45: 2040 | AH45: 2600 | AI45: 2000 | AJ45: 2000 | AO45: 200 | AP45: 200 | BR45: 3 | BS45: 3 | BZ45: 8 | CA45: 8 | CB45: 5 | CC45: 5 | CH45: 20 | CI45: 14 | CN45: 10 | CO45: 6 | DB45: 40 | DC45: 31 | DD45: 20 | DE45: 12 | DL45: 5 | DM45: 8 | DR45: 5 | DS45: 12 | EF45: 12 | EG45: 22 | EH45: 10 | EI45: 18 | EX45: 15 | FB45: 15 | FC45: 30 | FS45: 15 | GR45: 44
A46: 45778.79 | B46: 45748 | C46: 45772 | D46: CVD Chathewala | E46: cvdcha6789 | F46: 3 | G46: Talwandi Sabo | H46: Bathinda | J46: 27 | K46: 7 | N46: 6 | O46: 4 | Q46: 1 | R46: 340 | S46: 1140 | AH46: 1500 | AI46: 1500 | AJ46: 1500 | CP46: 60 | CQ46: 42 | DB46: 45 | DC46: 32 | DD46: 9 | DE46: 6 | DL46: 1 | DM46: 4 | DT46: 2 | DU46: 1 | EF46: 3 | EG46: 2 | GR46: 45
A47: 45779.447 | B47: 45748 | C47: 45772 | D47: CVH Bangi Kalan | E47: cvhban5886 | F47: 2 | G47: Talwandi Sabo | H47: Bathinda | J47: 72 | Q47: 1 | R47: 28 | S47: 40 | AH47: 3300 | AI47: 1400 | AJ47: 1400 | EX47: 10 | GR47: 46
A48: 45779.447 | B48: 45748 | C48: 45772 | D48: CVH Behman Jassa Singh | E48: cvhbeh5265 | F48: 2 | G48: Talwandi Sabo | H48: Bathinda | J48: 50 | N48: 25 | AH48: 2750 | AI48: 1600 | AJ48: 1600 | GR48: 47
A49: 45779.45 | B49: 45748 | C49: 45772 | D49: CVH Laleana | E49: cvhlal9318 | F49: 2 | G49: Talwandi Sabo | H49: Bathinda | AH49: 3200 | GR49: 48
A50: 45779.467 | B50: 45748 | C50: 45772 | D50: CVH Bhagiwander | E50: cvhbha2028 | F50: 2 | G50: Talwandi Sabo | H50: Bathinda | J50: 25 | N50: 11 | AH50: 4650 | AI50: 800 | AJ50: 800 | BN50: 10 | BO50: 5 | BZ50: 10 | CA50: 5 | CN50: 1 | CZ50: 2 | DA50: 1 | DB50: 5 | DC50: 4 | DF50: 1 | DG50: 1 | DL50: 3 | FB50: 15 | GR50: 49
A51: 45782.625 | B51: 45748 | C51: 45772 | D51: CVD Nangla | E51: cvdnan4749 | F51: 3 | G51: Talwandi Sabo | H51: Bathinda | J51: 40 | N51: 16 | Q51: 1 | R51: 415 | S51: 1160 | AH51: 2150 | AI51: 600 | AJ51: 600 | GR51: 50
A52: 45783.433 | B52: 45748 | C52: 45772 | D52: PAW Kamalu | E52: pawkam6144 | F52: 4 | G52: Talwandi Sabo | H52: Bathinda | BL52: 15 | BM52: 10 | BZ52: 15 | CA52: 10 | CP52: 10 | CQ52: 6 | DB52: 10 | DC52: 7 | EU52: 15 | FB52: 15 | GR52: 51
A53: 45783.453 | B53: 45748 | C53: 45772 | D53: CVH Talwandi Sabo | E53: cvhtal1111 | F53: 1 | G53: Talwandi Sabo | H53: Bathinda | J53: 9 | K53: 13 | L53: 54 | N53: 5 | O53: 6 | P53: 20 | AH53: 3700 | AI53: 2200 | AJ53: 2200 | CH53: 12 | CI53: 5 | CL53: 25 | CM53: 12 | DB53: 25 | DC53: 11 | DR53: 3 | DS53: 4 | GN53: 2 | GO53: 2 | GQ53: 20 | GR53: 52
A54: 45783.456 | B54: 45748 | C54: 45772 | D54: CVH Raman Mandi | E54: cvhram9293 | F54: 1 | G54: Talwandi Sabo | H54: Bathinda | J54: 50 | N54: 30 | T54: 30 | AH54: 2900 | AI54: 1000 | AJ54: 1000 | BJ54: 15 | BK54: 12 | BL54: 15 | BM54: 12 | BX54: 4 | BY54: 4 | CB54: 15 | CC54: 13 | CD54: 10 | CE54: 10 | CP54: 50 | CQ54: 30 | DB54: 30 | DC54: 20 | DN54: 3 | DO54: 2 | DR54: 2 | DS54: 3 | EF54: 3 | EG54: 3 | ET54: 15 | EU54: 45 | FB54: 30 | FC54: 30 | FK54: 30 | FR54: 30 | FS54: 15 | GR54: 53
A55: 45783.458 | B55: 45748 | C55: 45772 | D55: CVH Kanakwal | E55: cvhkan3005 | F55: 2 | G55: Talwandi Sabo | H55: Bathinda | AH55: 3050 | AI55: 1200 | AJ55: 1200 | GR55: 54
A56: 45803.384 | B56: 45773 | C56: 45802 | D56: PAW Jajjal | E56: pawjaj4030 | F56: 4 | G56: Talwandi Sabo | H56: Bathinda | BL56: 45 | BM56: 35 | BZ56: 15 | CA56: 11 | CN56: 18 | CO56: 12 | CP56: 8 | CQ56: 5 | DB56: 30 | DC56: 23 | DD56: 10 | DE56: 7 | EU56: 45 | FB56: 15 | GR56: 55
A57: 45803.421 | B57: 45773 | C57: 45802 | D57: CVD Teona Pujarian | E57: cvdteo6484 | F57: 3 | G57: Talwandi Sabo | H57: Bathinda | J57: 97 | K57: 1 | Q57: 4 | R57: 300 | S57: 1360 | U57: 2 | AH57: 250 | AI57: 800 | AJ57: 800 | BJ57: 15 | BK57: 15 | BL57: 15 | BM57: 15 | BZ57: 15 | CA57: 15 | CL57: 14 | CM57: 8 | CN57: 15 | CO57: 9 | DB57: 27 | DC57: 20 | DR57: 10 | DS57: 12 | EH57: 5 | EI57: 3 | ET57: 15 | EU57: 15 | FB57: 15 | GR57: 56
A58: 45803.501 | B58: 45773 | C58: 45802 | D58: CVD Malwala | E58: cvdmal8248 | F58: 3 | G58: Talwandi Sabo | H58: Bathinda | J58: 63 | N58: 35 | AH58: -750 | AI58: 200 | AJ58: 200 | BF58: 15 | BG58: 15 | BH58: 15 | BI58: 15 | BL58: 15 | BM58: 15 | BZ58: 15 | CA58: 15 | CN58: 7 | CO58: 4 | DB58: 30 | DC58: 15 | DR58: 13 | DS58: 15 | EF58: 4 | EG58: 4 | ER58: 15 | ES58: 45 | EU58: 15 | FB58: 15 | GR58: 57
A59: 45803.511 | B59: 45773 | C59: 45802 | D59: CVH Behman Jassa Singh | E59: cvhbeh5265 | F59: 2 | G59: Talwandi Sabo | H59: Bathinda | J59: 50 | N59: 25 | AI59: 850 | AJ59: 850 | BL59: 30 | BM59: 15 | BZ59: 15 | CA59: 8 | EU59: 30 | FB59: 15 | GR59: 58
A60: 45803.513 | B60: 45773 | C60: 45802 | D60: CVD Jaga Ram Tirath | E60: cvdjag2309 | F60: 3 | G60: Talwandi Sabo | H60: Bathinda | J60: 18 | K60: 37 | N60: 6 | O60: 39 | Q60: 2 | R60: 425 | S60: 2250 | AI60: 950 | AJ60: 950 | BJ60: 20 | BK60: 14 | BL60: 20 | BM60: 14 | CB60: 15 | CC60: 11 | CP60: 7 | CQ60: 4 | DB60: 12 | DC60: 8 | DR60: 2 | DS60: 1 | EF60: 4 | EG60: 2 | EH60: 2 | EI60: 1 | ET60: 30 | EU60: 30 | FC60: 0 | GR60: 59
A61: 45803.518 | B61: 45773 | C61: 45802 | D61: CVH Singo | E61: cvhsin5995 | F61: 2 | G61: Talwandi Sabo | H61: Bathinda | J61: 60 | N61: 30 | AH61: 0 | AI61: 1000 | AJ61: 1000 | BZ61: 10 | CA61: 5 | CB61: 10 | CC61: 5 | CN61: 5 | CO61: 3 | CP61: 10 | CQ61: 5 | DB61: 10 | DC61: 5 | DL61: 2 | DM61: 1 | EJ61: 1 | EK61: 1 | FB61: 15 | FC61: 15 | GR61: 60
A62: 45803.525 | B62: 45773 | C62: 45802 | D62: CVD Chathewala | E62: cvdcha6789 | F62: 3 | G62: Talwandi Sabo | H62: Bathinda | J62: 52 | N62: 13 | AH62: 150 | AI62: 150 | AJ62: 150 | BF62: 30 | BG62: 25 | BH62: 15 | BI62: 12 | BJ62: 15 | BK62: 10 | BL62: 60 | BM62: 45 | BZ62: 15 | CA62: 10 | CL62: 18 | CM62: 15 | CP62: 28 | CQ62: 25 | DB62: 25 | DC62: 22 | DL62: 3 | DM62: 4 | DR62: 3 | DS62: 5 | ER62: 30 | ES62: 15 | ET62: 15 | EU62: 60 | EX62: 10 | FB62: 45 | FC62: 30 | GR62: 61
A63: 45803.528 | B63: 45773 | C63: 45802 | D63: CVD Phallar | E63: cvdpha3711 | F63: 3 | G63: Talwandi Sabo | H63: Bathinda | J63: 46 | N63: 35 | T63: 7 | AH63: -900 | AI63: 900 | AJ63: 900 | CB63: 30 | CC63: 28 | CH63: 5 | CI63: 3 | CN63: 6 | CO63: 4 | CP63: 5 | CQ63: 4 | DB63: 7 | DC63: 4 | DD63: 6 | DE63: 3 | DL63: 2 | DM63: 1 | DT63: 2 | DU63: 1 | EF63: 6 | EG63: 3 | FB63: 30 | FC63: 30 | GR63: 62
A64: 45803.541 | B64: 45773 | C64: 45802 | D64: CVH Bhagiwander | E64: cvhbha2028 | F64: 2 | G64: Talwandi Sabo | H64: Bathinda | J64: 28 | K64: 2 | N64: 14 | Y64: 2 | AI64: 3300 | AJ64: 3300 | BN64: 7 | BO64: 4 | BZ64: 19 | CA64: 10 | CB64: 15 | CC64: 8 | CH64: 5 | CI64: 3 | CN64: 2 | CO64: 1 | CT64: 2 | CU64: 1 | DB64: 8 | DC64: 4 | FB64: 15 | GR64: 63
A65: 45803.547 | B65: 45773 | C65: 45802 | D65: CVD Nangla | E65: cvdnan4749 | F65: 3 | G65: Talwandi Sabo | H65: Bathinda | J65: 51 | N65: 9 | AH65: 250 | AI65: 1550 | AJ65: 1550 | BH65: 15 | BI65: 15 | BL65: 15 | BM65: 15 | BZ65: 15 | CA65: 15 | CH65: 5 | CI65: 2 | CN65: 15 | CO65: 7 | CP65: 25 | CQ65: 13 | DB65: 35 | DC65: 16 | DD65: 5 | DE65: 2 | DL65: 3 | DM65: 3 | DN65: 3 | DO65: 3 | DR65: 4 | DS65: 5 | EF65: 6 | EG65: 8 | ES65: 15 | EU65: 15 | EX65: 10 | FB65: 15 | GR65: 64
A66: 45803.557 | B66: 45773 | C66: 45802 | D66: CVH Bhagwangarh | E66: cvhbha4483 | F66: 2 | G66: Talwandi Sabo | H66: Bathinda | J66: 90 | N66: 47 | AI66: 2400 | AJ66: 2400 | BJ66: 15 | BK66: 15 | BL66: 15 | BM66: 15 | BZ66: 30 | CA66: 30 | CH66: 13 | CI66: 9 | CP66: 12 | CQ66: 8 | DB66: 26 | DC66: 17 | DL66: 6 | DM66: 6 | EF66: 5 | EG66: 5 | ET66: 15 | EU66: 15 | FB66: 60 | FC66: 15 | GR66: 65
A67: 45803.557 | B67: 45773 | C67: 45802 | D67: CVH Pakka Kalan | E67: cvhpak2554 | F67: 2 | G67: Talwandi Sabo | H67: Bathinda | J67: 100 | N67: 47 | T67: 50 | Y67: 10 | AH67: -500 | AI67: 2200 | AJ67: 2200 | BJ67: 15 | BK67: 12 | BL67: 15 | BM67: 12 | BR67: 9 | BS67: 7 | BZ67: 30 | CA67: 24 | CH67: 15 | CI67: 8 | CL67: 15 | CM67: 8 | CN67: 15 | CO67: 8 | CP67: 5 | CQ67: 3 | CZ67: 2 | DB67: 60 | DC67: 30 | DL67: 4 | DM67: 4 | DN67: 4 | DO67: 4 | EF67: 4 | EG67: 4 | ET67: 15 | EU67: 15 | EX67: 9 | FB67: 30 | GR67: 66
A68: 45803.558 | B68: 45773 | C68: 45802 | D68: CVH Malkana | E68: cvhmal305 | F68: 2 | G68: Talwandi Sabo | H68: Bathinda | J68: 40 | N68: 30 | AI68: 3300 | AJ68: 3300 | CN68: 12 | CO68: 7 | DB68: 12 | DC68: 8 | DL68: 6 | DM68: 6 | GR68: 67
A69: 45803.627 | B69: 45773 | C69: 45802 | D69: PAW Gehlewala | E69: pawgeh3110 | F69: 4 | G69: Talwandi Sabo | H69: Bathinda | BL69: 15 | BM69: 12 | DB69: 7 | DC69: 4 | EU69: 15 | GR69: 68
A70: 45803.767 | B70: 45773 | C70: 45802 | D70: CVH Bangi Deepa | E70: cvhban9641 | F70: 2 | G70: Talwandi Sabo | H70: Bathinda | J70: 92 | N70: 46 | AI70: 2450 | AJ70: 2450 | BH70: 15 | BI70: 11 | BJ70: 30 | BK70: 21 | BZ70: 45 | CA70: 32 | CB70: 30 | CC70: 19 | CH70: 4 | CI70: 2 | CL70: 10 | CM70: 6 | CP70: 10 | CQ70: 5 | CT70: 5 | CU70: 2 | DD70: 33 | DE70: 19 | DF70: 2 | DL70: 10 | DM70: 8 | DT70: 1 | DU70: 1 | EH70: 9 | EI70: 9 | ES70: 15 | ET70: 30 | FB70: 45 | FC70: 30 | GR70: 69
A71: 45804.377 | B71: 45773 | C71: 45802 | D71: CVH Talwandi Sabo | E71: cvhtal1111 | F71: 1 | G71: Talwandi Sabo | H71: Bathinda | J71: 32 | K71: 42 | L71: 48 | N71: 15 | O71: 20 | P71: 20 | T71: 250 | AH71: 900 | AI71: 1500 | AJ71: 1500 | BH71: 15 | BI71: 13 | BL71: 15 | BM71: 12 | BZ71: 15 | CA71: 11 | CH71: 11 | CI71: 5 | CL71: 21 | CM71: 9 | DB71: 20 | DC71: 11 | DR71: 3 | DS71: 3 | ES71: 15 | EU71: 15 | FB71: 15 | GN71: 2 | GO71: 2 | GQ71: 20 | GR71: 70
A72: 45804.412 | B72: 45773 | C72: 45802 | D72: CVH Shekhpura | E72: cvhshe6427 | F72: 2 | G72: Talwandi Sabo | H72: Bathinda | J72: 44 | K72: 1 | N72: 10 | O72: 1 | W72: 1 | AI72: 2500 | AJ72: 2500 | BF72: 15 | BG72: 15 | BZ72: 30 | CA72: 30 | CH72: 3 | CI72: 2 | CN72: 2 | CO72: 1 | DB72: 8 | DC72: 3 | DL72: 1 | DM72: 1 | EF72: 1 | EG72: 2 | ER72: 15 | FB72: 30 | GR72: 71
A73: 45804.455 | B73: 45773 | C73: 45802 | D73: CVD Sekhu | E73: cvdsek5978 | F73: 3 | G73: Talwandi Sabo | H73: Bathinda | J73: 55 | N73: 39 | T73: 20 | BF73: 15 | BG73: 12 | CP73: 12 | CQ73: 7 | DL73: 3 | DM73: 3 | DN73: 3 | DO73: 2 | DR73: 3 | DS73: 3 | EF73: 4 | EG73: 4 | EH73: 8 | EI73: 8 | ER73: 15 | GR73: 72
A74: 45804.468 | B74: 45773 | C74: 45802 | D74: CVD Kalalwala | E74: cvdkal9978 | F74: 3 | G74: Talwandi Sabo | H74: Bathinda | J74: 60 | L74: 1 | N74: 17 | AI74: 650 | AJ74: 650 | BF74: 15 | BG74: 15 | BH74: 9 | BI74: 7 | BJ74: 30 | BK74: 25 | BL74: 35 | BM74: 30 | BR74: 4 | BS74: 4 | CH74: 4 | CI74: 3 | CJ74: 25 | CK74: 20 | DB74: 27 | DC74: 22 | DD74: 12 | DE74: 9 | DL74: 3 | DM74: 4 | DN74: 1 | DO74: 3 | DP74: 1 | DQ74: 1 | DR74: 3 | DS74: 5 | DT74: 1 | DU74: 2 | EF74: 2 | EG74: 2 | EH74: 1 | EI74: 2 | ER74: 15 | ES74: 15 | ET74: 30 | EU74: 45 | FB74: 15 | GR74: 73
A75: 45804.478 | B75: 45773 | C75: 45802 | D75: CVD Rayia | E75: cvdray1998 | F75: 3 | G75: Talwandi Sabo | H75: Bathinda | J75: 28 | N75: 10 | AI75: 250 | AJ75: 250 | BJ75: 17 | BK75: 15 | BL75: 10 | BM75: 10 | BR75: 7 | BS75: 6 | BZ75: 7 | CA75: 7 | CB75: 10 | CC75: 10 | CN75: 9 | CO75: 5 | CP75: 35 | CQ75: 24 | CT75: 6 | CU75: 2 | DB75: 22 | DC75: 14 | DD75: 23 | DE75: 12 | DF75: 3 | DG75: 1 | DL75: 3 | DM75: 2 | DR75: 1 | EF75: 7 | EG75: 5 | ET75: 30 | EU75: 60 | FB75: 15 | FK75: 15 | GR75: 74
A76: 45804.488 | B76: 45773 | C76: 45802 | D76: CVD Gatwali | E76: cvdgat7183 | F76: 3 | G76: Talwandi Sabo | H76: Bathinda | J76: 60 | K76: 11 | N76: 12 | O76: 3 | Q76: 3 | R76: 356 | S76: 1100 | AI76: 700 | AJ76: 700 | BF76: 5 | BG76: 3 | BJ76: 15 | BK76: 11 | BL76: 15 | BM76: 12 | BR76: 10 | BS76: 8 | BZ76: 5 | CA76: 4 | CH76: 3 | CI76: 2 | CN76: 7 | CO76: 5 | CP76: 9 | CQ76: 6 | CT76: 3 | CU76: 2 | DB76: 28 | DC76: 21 | DR76: 3 | DS76: 3 | EC76: 1 | EE76: 1 | EF76: 4 | EG76: 4 | EK76: 1 | ER76: 15 | ET76: 45 | EU76: 30 | EX76: 10 | FB76: 30 | GR76: 75
A77: 45804.488 | B77: 45773 | C77: 45802 | D77: PAW Kamalu | E77: pawkam6144 | F77: 4 | G77: Talwandi Sabo | H77: Bathinda | BZ77: 30 | CA77: 20 | DB77: 20 | DC77: 10 | FB77: 30 | GR77: 76
A78: 45804.505 | B78: 45773 | C78: 45802 | D78: CVH Bangi Kalan | E78: cvhban5886 | F78: 2 | G78: Talwandi Sabo | H78: Bathinda | J78: 115 | N78: 35 | AI78: 1900 | AJ78: 1900 | BF78: 15 | BG78: 11 | BZ78: 15 | CA78: 9 | ER78: 15 | FB78: 15 | GR78: 77
A79: 45805.449 | B79: 45773 | C79: 45802 | D79: CVH Laleana | E79: cvhlal9318 | F79: 2 | G79: Talwandi Sabo | H79: Bathinda | J79: 20 | AH79: 600 | AI79: 3800 | AJ79: 3800 | GR79: 78
A80: 45805.453 | B80: 45773 | C80: 45802 | D80: CVH Natheha | E80: cvhnat3075 | F80: 2 | G80: Talwandi Sabo | H80: Bathinda | J80: 75 | N80: 22 | AI80: 1250 | AJ80: 1250 | BL80: 15 | BM80: 11 | BZ80: 15 | CA80: 9 | EU80: 15 | FB80: 15 | GR80: 79
A81: 45805.476 | B81: 45773 | C81: 45802 | D81: CVH Kanakwal | E81: cvhkan3005 | F81: 2 | G81: Talwandi Sabo | H81: Bathinda | AI81: 1200 | AJ81: 1200 | GR81: 80
A82: 45805.498 | B82: 45773 | C82: 45802 | D82: CVH Raman Mandi | E82: cvhram9293 | F82: 1 | G82: Talwandi Sabo | H82: Bathinda | J82: 49 | N82: 55 | T82: 51 | AI82: 500 | AJ82: 500 | BL82: 15 | BM82: 10 | CH82: 15 | CI82: 12 | CL82: 10 | CM82: 8 | CN82: 10 | CO82: 7 | DB82: 15 | DC82: 10 | EF82: 3 | EG82: 3 | EU82: 60 | EX82: 40 | FB82: 30 | FK82: 45 | FR82: 30 | GR82: 81
A83: 45834.39 | B83: 45803 | C83: 45833 | D83: PAW Behman Kaur Singh | E83: pawbeh6117 | F83: 4 | G83: Talwandi Sabo | H83: Bathinda | BN83: 30 | BO83: 15 | BZ83: 15 | CA83: 8 | EV83: 30 | FB83: 15 | GR83: 82
A84: 45834.394 | B84: 45803 | C84: 45833 | D84: CVD Teona Pujarian | E84: cvdteo6484 | F84: 3 | G84: Talwandi Sabo | H84: Bathinda | J84: 106 | N84: 23 | U84: 2 | AE84: 700 | AF84: 100 | AG84: 100 | AI84: 250 | AJ84: 250 | AK84: 50 | AN84: 10 | AQ84: 500 | BN84: 20 | BO84: 20 | BR84: 1 | BS84: 1 | BZ84: 15 | CA84: 15 | CL84: 15 | CM84: 10 | CN84: 21 | CO84: 14 | DB84: 26 | DC84: 19 | DR84: 16 | DS84: 10 | EF84: 10 | EG84: 8 | EV84: 30 | EX84: 10 | FB84: 15 | GR84: 83
A85: 45834.462 | B85: 45803 | C85: 45833 | D85: PAW Gehlewala | E85: pawgeh3110 | F85: 4 | G85: Talwandi Sabo | H85: Bathinda | CP85: 7 | CQ85: 3 | DL85: 2 | DM85: 1 | GR85: 84
A86: 45834.467 | B86: 45803 | C86: 45833 | D86: CVH Malkana | E86: cvhmal305 | F86: 2 | G86: Talwandi Sabo | H86: Bathinda | J86: 40 | N86: 40 | AE86: 1750 | AF86: 200 | AG86: 200 | AK86: 50 | AL86: 50 | AM86: 50 | AN86: 10 | AO86: 10 | AP86: 10 | AQ86: 600 | AR86: 200 | AS86: 200 | GR86: 85
A87: 45834.494 | B87: 45803 | C87: 45833 | D87: CVD Rayia | E87: cvdray1998 | F87: 3 | G87: Talwandi Sabo | H87: Bathinda | J87: 27 | N87: 2 | AE87: 900 | AK87: 50 | AN87: 10 | AQ87: 600 | BJ87: 3 | BK87: 3 | BL87: 5 | BM87: 4 | BN87: 4 | BO87: 3 | BR87: 1 | BS87: 1 | BZ87: 5 | CA87: 5 | CN87: 34 | CO87: 17 | CP87: 25 | CQ87: 13 | DB87: 13 | DC87: 7 | DD87: 12 | DE87: 5 | DF87: 2 | DL87: 2 | DM87: 2 | DR87: 2 | EF87: 6 | EG87: 4 | EV87: 30 | EX87: 10 | GR87: 86
A88: 45834.507 | B88: 45803 | C88: 45833 | D88: CVH Bhagwangarh | E88: cvhbha4483 | F88: 2 | G88: Talwandi Sabo | H88: Bathinda | J88: 100 | N88: 46 | AE88: 1250 | AF88: 400 | AG88: 400 | AK88: 50 | AN88: 10 | AQ88: 500 | BN88: 30 | BO88: 30 | BZ88: 15 | CA88: 15 | CB88: 15 | CC88: 15 | CP88: 117 | CQ88: 66 | DB88: 27 | DC88: 16 | DR88: 7 | DS88: 6 | EF88: 6 | EG88: 5 | EV88: 30 | GR88: 87
A89: 45834.548 | B89: 45803 | C89: 45833 | D89: CVD Chathewala | E89: cvdcha6789 | F89: 3 | G89: Talwandi Sabo | H89: Bathinda | J89: 55 | N89: 5 | AE89: 650 | AF89: 100 | AG89: 100 | AK89: 50 | AL89: 50 | AM89: 50 | AN89: 10 | AQ89: 200 | AR89: 100 | AS89: 100 | BL89: 15 | BM89: 11 | BN89: 10 | BO89: 7 | CL89: 5 | CM89: 3 | CN89: 8 | CO89: 5 | DB89: 8 | DC89: 6 | DL89: 1 | DM89: 1 | DP89: 1 | DQ89: 1 | EF89: 10 | EG89: 6 | EU89: 15 | EV89: 80 | EX89: 10 | GR89: 88
A90: 45834.56 | B90: 45803 | C90: 45833 | D90: CVD Malwala | E90: cvdmal8248 | F90: 3 | G90: Talwandi Sabo | H90: Bathinda | J90: 80 | N90: 45 | AE90: 650 | AF90: 300 | AG90: 300 | AK90: 50 | AL90: 50 | AM90: 50 | AQ90: 300 | AR90: 300 | AS90: 300 | BL90: 45 | BM90: 45 | BR90: 3 | BS90: 3 | BZ90: 30 | CA90: 30 | CN90: 7 | CO90: 4 | CP90: 180 | CQ90: 95 | DR90: 3 | DS90: 2 | EU90: 45 | EX90: 15 | FB90: 30 | GR90: 89
A91: 45834.595 | B91: 45803 | C91: 45833 | D91: CVH Behman Jassa Singh | E91: cvhbeh5265 | F91: 2 | G91: Talwandi Sabo | H91: Bathinda | J91: 60 | N91: 30 | AE91: 1000 | AF91: 1000 | AG91: 1000 | AK91: 50 | AL91: 50 | AM91: 50 | AN91: 10 | AO91: 10 | AP91: 10 | AQ91: 500 | AR91: 500 | AS91: 500 | BZ91: 15 | CA91: 15 | EV91: 30 | FB91: 30 | FL91: 30 | FR91: 15 | GR91: 90
A92: 45834.598 | B92: 45803 | C92: 45833 | D92: CVH Singo | E92: cvhsin5995 | F92: 2 | G92: Talwandi Sabo | H92: Bathinda | J92: 70 | N92: 30 | AE92: 800 | AF92: 800 | AG92: 800 | AI92: 150 | AJ92: 150 | AK92: 50 | AL92: 50 | AM92: 50 | AN92: 10 | AO92: 200 | AP92: 200 | AQ92: 200 | AR92: 200 | AS92: 200 | BN92: 20 | BO92: 10 | BZ92: 10 | CA92: 5 | CB92: 10 | CC92: 5 | CH92: 15 | CI92: 9 | CN92: 10 | CO92: 5 | CP92: 15 | CQ92: 8 | DB92: 13 | DC92: 7 | DL92: 3 | DM92: 2 | EF92: 2 | EG92: 1 | EK92: 1 | EV92: 20 | FB92: 15 | FC92: 15 | GR92: 91
A93: 45834.706 | B93: 45803 | C93: 45833 | D93: CVD Jaga Ram Tirath | E93: cvdjag2309 | F93: 3 | G93: Talwandi Sabo | H93: Bathinda | J93: 45 | K93: 12 | N93: 11 | O93: 10 | AE93: 1200 | AF93: 800 | AG93: 800 | AK93: 50 | AN93: 10 | AQ93: 400 | AR93: 200 | AS93: 200 | BJ93: 10 | BK93: 7 | BL93: 10 | BM93: 7 | BN93: 60 | BO93: 42 | BR93: 1 | BS93: 1 | BZ93: 45 | CA93: 31 | CB93: 30 | CC93: 21 | CP93: 8 | CQ93: 6 | DB93: 11 | DC93: 8 | DR93: 1 | DS93: 1 | EF93: 4 | EG93: 2 | EH93: 2 | EI93: 2 | EV93: 75 | EX93: 10 | FB93: 45 | FC93: 45 | GR93: 92
A94: 45834.756 | B94: 45803 | C94: 45833 | D94: CVH Bangi Deepa | E94: cvhban9641 | F94: 2 | G94: Talwandi Sabo | H94: Bathinda | J94: 96 | N94: 48 | AE94: 1400 | AF94: 500 | AG94: 500 | AK94: 50 | AL94: 50 | AM94: 50 | AN94: 10 | AO94: 10 | AP94: 10 | AQ94: 300 | AR94: 300 | AS94: 300 | BN94: 45 | BO94: 32 | BR94: 4 | BS94: 3 | BZ94: 30 | CA94: 21 | CL94: 10 | CM94: 6 | CN94: 2 | CP94: 126 | CQ94: 71 | CT94: 11 | CU94: 4 | DB94: 129 | DC94: 76 | DD94: 10 | DE94: 5 | DF94: 3 | DL94: 3 | DM94: 2 | DR94: 3 | DS94: 3 | DT94: 2 | DU94: 1 | DV94: 1 | DW94: 2 | EV94: 45 | EX94: 40 | FB94: 30 | GR94: 93
A95: 45834.84 | B95: 45803 | C95: 45833 | D95: CVD Phallar | E95: cvdpha3711 | F95: 3 | G95: Talwandi Sabo | H95: Bathinda | J95: 53 | N95: 45 | T95: 30 | AE95: 1200 | AF95: 800 | AG95: 800 | AI95: 800 | AJ95: 800 | AK95: 50 | AL95: 50 | AM95: 50 | AN95: 40 | AQ95: 300 | AR95: 300 | AS95: 300 | BN95: 126 | BO95: 120 | BR95: 7 | BS95: 7 | BZ95: 30 | CA95: 28 | CB95: 6 | CC95: 6 | CH95: 10 | CI95: 5 | DB95: 11 | DC95: 7 | DL95: 2 | DM95: 2 | DR95: 4 | DS95: 3 | DT95: 2 | DU95: 4 | EV95: 135 | EX95: 15 | FB95: 15 | FL95: 15 | GR95: 94
A96: 45835.348 | B96: 45803 | C96: 45833 | D96: CVH Pakka Kalan | E96: cvhpak2554 | F96: 2 | G96: Talwandi Sabo | H96: Bathinda | J96: 110 | N96: 48 | T96: 40 | Y96: 13 | AA96: 1 | AE96: 1500 | AF96: 500 | AG96: 500 | AK96: 50 | AL96: 50 | AM96: 50 | AO96: 60 | AP96: 60 | AQ96: 500 | AR96: 300 | AS96: 300 | BL96: 30 | BM96: 24 | BN96: 60 | BO96: 48 | BR96: 7 | BS96: 5 | BZ96: 30 | CA96: 24 | CH96: 12 | CI96: 6 | CL96: 24 | CM96: 12 | CN96: 12 | CO96: 6 | CP96: 100 | CQ96: 50 | CR96: 4 | CS96: 2 | DB96: 12 | DC96: 6 | DL96: 4 | DM96: 4 | DR96: 4 | DS96: 4 | EF96: 4 | EG96: 4 | EU96: 30 | EV96: 60 | EX96: 7 | FB96: 30 | GR96: 95
A97: 45835.364 | B97: 45803 | C97: 45833 | D97: PAW Jajjal | E97: pawjaj4030 | F97: 4 | G97: Talwandi Sabo | H97: Bathinda | BN97: 15 | BO97: 11 | BZ97: 15 | CA97: 11 | CB97: 15 | CC97: 11 | CN97: 9 | CO97: 6 | CP97: 25 | CQ97: 18 | DB97: 10 | DC97: 7 | DD97: 9 | DE97: 7 | EV97: 15 | FB97: 15 | FC97: 15 | GR97: 96
A98: 45835.491 | B98: 45803 | C98: 45833 | D98: CVD Nangla | E98: cvdnan4749 | F98: 3 | G98: Talwandi Sabo | H98: Bathinda | J98: 84 | N98: 24 | AE98: 1000 | AF98: 900 | AG98: 900 | AI98: 250 | AJ98: 250 | AK98: 50 | AN98: 10 | AQ98: 400 | BZ98: 15 | CA98: 15 | CB98: 15 | CC98: 15 | CH98: 10 | CI98: 6 | CP98: 85 | CQ98: 42 | DB98: 65 | DC98: 37 | DD98: 10 | DE98: 5 | EF98: 2 | EG98: 2 | EX98: 10 | FB98: 15 | FC98: 15 | GR98: 97
A99: 45835.501 | B99: 45803 | C99: 45833 | D99: CVD Sekhu | E99: cvdsek5978 | F99: 3 | G99: Talwandi Sabo | H99: Bathinda | J99: 47 | N99: 28 | T99: 18 | AE99: 850 | AF99: 500 | AG99: 500 | AK99: 50 | AN99: 10 | AQ99: 500 | BN99: 30 | BO99: 24 | BZ99: 30 | CA99: 26 | CN99: 30 | CO99: 10 | CP99: 75 | CQ99: 30 | DB99: 60 | DC99: 23 | DD99: 90 | DE99: 28 | DP99: 3 | DQ99: 2 | DT99: 6 | DU99: 5 | EH99: 7 | EI99: 6 | EV99: 30 | EX99: 10 | FB99: 30 | GR99: 98
A100: 45835.502 | B100: 45803 | C100: 45833 | D100: CVH Shekhpura | E100: cvhshe6427 | F100: 2 | G100: Talwandi Sabo | H100: Bathinda | J100: 24 | N100: 4 | AE100: 1800 | AI100: 1000 | AJ100: 1000 | AK100: 50 | AN100: 10 | AQ100: 500 | GR100: 99
...

Sheet Reports
G1: Monthly Report of | J1: CVH Malkana | M1: From | N1: 46113 | P1: To | Q1: 46142
K2: =V61&" "&V62 -> Tehsil - Talwandi Sabo Contact No: 9814618216
B3: OUTDOOR CASE REPORT
B4: ='Form responses'!I1 -> New Case Equine | C4: ='Form responses'!J1 -> New Case Bovine | D4: ='Form responses'!K1 -> New Case Other | E4: Total New OPD | F4: ='Form responses'!L1 -> New Case Dogs | G4: ='Form responses'!M1 -> Old Case Equine | H4: ='Form responses'!N1 -> Old Case Bovine | I4: ='Form responses'!O1 -> Old Case Other | J4: ='Form responses'!P1 -> Old Case Dogs | K4: ='Form responses'!Q1 -> No. Of Camp Organised | L4: ='Form responses'!R1 -> Farmers Arrived in Capm | M4: ='Form responses'!S1 -> Case Treated In Camp | N4: ='Form responses'!T1 -> Gaushala Cases | O4: Total New Case Treated including Gaushala /camp | P4: Total Old Case Treated | R4: ='Form responses'!U1 -> Bovine Castrations | S4: ='Form responses'!V1 -> Other Castrations | T4: ='Form responses'!W1 -> No. of Pregnancy Diagnosis (Paid) | U4: ='Form responses'!X1 -> A.H. Certificate Small Animals | V4: ='Form responses'!Y1 -> A.H. Certificate Large Animals | W4: ='Form responses'!Z1 -> Post Mortem Small Animals | X4: ='Form responses'!AA1 -> Post Mortem Large Animals | Y4: ='Form responses'!AB1 -> Post Mortem Vetro Legal | ... AA4: ='Form responses'!AD1 -> PM Dogs Vetro legal
B5: =sumifs('Form responses'!I2:I63,'Form responses'!$C$2:$C63,">="&$N$1,'Form responses'!$C$2:$C63,"<="&$Q$1,'Form responses'!$D$2:$D63,$J$1) -> 0 | C5: =sumifs('Form responses'!J2:J63,'Form responses'!$C$2:$C63,">="&$N$1,'Form responses'!$C$2:$C63,"<="&$Q$1,'Form responses'!$D$2:$D63,$J$1) -> 40 | D5: =sumifs('Form responses'!K2:K63,'Form responses'!$C$2:$C63,">="&$N$1,'Form responses'!$C$2:$C63,"<="&$Q$1,'Form responses'!$D$2:$D63,$J$1) -> 0 | E5: =SUM(B5:D5) -> 40 | F5: =sumifs('Form responses'!L2:L63,'Form responses'!$C$2:$C63,">="&$N$1,'Form responses'!$C$2:$C63,"<="&$Q$1,'Form responses'!$D$2:$D63,$J$1) -> 0 | G5: =sumifs('Form responses'!M2:M63,'Form responses'!$C$2:$C63,">="&$N$1,'Form responses'!$C$2:$C63,"<="&$Q$1,'Form responses'!$D$2:$D63,$J$1) -> 0 | H5: =sumifs('Form responses'!N2:N63,'Form responses'!$C$2:$C63,">="&$N$1,'Form responses'!$C$2:$C63,"<="&$Q$1,'Form responses'!$D$2:$D63,$J$1) -> 40 | I5: =sumifs('Form responses'!O2:O63,'Form responses'!$C$2:$C63,">="&$N$1,'Form responses'!$C$2:$C63,"<="&$Q$1,'Form responses'!$D$2:$D63,$J$1) -> 0 | J5: =sumifs('Form responses'!P2:P63,'Form responses'!$C$2:$C63,">="&$N$1,'Form responses'!$C$2:$C63,"<="&$Q$1,'Form responses'!$D$2:$D63,$J$1) -> 0 | K5: =sumifs('Form responses'!Q2:Q63,'Form responses'!$C$2:$C63,">="&$N$1,'Form responses'!$C$2:$C63,"<="&$Q$1,'Form responses'!$D$2:$D63,$J$1) -> 0 | L5: =sumifs('Form responses'!R2:R63,'Form responses'!$C$2:$C63,">="&$N$1,'Form responses'!$C$2:$C63,"<="&$Q$1,'Form responses'!$D$2:$D63,$J$1) -> 0 | M5: =sumifs('Form responses'!S2:S63,'Form responses'!$C$2:$C63,">="&$N$1,'Form responses'!$C$2:$C63,"<="&$Q$1,'Form responses'!$D$2:$D63,$J$1) -> 0 | N5: =sumifs('Form responses'!T2:T63,'Form responses'!$C$2:$C63,">="&$N$1,'Form responses'!$C$2:$C63,"<="&$Q$1,'Form responses'!$D$2:$D63,$J$1) -> 0 | O5: =E5+F5+M5+N5 -> 40 | P5: =G5+H5+I5+J5 -> 40 | R5: =sumifs('Form responses'!U$2:U63,'Form responses'!$C$2:$C63,">="&$N$1,'Form responses'!$C$2:$C63,"<="&$Q$1,'Form responses'!$D$2:$D63,$J$1) -> 0 | S5: =sumifs('Form responses'!V$2:V63,'Form responses'!$C$2:$C63,">="&$N$1,'Form responses'!$C$2:$C63,"<="&$Q$1,'Form responses'!$D$2:$D63,$J$1) -> 0 | T5: =sumifs('Form responses'!W$2:W63,'Form responses'!$C$2:$C63,">="&$N$1,'Form responses'!$C$2:$C63,"<="&$Q$1,'Form responses'!$D$2:$D63,$J$1) -> 0 | U5: =sumifs('Form responses'!X$2:X63,'Form responses'!$C$2:$C63,">="&$N$1,'Form responses'!$C$2:$C63,"<="&$Q$1,'Form responses'!$D$2:$D63,$J$1) -> 0 | V5: =sumifs('Form responses'!Y$2:Y63,'Form responses'!$C$2:$C63,">="&$N$1,'Form responses'!$C$2:$C63,"<="&$Q$1,'Form responses'!$D$2:$D63,$J$1) -> 0 | W5: =sumifs('Form responses'!Z$2:Z63,'Form responses'!$C$2:$C63,">="&$N$1,'Form responses'!$C$2:$C63,"<="&$Q$1,'Form responses'!$D$2:$D63,$J$1) -> 0 | X5: =sumifs('Form responses'!AA$2:AA63,'Form responses'!$C$2:$C63,">="&$N$1,'Form responses'!$C$2:$C63,"<="&$Q$1,'Form responses'!$D$2:$D63,$J$1) -> 0 | Y5: =sumifs('Form responses'!AB$2:AB63,'Form responses'!$C$2:$C63,">="&$N$1,'Form responses'!$C$2:$C63,"<="&$Q$1,'Form responses'!$D$2:$D63,$J$1) -> 0 | ... AA5: =sumifs('Form responses'!AD$2:AD63,'Form responses'!$C$2:$C63,">="&$N$1,'Form responses'!$C$2:$C63,"<="&$Q$1,'Form responses'!$D$2:$D63,$J$1) -> 0
B6: =sumifs('Form responses'!I2:I63,'Form responses'!$C$2:$C63,"<="&$Q$1,'Form responses'!$C$2:$C63,">="&Date(YEAR(DATE(YEAR($N$1),MONTH($N$1)+(-3),1)),4,1),'Form responses'!$D$2:$D63,$J$1) -> 0 | C6: =sumifs('Form responses'!J2:J63,'Form responses'!$C$2:$C63,"<="&$Q$1,'Form responses'!$C$2:$C63,">="&Date(YEAR(DATE(YEAR($N$1),MONTH($N$1)+(-3),1)),4,1),'Form responses'!$D$2:$D63,$J$1) -> 40 | D6: =sumifs('Form responses'!K2:K63,'Form responses'!$C$2:$C63,"<="&$Q$1,'Form responses'!$C$2:$C63,">="&Date(YEAR(DATE(YEAR($N$1),MONTH($N$1)+(-3),1)),4,1),'Form responses'!$D$2:$D63,$J$1) -> 0 | E6: =SUM(B6:D6) -> 40 | F6: =sumifs('Form responses'!L2:L63,'Form responses'!$C$2:$C63,"<="&$Q$1,'Form responses'!$C$2:$C63,">="&Date(YEAR(DATE(YEAR($N$1),MONTH($N$1)+(-3),1)),4,1),'Form responses'!$D$2:$D63,$J$1) -> 0 | G6: =sumifs('Form responses'!M2:M63,'Form responses'!$C$2:$C63,"<="&$Q$1,'Form responses'!$C$2:$C63,">="&Date(YEAR(DATE(YEAR($N$1),MONTH($N$1)+(-3),1)),4,1),'Form responses'!$D$2:$D63,$J$1) -> 0 | H6: =sumifs('Form responses'!N2:N63,'Form responses'!$C$2:$C63,"<="&$Q$1,'Form responses'!$C$2:$C63,">="&Date(YEAR(DATE(YEAR($N$1),MONTH($N$1)+(-3),1)),4,1),'Form responses'!$D$2:$D63,$J$1) -> 40 | I6: =sumifs('Form responses'!O2:O63,'Form responses'!$C$2:$C63,"<="&$Q$1,'Form responses'!$C$2:$C63,">="&Date(YEAR(DATE(YEAR($N$1),MONTH($N$1)+(-3),1)),4,1),'Form responses'!$D$2:$D63,$J$1) -> 0 | J6: =sumifs('Form responses'!P2:P63,'Form responses'!$C$2:$C63,"<="&$Q$1,'Form responses'!$C$2:$C63,">="&Date(YEAR(DATE(YEAR($N$1),MONTH($N$1)+(-3),1)),4,1),'Form responses'!$D$2:$D63,$J$1) -> 0 | K6: =sumifs('Form responses'!Q2:Q63,'Form responses'!$C$2:$C63,"<="&$Q$1,'Form responses'!$C$2:$C63,">="&Date(YEAR(DATE(YEAR($N$1),MONTH($N$1)+(-3),1)),4,1),'Form responses'!$D$2:$D63,$J$1) -> 0 | L6: =sumifs('Form responses'!R2:R63,'Form responses'!$C$2:$C63,"<="&$Q$1,'Form responses'!$C$2:$C63,">="&Date(YEAR(DATE(YEAR($N$1),MONTH($N$1)+(-3),1)),4,1),'Form responses'!$D$2:$D63,$J$1) -> 0 | M6: =sumifs('Form responses'!S2:S63,'Form responses'!$C$2:$C63,"<="&$Q$1,'Form responses'!$C$2:$C63,">="&Date(YEAR(DATE(YEAR($N$1),MONTH($N$1)+(-3),1)),4,1),'Form responses'!$D$2:$D63,$J$1) -> 0 | N6: =sumifs('Form responses'!T2:T63,'Form responses'!$C$2:$C63,"<="&$Q$1,'Form responses'!$C$2:$C63,">="&Date(YEAR(DATE(YEAR($N$1),MONTH($N$1)+(-3),1)),4,1),'Form responses'!$D$2:$D63,$J$1) -> 0 | O6: =E6+F6+M6+N6 -> 40 | P6: =G6+H6+I6+J6 -> 40 | R6: =sumifs('Form responses'!U$2:U63,'Form responses'!$C$2:$C63,">="&Date(YEAR(DATE(YEAR($Q$1),MONTH($Q$1)+(-3),1)),4,1),'Form responses'!$C$2:$C63,"<="&$Q$1,'Form responses'!$D$2:$D63,$J$1) -> 0 | S6: =sumifs('Form responses'!V$2:V63,'Form responses'!$C$2:$C63,">="&Date(YEAR(DATE(YEAR($Q$1),MONTH($Q$1)+(-3),1)),4,1),'Form responses'!$C$2:$C63,"<="&$Q$1,'Form responses'!$D$2:$D63,$J$1) -> 0 | T6: =sumifs('Form responses'!W$2:W63,'Form responses'!$C$2:$C63,">="&Date(YEAR(DATE(YEAR($Q$1),MONTH($Q$1)+(-3),1)),4,1),'Form responses'!$C$2:$C63,"<="&$Q$1,'Form responses'!$D$2:$D63,$J$1) -> 0 | U6: =sumifs('Form responses'!X$2:X63,'Form responses'!$C$2:$C63,">="&Date(YEAR(DATE(YEAR($Q$1),MONTH($Q$1)+(-3),1)),4,1),'Form responses'!$C$2:$C63,"<="&$Q$1,'Form responses'!$D$2:$D63,$J$1) -> 0 | V6: =sumifs('Form responses'!Y$2:Y63,'Form responses'!$C$2:$C63,">="&Date(YEAR(DATE(YEAR($Q$1),MONTH($Q$1)+(-3),1)),4,1),'Form responses'!$C$2:$C63,"<="&$Q$1,'Form responses'!$D$2:$D63,$J$1) -> 0 | W6: =sumifs('Form responses'!Z$2:Z63,'Form responses'!$C$2:$C63,">="&Date(YEAR(DATE(YEAR($Q$1),MONTH($Q$1)+(-3),1)),4,1),'Form responses'!$C$2:$C63,"<="&$Q$1,'Form responses'!$D$2:$D63,$J$1) -> 0 | X6: =sumifs('Form responses'!AA$2:AA63,'Form responses'!$C$2:$C63,">="&Date(YEAR(DATE(YEAR($Q$1),MONTH($Q$1)+(-3),1)),4,1),'Form responses'!$C$2:$C63,"<="&$Q$1,'Form responses'!$D$2:$D63,$J$1) -> 0 | Y6: =sumifs('Form responses'!AB$2:AB63,'Form responses'!$C$2:$C63,">="&Date(YEAR(DATE(YEAR($Q$1),MONTH($Q$1)+(-3),1)),4,1),'Form responses'!$C$2:$C63,"<="&$Q$1,'Form responses'!$D$2:$D63,$J$1) -> 0 | ... AA6: =sumifs('Form responses'!AD$2:AD63,'Form responses'!$C$2:$C63,">="&Date(YEAR(DATE(YEAR($Q$1),MONTH($Q$1)+(-3),1)),4,1),'Form responses'!$C$2:$C63,"<="&$Q$1,'Form responses'!$D$2:$D63,$J$1) -> 0
B7: VACCINATION REPORT
B8: ='Form responses'!AE1 -> H.S. Vaccine Doses Received | C8: ='Form responses'!AF1 -> H.S. Vaccine Doses Used | D8: ='Form responses'!AG1 -> H.S. Vaccine Animal Vaccinated | E8: ='Form responses'!AH1 -> FMD. Vaccine Doses Received | F8: ='Form responses'!AI1 -> FMD. Vaccine Doses Used | G8: ='Form responses'!AJ1 -> FMD. Vaccine Animal Vaccinated | H8: ='Form responses'!AK1 -> Black Quarter Doses Received | I8: ='Form responses'!AL1 -> Black Quarter Doses Used | ... AA8: ='Form responses'!BD1 -> Rabies Doses Used
B9: =sumifs('Form responses'!AE$2:AE63,'Form responses'!$C$2:$C63,">="&$N$1,'Form responses'!$C$2:$C63,"<="&$Q$1,'Form responses'!$D$2:$D63,$J$1) -> 0 | C9: =sumifs('Form responses'!AF$2:AF63,'Form responses'!$C$2:$C63,">="&$N$1,'Form responses'!$C$2:$C63,"<="&$Q$1,'Form responses'!$D$2:$D63,$J$1) -> 0 | D9: =sumifs('Form responses'!AG$2:AG63,'Form responses'!$C$2:$C63,">="&$N$1,'Form responses'!$C$2:$C63,"<="&$Q$1,'Form responses'!$D$2:$D63,$J$1) -> 0 | E9: =sumifs('Form responses'!AH$2:AH63,'Form responses'!$C$2:$C63,">="&$N$1,'Form responses'!$C$2:$C63,"<="&$Q$1,'Form responses'!$D$2:$D63,$J$1) -> 0 | F9: =sumifs('Form responses'!AI$2:AI63,'Form responses'!$C$2:$C63,">="&$N$1,'Form responses'!$C$2:$C63,"<="&$Q$1,'Form responses'!$D$2:$D63,$J$1) -> 1300 | G9: =sumifs('Form responses'!AJ$2:AJ63,'Form responses'!$C$2:$C63,">="&$N$1,'Form responses'!$C$2:$C63,"<="&$Q$1,'Form responses'!$D$2:$D63,$J$1) -> 1300 | H9: =sumifs('Form responses'!AK$2:AK63,'Form responses'!$C$2:$C63,">="&$N$1,'Form responses'!$C$2:$C63,"<="&$Q$1,'Form responses'!$D$2:$D63,$J$1) -> 50 | I9: =sumifs('Form responses'!AL$2:AL63,'Form responses'!$C$2:$C63,">="&$N$1,'Form responses'!$C$2:$C63,"<="&$Q$1,'Form responses'!$D$2:$D63,$J$1) -> 50 | ... AA9: =sumifs('Form responses'!BD$2:BD63,'Form responses'!$C$2:$C63,">="&$N$1,'Form responses'!$C$2:$C63,"<="&$Q$1,'Form responses'!$D$2:$D63,$J$1) -> 0
B10: =sumifs('Form responses'!AE$2:AE63,'Form responses'!$C$2:$C63,">="&Date(YEAR(DATE(YEAR($Q$1),MONTH($Q$1)+(-3),1)),4,1),'Form responses'!$C$2:$C63,"<="&$Q$1,'Form responses'!$D$2:$D63,$J$1) -> 0 | C10: =sumifs('Form responses'!AF$2:AF63,'Form responses'!$C$2:$C63,">="&Date(YEAR(DATE(YEAR($Q$1),MONTH($Q$1)+(-3),1)),4,1),'Form responses'!$C$2:$C63,"<="&$Q$1,'Form responses'!$D$2:$D63,$J$1) -> 0 | D10: =sumifs('Form responses'!AG$2:AG63,'Form responses'!$C$2:$C63,">="&Date(YEAR(DATE(YEAR($Q$1),MONTH($Q$1)+(-3),1)),4,1),'Form responses'!$C$2:$C63,"<="&$Q$1,'Form responses'!$D$2:$D63,$J$1) -> 0 | E10: =sumifs('Form responses'!AH$2:AH63,'Form responses'!$C$2:$C63,">="&Date(YEAR(DATE(YEAR($Q$1),MONTH($Q$1)+(-3),1)),4,1),'Form responses'!$C$2:$C63,"<="&$Q$1,'Form responses'!$D$2:$D63,$J$1) -> 0 | F10: =sumifs('Form responses'!AI$2:AI63,'Form responses'!$C$2:$C63,">="&Date(YEAR(DATE(YEAR($Q$1),MONTH($Q$1)+(-3),1)),4,1),'Form responses'!$C$2:$C63,"<="&$Q$1,'Form responses'!$D$2:$D63,$J$1) -> 1300 | G10: =sumifs('Form responses'!AJ$2:AJ63,'Form responses'!$C$2:$C63,">="&Date(YEAR(DATE(YEAR($Q$1),MONTH($Q$1)+(-3),1)),4,1),'Form responses'!$C$2:$C63,"<="&$Q$1,'Form responses'!$D$2:$D63,$J$1) -> 1300 | H10: =sumifs('Form responses'!AK$2:AK63,'Form responses'!$C$2:$C63,">="&Date(YEAR(DATE(YEAR($Q$1),MONTH($Q$1)+(-3),1)),4,1),'Form responses'!$C$2:$C63,"<="&$Q$1,'Form responses'!$D$2:$D63,$J$1) -> 50 | I10: =sumifs('Form responses'!AL$2:AL63,'Form responses'!$C$2:$C63,">="&Date(YEAR(DATE(YEAR($Q$1),MONTH($Q$1)+(-3),1)),4,1),'Form responses'!$C$2:$C63,"<="&$Q$1,'Form responses'!$D$2:$D63,$J$1) -> 50 | ... AA10: =sumifs('Form responses'!BD$2:BD63,'Form responses'!$C$2:$C63,">="&Date(YEAR(DATE(YEAR($Q$1),MONTH($Q$1)+(-3),1)),4,1),'Form responses'!$C$2:$C63,"<="&$Q$1,'Form responses'!$D$2:$D63,$J$1) -> 0
B11: =sumifs('Form responses'!AE2:AE63, 'Form responses'!$C$2:$C63, "<="&$Q$1, 'Form responses'!$D$2:$D63,$J$1)-(sumifs('Form responses'!AF2:AF63, 'Form responses'!$C$2:$C63, "<="&$Q$1, 'Form responses'!$D$2:$D63,$J$1)) -> 0 | E11: =sumifs('Form responses'!AH2:AH63, 'Form responses'!$C$2:$C63, "<="&$Q$1, 'Form responses'!$D$2:$D63,$J$1)-(sumifs('Form responses'!AI2:AI63, 'Form responses'!$C$2:$C63, "<="&$Q$1, 'Form responses'!$D$2:$D63,$J$1)) -> 3750 | H11: =sumifs('Form responses'!AK2:AK63, 'Form responses'!$C$2:$C63, "<="&$Q$1, 'Form responses'!$D$2:$D63,$J$1)-(sumifs('Form responses'!AL2:AL63, 'Form responses'!$C$2:$C63, "<="&$Q$1, 'Form responses'!$D$2:$D63,$J$1)) -> 0 | K11: =sumifs('Form responses'!AN2:AN63, 'Form responses'!$C$2:$C63, "<="&$Q$1, 'Form responses'!$D$2:$D63,$J$1)-(sumifs('Form responses'!AO2:AO63, 'Form responses'!$C$2:$C63, "<="&$Q$1, 'Form responses'!$D$2:$D63,$J$1)) -> 500 | N11: =sumifs('Form responses'!AQ2:AQ63, 'Form responses'!$C$2:$C63, "<="&$Q$1, 'Form responses'!$D$2:$D63,$J$1)-(sumifs('Form responses'!AR2:AR63, 'Form responses'!$C$2:$C63, "<="&$Q$1, 'Form responses'!$D$2:$D63,$J$1)) -> 0 | Q11: =sumifs('Form responses'!AT2:AT63, 'Form responses'!$C$2:$C63, "<="&$Q$1, 'Form responses'!$D$2:$D63,$J$1)-(sumifs('Form responses'!AU2:AU63, 'Form responses'!$C$2:$C63, "<="&$Q$1, 'Form responses'!$D$2:$D63,$J$1)) -> 0 | T11: =sumifs('Form responses'!AW2:AW63, 'Form responses'!$C$2:$C63, "<="&$Q$1, 'Form responses'!$D$2:$D63,$J$1)-(sumifs('Form responses'!AX2:AX63, 'Form responses'!$C$2:$C63, "<="&$Q$1, 'Form responses'!$D$2:$D63,$J$1)) -> 0 | W11: =sumifs('Form responses'!AZ2:AZ63, 'Form responses'!$C$2:$C63, "<="&$Q$1, 'Form responses'!$D$2:$D63,$J$1)-(sumifs('Form responses'!BA2:BA63, 'Form responses'!$C$2:$C63, "<="&$Q$1, 'Form responses'!$D$2:$D63,$J$1)) -> 0 | Z11: =sumifs('Form responses'!BC2:BC63, 'Form responses'!$C$2:$C63, "<="&$Q$1, 'Form responses'!$D$2:$D63,$J$1)-(sumifs('Form responses'!BD2:BD63, 'Form responses'!$C$2:$C63, "<="&$Q$1, 'Form responses'!$D$2:$D63,$J$1)) -> 10
B12: A.I. WITH FROZEN SEMEN IN COWS
B13: ='Form responses'!BF1 -> AI HF Straws | C13: ='Form responses'!BG1 -> Cover HF Straws | D13: ='Form responses'!BH1 -> AI Jersey Straws | E13: ='Form responses'!BI1 -> Cover Jersey Straws | F13: ='Form responses'!BJ1 -> AI Cross Breed Straws | G13: ='Form responses'!BK1 -> Cover Cross Breed Straws | H13: ='Form responses'!BL1 -> AI Sahiwal Straws | I13: ='Form responses'!BM1 -> Cover Sahiwal Straws | J13: Total AI Done | L13: ='Form responses'!BN1 -> AI HF ETT Straws | M13: ='Form responses'!BO1 -> Cover HF ETT Straws | N13: ='Form responses'!BP1 -> AI Jersey ETT Straws | O13: ='Form responses'!BQ1 -> Cover Jersey ETT Straws | P13: Total ETT AI Done | R13: ='Form responses'!BR1 -> AI Sexed HF Straws | S13: ='Form responses'!BS1 -> Cover Sexed HF Straws | T13: ='Form responses'!BT1 -> AI Jersey Sexed Straws | U13: ='Form responses'!BU1 -> Cow Cover Jersey Sexed | V13: ='Form responses'!BV1 -> AI Cross Breed Sexed Straws | W13: ='Form responses'!BW1 -> Cover Cross Breed Sexed | X13: ='Form responses'!BX1 -> AI Sahiwal Sexed Straws | Y13: ='Form responses'!BY1 -> Cow Cover Sahiwal Sexed | Z13: Total Sexed AI Done
B14: =sumifs('Form responses'!BF$2:BF63,'Form responses'!$C$2:$C63,">="&$N$1,'Form responses'!$C$2:$C63,"<="&$Q$1,'Form responses'!$D$2:$D63,$J$1) -> 0 | C14: =sumifs('Form responses'!BG$2:BG63,'Form responses'!$C$2:$C63,">="&$N$1,'Form responses'!$C$2:$C63,"<="&$Q$1,'Form responses'!$D$2:$D63,$J$1) -> 0 | D14: =sumifs('Form responses'!BH$2:BH63,'Form responses'!$C$2:$C63,">="&$N$1,'Form responses'!$C$2:$C63,"<="&$Q$1,'Form responses'!$D$2:$D63,$J$1) -> 0 | E14: =sumifs('Form responses'!BI$2:BI63,'Form responses'!$C$2:$C63,">="&$N$1,'Form responses'!$C$2:$C63,"<="&$Q$1,'Form responses'!$D$2:$D63,$J$1) -> 0 | F14: =sumifs('Form responses'!BJ$2:BJ63,'Form responses'!$C$2:$C63,">="&$N$1,'Form responses'!$C$2:$C63,"<="&$Q$1,'Form responses'!$D$2:$D63,$J$1) -> 0 | G14: =sumifs('Form responses'!BK$2:BK63,'Form responses'!$C$2:$C63,">="&$N$1,'Form responses'!$C$2:$C63,"<="&$Q$1,'Form responses'!$D$2:$D63,$J$1) -> 0 | H14: =sumifs('Form responses'!BL$2:BL63,'Form responses'!$C$2:$C63,">="&$N$1,'Form responses'!$C$2:$C63,"<="&$Q$1,'Form responses'!$D$2:$D63,$J$1) -> 0 | I14: =sumifs('Form responses'!BM$2:BM63,'Form responses'!$C$2:$C63,">="&$N$1,'Form responses'!$C$2:$C63,"<="&$Q$1,'Form responses'!$D$2:$D63,$J$1) -> 0 | J14: =B14+D14+F14+H14 -> 0 | L14: =sumifs('Form responses'!BN$2:BN63,'Form responses'!$C$2:$C63,">="&$N$1,'Form responses'!$C$2:$C63,"<="&$Q$1,'Form responses'!$D$2:$D63,$J$1) -> 0 | M14: =sumifs('Form responses'!BO$2:BO63,'Form responses'!$C$2:$C63,">="&$N$1,'Form responses'!$C$2:$C63,"<="&$Q$1,'Form responses'!$D$2:$D63,$J$1) -> 0 | N14: =sumifs('Form responses'!BP$2:BP63,'Form responses'!$C$2:$C63,">="&$N$1,'Form responses'!$C$2:$C63,"<="&$Q$1,'Form responses'!$D$2:$D63,$J$1) -> 0 | O14: =sumifs('Form responses'!BQ$2:BQ63,'Form responses'!$C$2:$C63,">="&$N$1,'Form responses'!$C$2:$C63,"<="&$Q$1,'Form responses'!$D$2:$D63,$J$1) -> 0 | P14: =L14+N14 -> 0 | R14: =sumifs('Form responses'!BR$2:BR63,'Form responses'!$C$2:$C63,">="&$N$1,'Form responses'!$C$2:$C63,"<="&$Q$1,'Form responses'!$D$2:$D63,$J$1) -> 0 | S14: =sumifs('Form responses'!BS$2:BS63,'Form responses'!$C$2:$C63,">="&$N$1,'Form responses'!$C$2:$C63,"<="&$Q$1,'Form responses'!$D$2:$D63,$J$1) -> 0 | T14: =sumifs('Form responses'!BT$2:BT63,'Form responses'!$C$2:$C63,">="&$N$1,'Form responses'!$C$2:$C63,"<="&$Q$1,'Form responses'!$D$2:$D63,$J$1) -> 0 | U14: =sumifs('Form responses'!BU$2:BU63,'Form responses'!$C$2:$C63,">="&$N$1,'Form responses'!$C$2:$C63,"<="&$Q$1,'Form responses'!$D$2:$D63,$J$1) -> 0 | V14: =sumifs('Form responses'!BV$2:BV63,'Form responses'!$C$2:$C63,">="&$N$1,'Form responses'!$C$2:$C63,"<="&$Q$1,'Form responses'!$D$2:$D63,$J$1) -> 0 | W14: =sumifs('Form responses'!BW$2:BW63,'Form responses'!$C$2:$C63,">="&$N$1,'Form responses'!$C$2:$C63,"<="&$Q$1,'Form responses'!$D$2:$D63,$J$1) -> 0 | X14: =sumifs('Form responses'!BX$2:BX63,'Form responses'!$C$2:$C63,">="&$N$1,'Form responses'!$C$2:$C63,"<="&$Q$1,'Form responses'!$D$2:$D63,$J$1) -> 0 | Y14: =sumifs('Form responses'!BY$2:BY63,'Form responses'!$C$2:$C63,">="&$N$1,'Form responses'!$C$2:$C63,"<="&$Q$1,'Form responses'!$D$2:$D63,$J$1) -> 0 | Z14: =R14+T14+V14+X14 -> 0
B15: =sumifs('Form responses'!BF$2:BF63,'Form responses'!$C$2:$C63,">="&Date(YEAR(DATE(YEAR($Q$1),MONTH($Q$1)+(-3),1)),4,1),'Form responses'!$C$2:$C63,"<="&$Q$1,'Form responses'!$D$2:$D63,$J$1) -> 0 | C15: =sumifs('Form responses'!BG$2:BG63,'Form responses'!$C$2:$C63,">="&Date(YEAR(DATE(YEAR($Q$1),MONTH($Q$1)+(-3),1)),4,1),'Form responses'!$C$2:$C63,"<="&$Q$1,'Form responses'!$D$2:$D63,$J$1) -> 0 | D15: =sumifs('Form responses'!BH$2:BH63,'Form responses'!$C$2:$C63,">="&Date(YEAR(DATE(YEAR($Q$1),MONTH($Q$1)+(-3),1)),4,1),'Form responses'!$C$2:$C63,"<="&$Q$1,'Form responses'!$D$2:$D63,$J$1) -> 0 | E15: =sumifs('Form responses'!BI$2:BI63,'Form responses'!$C$2:$C63,">="&Date(YEAR(DATE(YEAR($Q$1),MONTH($Q$1)+(-3),1)),4,1),'Form responses'!$C$2:$C63,"<="&$Q$1,'Form responses'!$D$2:$D63,$J$1) -> 0 | F15: =sumifs('Form responses'!BJ$2:BJ63,'Form responses'!$C$2:$C63,">="&Date(YEAR(DATE(YEAR($Q$1),MONTH($Q$1)+(-3),1)),4,1),'Form responses'!$C$2:$C63,"<="&$Q$1,'Form responses'!$D$2:$D63,$J$1) -> 0 | G15: =sumifs('Form responses'!BK$2:BK63,'Form responses'!$C$2:$C63,">="&Date(YEAR(DATE(YEAR($Q$1),MONTH($Q$1)+(-3),1)),4,1),'Form responses'!$C$2:$C63,"<="&$Q$1,'Form responses'!$D$2:$D63,$J$1) -> 0 | H15: =sumifs('Form responses'!BL$2:BL63,'Form responses'!$C$2:$C63,">="&Date(YEAR(DATE(YEAR($Q$1),MONTH($Q$1)+(-3),1)),4,1),'Form responses'!$C$2:$C63,"<="&$Q$1,'Form responses'!$D$2:$D63,$J$1) -> 0 | I15: =sumifs('Form responses'!BM$2:BM63,'Form responses'!$C$2:$C63,">="&Date(YEAR(DATE(YEAR($Q$1),MONTH($Q$1)+(-3),1)),4,1),'Form responses'!$C$2:$C63,"<="&$Q$1,'Form responses'!$D$2:$D63,$J$1) -> 0 | J15: =B15+D15+F15+H15 -> 0 | L15: =sumifs('Form responses'!BN$2:BN63,'Form responses'!$C$2:$C63,">="&Date(YEAR(DATE(YEAR($Q$1),MONTH($Q$1)+(-3),1)),4,1),'Form responses'!$C$2:$C63,"<="&$Q$1,'Form responses'!$D$2:$D63,$J$1) -> 0 | M15: =sumifs('Form responses'!BO$2:BO63,'Form responses'!$C$2:$C63,">="&Date(YEAR(DATE(YEAR($Q$1),MONTH($Q$1)+(-3),1)),4,1),'Form responses'!$C$2:$C63,"<="&$Q$1,'Form responses'!$D$2:$D63,$J$1) -> 0 | N15: =sumifs('Form responses'!BP$2:BP63,'Form responses'!$C$2:$C63,">="&Date(YEAR(DATE(YEAR($Q$1),MONTH($Q$1)+(-3),1)),4,1),'Form responses'!$C$2:$C63,"<="&$Q$1,'Form responses'!$D$2:$D63,$J$1) -> 0 | O15: =sumifs('Form responses'!BQ$2:BQ63,'Form responses'!$C$2:$C63,">="&Date(YEAR(DATE(YEAR($Q$1),MONTH($Q$1)+(-3),1)),4,1),'Form responses'!$C$2:$C63,"<="&$Q$1,'Form responses'!$D$2:$D63,$J$1) -> 0 | P15: =L15+N15 -> 0 | R15: =sumifs('Form responses'!BR$2:BR63,'Form responses'!$C$2:$C63,">="&Date(YEAR(DATE(YEAR($Q$1),MONTH($Q$1)+(-3),1)),4,1),'Form responses'!$C$2:$C63,"<="&$Q$1,'Form responses'!$D$2:$D63,$J$1) -> 0 | S15: =sumifs('Form responses'!BS$2:BS63,'Form responses'!$C$2:$C63,">="&Date(YEAR(DATE(YEAR($Q$1),MONTH($Q$1)+(-3),1)),4,1),'Form responses'!$C$2:$C63,"<="&$Q$1,'Form responses'!$D$2:$D63,$J$1) -> 0 | T15: =sumifs('Form responses'!BT$2:BT63,'Form responses'!$C$2:$C63,">="&Date(YEAR(DATE(YEAR($Q$1),MONTH($Q$1)+(-3),1)),4,1),'Form responses'!$C$2:$C63,"<="&$Q$1,'Form responses'!$D$2:$D63,$J$1) -> 0 | U15: =sumifs('Form responses'!BU$2:BU63,'Form responses'!$C$2:$C63,">="&Date(YEAR(DATE(YEAR($Q$1),MONTH($Q$1)+(-3),1)),4,1),'Form responses'!$C$2:$C63,"<="&$Q$1,'Form responses'!$D$2:$D63,$J$1) -> 0 | V15: =sumifs('Form responses'!BV$2:BV63,'Form responses'!$C$2:$C63,">="&Date(YEAR(DATE(YEAR($Q$1),MONTH($Q$1)+(-3),1)),4,1),'Form responses'!$C$2:$C63,"<="&$Q$1,'Form responses'!$D$2:$D63,$J$1) -> 0 | W15: =sumifs('Form responses'!BW$2:BW63,'Form responses'!$C$2:$C63,">="&Date(YEAR(DATE(YEAR($Q$1),MONTH($Q$1)+(-3),1)),4,1),'Form responses'!$C$2:$C63,"<="&$Q$1,'Form responses'!$D$2:$D63,$J$1) -> 0 | X15: =sumifs('Form responses'!BX$2:BX63,'Form responses'!$C$2:$C63,">="&Date(YEAR(DATE(YEAR($Q$1),MONTH($Q$1)+(-3),1)),4,1),'Form responses'!$C$2:$C63,"<="&$Q$1,'Form responses'!$D$2:$D63,$J$1) -> 0 | Y15: =sumifs('Form responses'!BY$2:BY63,'Form responses'!$C$2:$C63,">="&Date(YEAR(DATE(YEAR($Q$1),MONTH($Q$1)+(-3),1)),4,1),'Form responses'!$C$2:$C63,"<="&$Q$1,'Form responses'!$D$2:$D63,$J$1) -> 0 | Z15: =R15+T15+V15+X15 -> 0
B16: Pregnancy Diagnosis of AI in Cows
B17: ='Form responses'!CH1 -> HF Tested | C17: ='Form responses'!CI1 -> HF Found Postive | D17: ='Form responses'!CJ1 -> Jersey Tested | E17: ='Form responses'!CK1 -> Jersey Found Postive | F17: ='Form responses'!CL1 -> Cross Breed Tested | G17: ='Form responses'!CM1 -> Cross Breed Found Postive | H17: ='Form responses'!CN1 -> Sahiwal Cow Tested | I17: ='Form responses'!CO1 -> Sahiwal Found Postive | K17: ='Form responses'!CP1 -> HF ETT Tested | L17: ='Form responses'!CQ1 -> HF ETT Found Postive | M17: ='Form responses'!CR1 -> Jessey ETT Tested | N17: ='Form responses'!CS1 -> Jessey ETT Found Postive | P17: ='Form responses'!CT1 -> Sexed HF Tested | Q17: ='Form responses'!CU1 -> Sexed HF Found Postive | R17: ='Form responses'!CV1 -> Jersey Sexed Tested | S17: ='Form responses'!CW1 -> Jersey Sexed Found Positive | T17: ='Form responses'!CX1 -> CB Sexed Tested | U17: ='Form responses'!CY1 -> CB Sexed Found Positive | V17: ='Form responses'!CZ1 -> sahiwal Sexed Tested | W17: ='Form responses'!DA1 -> sahiwal Sexed found positive
B18: =sumifs('Form responses'!CH$2:CH63,'Form responses'!$C$2:$C63,">="&$N$1,'Form responses'!$C$2:$C63,"<="&$Q$1,'Form responses'!$D$2:$D63,$J$1) -> 0 | C18: =sumifs('Form responses'!CI$2:CI63,'Form responses'!$C$2:$C63,">="&$N$1,'Form responses'!$C$2:$C63,"<="&$Q$1,'Form responses'!$D$2:$D63,$J$1) -> 0 | D18: =sumifs('Form responses'!CJ$2:CJ63,'Form responses'!$C$2:$C63,">="&$N$1,'Form responses'!$C$2:$C63,"<="&$Q$1,'Form responses'!$D$2:$D63,$J$1) -> 0 | E18: =sumifs('Form responses'!CK$2:CK63,'Form responses'!$C$2:$C63,">="&$N$1,'Form responses'!$C$2:$C63,"<="&$Q$1,'Form responses'!$D$2:$D63,$J$1) -> 0 | F18: =sumifs('Form responses'!CL$2:CL63,'Form responses'!$C$2:$C63,">="&$N$1,'Form responses'!$C$2:$C63,"<="&$Q$1,'Form responses'!$D$2:$D63,$J$1) -> 0 | G18: =sumifs('Form responses'!CM$2:CM63,'Form responses'!$C$2:$C63,">="&$N$1,'Form responses'!$C$2:$C63,"<="&$Q$1,'Form responses'!$D$2:$D63,$J$1) -> 0 | H18: =sumifs('Form responses'!CN$2:CN63,'Form responses'!$C$2:$C63,">="&$N$1,'Form responses'!$C$2:$C63,"<="&$Q$1,'Form responses'!$D$2:$D63,$J$1) -> 0 | I18: =sumifs('Form responses'!CO$2:CO63,'Form responses'!$C$2:$C63,">="&$N$1,'Form responses'!$C$2:$C63,"<="&$Q$1,'Form responses'!$D$2:$D63,$J$1) -> 0 | K18: =sumifs('Form responses'!CP$2:CP63,'Form responses'!$C$2:$C63,">="&$N$1,'Form responses'!$C$2:$C63,"<="&$Q$1,'Form responses'!$D$2:$D63,$J$1) -> 0 | L18: =sumifs('Form responses'!CQ$2:CQ63,'Form responses'!$C$2:$C63,">="&$N$1,'Form responses'!$C$2:$C63,"<="&$Q$1,'Form responses'!$D$2:$D63,$J$1) -> 0 | M18: =sumifs('Form responses'!CR$2:CR63,'Form responses'!$C$2:$C63,">="&$N$1,'Form responses'!$C$2:$C63,"<="&$Q$1,'Form responses'!$D$2:$D63,$J$1) -> 0 | N18: =sumifs('Form responses'!CS$2:CS63,'Form responses'!$C$2:$C63,">="&$N$1,'Form responses'!$C$2:$C63,"<="&$Q$1,'Form responses'!$D$2:$D63,$J$1) -> 0 | P18: =sumifs('Form responses'!CT$2:CT63,'Form responses'!$C$2:$C63,">="&$N$1,'Form responses'!$C$2:$C63,"<="&$Q$1,'Form responses'!$D$2:$D63,$J$1) -> 0 | Q18: =sumifs('Form responses'!CU$2:CU63,'Form responses'!$C$2:$C63,">="&$N$1,'Form responses'!$C$2:$C63,"<="&$Q$1,'Form responses'!$D$2:$D63,$J$1) -> 0 | R18: =sumifs('Form responses'!CV$2:CV63,'Form responses'!$C$2:$C63,">="&$N$1,'Form responses'!$C$2:$C63,"<="&$Q$1,'Form responses'!$D$2:$D63,$J$1) -> 0 | S18: =sumifs('Form responses'!CW$2:CW63,'Form responses'!$C$2:$C63,">="&$N$1,'Form responses'!$C$2:$C63,"<="&$Q$1,'Form responses'!$D$2:$D63,$J$1) -> 0 | T18: =sumifs('Form responses'!CX$2:CX63,'Form responses'!$C$2:$C63,">="&$N$1,'Form responses'!$C$2:$C63,"<="&$Q$1,'Form responses'!$D$2:$D63,$J$1) -> 0 | U18: =sumifs('Form responses'!CY$2:CY63,'Form responses'!$C$2:$C63,">="&$N$1,'Form responses'!$C$2:$C63,"<="&$Q$1,'Form responses'!$D$2:$D63,$J$1) -> 0 | V18: =sumifs('Form responses'!CZ$2:CZ63,'Form responses'!$C$2:$C63,">="&$N$1,'Form responses'!$C$2:$C63,"<="&$Q$1,'Form responses'!$D$2:$D63,$J$1) -> 0 | W18: =sumifs('Form responses'!DA$2:DA63,'Form responses'!$C$2:$C63,">="&$N$1,'Form responses'!$C$2:$C63,"<="&$Q$1,'Form responses'!$D$2:$D63,$J$1) -> 0
B19: =sumifs('Form responses'!CH$2:CH63,'Form responses'!$C$2:$C63,">="&Date(YEAR(DATE(YEAR($Q$1),MONTH($Q$1)+(-3),1)),4,1),'Form responses'!$C$2:$C63,"<="&$Q$1,'Form responses'!$D$2:$D63,$J$1) -> 0 | C19: =sumifs('Form responses'!CI$2:CI63,'Form responses'!$C$2:$C63,">="&Date(YEAR(DATE(YEAR($Q$1),MONTH($Q$1)+(-3),1)),4,1),'Form responses'!$C$2:$C63,"<="&$Q$1,'Form responses'!$D$2:$D63,$J$1) -> 0 | D19: =sumifs('Form responses'!CJ$2:CJ63,'Form responses'!$C$2:$C63,">="&Date(YEAR(DATE(YEAR($Q$1),MONTH($Q$1)+(-3),1)),4,1),'Form responses'!$C$2:$C63,"<="&$Q$1,'Form responses'!$D$2:$D63,$J$1) -> 0 | E19: =sumifs('Form responses'!CK$2:CK63,'Form responses'!$C$2:$C63,">="&Date(YEAR(DATE(YEAR($Q$1),MONTH($Q$1)+(-3),1)),4,1),'Form responses'!$C$2:$C63,"<="&$Q$1,'Form responses'!$D$2:$D63,$J$1) -> 0 | F19: =sumifs('Form responses'!CL$2:CL63,'Form responses'!$C$2:$C63,">="&Date(YEAR(DATE(YEAR($Q$1),MONTH($Q$1)+(-3),1)),4,1),'Form responses'!$C$2:$C63,"<="&$Q$1,'Form responses'!$D$2:$D63,$J$1) -> 0 | G19: =sumifs('Form responses'!CM$2:CM63,'Form responses'!$C$2:$C63,">="&Date(YEAR(DATE(YEAR($Q$1),MONTH($Q$1)+(-3),1)),4,1),'Form responses'!$C$2:$C63,"<="&$Q$1,'Form responses'!$D$2:$D63,$J$1) -> 0 | H19: =sumifs('Form responses'!CN$2:CN63,'Form responses'!$C$2:$C63,">="&Date(YEAR(DATE(YEAR($Q$1),MONTH($Q$1)+(-3),1)),4,1),'Form responses'!$C$2:$C63,"<="&$Q$1,'Form responses'!$D$2:$D63,$J$1) -> 0 | I19: =sumifs('Form responses'!CO$2:CO63,'Form responses'!$C$2:$C63,">="&Date(YEAR(DATE(YEAR($Q$1),MONTH($Q$1)+(-3),1)),4,1),'Form responses'!$C$2:$C63,"<="&$Q$1,'Form responses'!$D$2:$D63,$J$1) -> 0 | K19: =sumifs('Form responses'!CP$2:CP63,'Form responses'!$C$2:$C63,">="&Date(YEAR(DATE(YEAR($Q$1),MONTH($Q$1)+(-3),1)),4,1),'Form responses'!$C$2:$C63,"<="&$Q$1,'Form responses'!$D$2:$D63,$J$1) -> 0 | L19: =sumifs('Form responses'!CQ$2:CQ63,'Form responses'!$C$2:$C63,">="&Date(YEAR(DATE(YEAR($Q$1),MONTH($Q$1)+(-3),1)),4,1),'Form responses'!$C$2:$C63,"<="&$Q$1,'Form responses'!$D$2:$D63,$J$1) -> 0 | M19: =sumifs('Form responses'!CR$2:CR63,'Form responses'!$C$2:$C63,">="&Date(YEAR(DATE(YEAR($Q$1),MONTH($Q$1)+(-3),1)),4,1),'Form responses'!$C$2:$C63,"<="&$Q$1,'Form responses'!$D$2:$D63,$J$1) -> 0 | N19: =sumifs('Form responses'!CS$2:CS63,'Form responses'!$C$2:$C63,">="&Date(YEAR(DATE(YEAR($Q$1),MONTH($Q$1)+(-3),1)),4,1),'Form responses'!$C$2:$C63,"<="&$Q$1,'Form responses'!$D$2:$D63,$J$1) -> 0 | P19: =sumifs('Form responses'!CT$2:CT63,'Form responses'!$C$2:$C63,">="&Date(YEAR(DATE(YEAR($Q$1),MONTH($Q$1)+(-3),1)),4,1),'Form responses'!$C$2:$C63,"<="&$Q$1,'Form responses'!$D$2:$D63,$J$1) -> 0 | Q19: =sumifs('Form responses'!CU$2:CU63,'Form responses'!$C$2:$C63,">="&Date(YEAR(DATE(YEAR($Q$1),MONTH($Q$1)+(-3),1)),4,1),'Form responses'!$C$2:$C63,"<="&$Q$1,'Form responses'!$D$2:$D63,$J$1) -> 0 | R19: =sumifs('Form responses'!CV$2:CV63,'Form responses'!$C$2:$C63,">="&Date(YEAR(DATE(YEAR($Q$1),MONTH($Q$1)+(-3),1)),4,1),'Form responses'!$C$2:$C63,"<="&$Q$1,'Form responses'!$D$2:$D63,$J$1) -> 0 | S19: =sumifs('Form responses'!CW$2:CW63,'Form responses'!$C$2:$C63,">="&Date(YEAR(DATE(YEAR($Q$1),MONTH($Q$1)+(-3),1)),4,1),'Form responses'!$C$2:$C63,"<="&$Q$1,'Form responses'!$D$2:$D63,$J$1) -> 0 | T19: =sumifs('Form responses'!CX$2:CX63,'Form responses'!$C$2:$C63,">="&Date(YEAR(DATE(YEAR($Q$1),MONTH($Q$1)+(-3),1)),4,1),'Form responses'!$C$2:$C63,"<="&$Q$1,'Form responses'!$D$2:$D63,$J$1) -> 0 | U19: =sumifs('Form responses'!CY$2:CY63,'Form responses'!$C$2:$C63,">="&Date(YEAR(DATE(YEAR($Q$1),MONTH($Q$1)+(-3),1)),4,1),'Form responses'!$C$2:$C63,"<="&$Q$1,'Form responses'!$D$2:$D63,$J$1) -> 0 | V19: =sumifs('Form responses'!CZ$2:CZ63,'Form responses'!$C$2:$C63,">="&Date(YEAR(DATE(YEAR($Q$1),MONTH($Q$1)+(-3),1)),4,1),'Form responses'!$C$2:$C63,"<="&$Q$1,'Form responses'!$D$2:$D63,$J$1) -> 0 | W19: =sumifs('Form responses'!DA$2:DA63,'Form responses'!$C$2:$C63,">="&Date(YEAR(DATE(YEAR($Q$1),MONTH($Q$1)+(-3),1)),4,1),'Form responses'!$C$2:$C63,"<="&$Q$1,'Form responses'!$D$2:$D63,$J$1) -> 0
B20: CALVES Born From AI in Cows
B21: ='Form responses'!DL1 -> HF Male Calves | C21: ='Form responses'!DM1 -> HF female Calves | D21: ='Form responses'!DN1 -> Jersey Male Calves | E21: ='Form responses'!DO1 -> Jersey female Calves | F21: ='Form responses'!DP1 -> Cross Breed Male Calves | G21: ='Form responses'!DQ1 -> Cross Breed female Calves | H21: ='Form responses'!DR1 -> Sahiwal Male Calves | I21: ='Form responses'!DS1 -> Sahiwal female Calves | K21: ='Form responses'!DT1 -> HF ETT Male Calves | L21: ='Form responses'!DU1 -> HF ETT female Calves | M21: ='Form responses'!DV1 -> Jersey ETT Male Calves | N21: ='Form responses'!DW1 -> Jersey ETT female Calves | P21: ='Form responses'!DX1 -> Sexed HF Male Calves | Q21: ='Form responses'!DY1 -> Sexed HF female Calves | R21: ='Form responses'!DZ1 -> Jersey Sexed Male Calves | S21: ='Form responses'!EA1 -> Jersey Sexed female Calves | T21: ='Form responses'!EB1 -> CB Sexed Male Calves | U21: ='Form responses'!EC1 -> CB Sexed female Calves | V21: ='Form responses'!ED1 -> Sahiwal Sexed Male Calves | W21: ='Form responses'!EE1 -> Sahiwal Sexed female Calves
B22: =sumifs('Form responses'!DL$2:DL63,'Form responses'!$C$2:$C63,">="&$N$1,'Form responses'!$C$2:$C63,"<="&$Q$1,'Form responses'!$D$2:$D63,$J$1) -> 0 | C22: =sumifs('Form responses'!DM$2:DM63,'Form responses'!$C$2:$C63,">="&$N$1,'Form responses'!$C$2:$C63,"<="&$Q$1,'Form responses'!$D$2:$D63,$J$1) -> 0 | D22: =sumifs('Form responses'!DN$2:DN63,'Form responses'!$C$2:$C63,">="&$N$1,'Form responses'!$C$2:$C63,"<="&$Q$1,'Form responses'!$D$2:$D63,$J$1) -> 0 | E22: =sumifs('Form responses'!DO$2:DO63,'Form responses'!$C$2:$C63,">="&$N$1,'Form responses'!$C$2:$C63,"<="&$Q$1,'Form responses'!$D$2:$D63,$J$1) -> 0 | F22: =sumifs('Form responses'!DP$2:DP63,'Form responses'!$C$2:$C63,">="&$N$1,'Form responses'!$C$2:$C63,"<="&$Q$1,'Form responses'!$D$2:$D63,$J$1) -> 0 | G22: =sumifs('Form responses'!DQ$2:DQ63,'Form responses'!$C$2:$C63,">="&$N$1,'Form responses'!$C$2:$C63,"<="&$Q$1,'Form responses'!$D$2:$D63,$J$1) -> 0 | H22: =sumifs('Form responses'!DR$2:DR63,'Form responses'!$C$2:$C63,">="&$N$1,'Form responses'!$C$2:$C63,"<="&$Q$1,'Form responses'!$D$2:$D63,$J$1) -> 0 | I22: =sumifs('Form responses'!DS$2:DS63,'Form responses'!$C$2:$C63,">="&$N$1,'Form responses'!$C$2:$C63,"<="&$Q$1,'Form responses'!$D$2:$D63,$J$1) -> 0 | K22: =sumifs('Form responses'!DT$2:DT63,'Form responses'!$C$2:$C63,">="&$N$1,'Form responses'!$C$2:$C63,"<="&$Q$1,'Form responses'!$D$2:$D63,$J$1) -> 0 | L22: =sumifs('Form responses'!DU$2:DU63,'Form responses'!$C$2:$C63,">="&$N$1,'Form responses'!$C$2:$C63,"<="&$Q$1,'Form responses'!$D$2:$D63,$J$1) -> 0 | M22: =sumifs('Form responses'!DV$2:DV63,'Form responses'!$C$2:$C63,">="&$N$1,'Form responses'!$C$2:$C63,"<="&$Q$1,'Form responses'!$D$2:$D63,$J$1) -> 0 | N22: =sumifs('Form responses'!DW$2:DW63,'Form responses'!$C$2:$C63,">="&$N$1,'Form responses'!$C$2:$C63,"<="&$Q$1,'Form responses'!$D$2:$D63,$J$1) -> 0 | P22: =sumifs('Form responses'!DX$2:DX63,'Form responses'!$C$2:$C63,">="&$N$1,'Form responses'!$C$2:$C63,"<="&$Q$1,'Form responses'!$D$2:$D63,$J$1) -> 0 | Q22: =sumifs('Form responses'!DY$2:DY63,'Form responses'!$C$2:$C63,">="&$N$1,'Form responses'!$C$2:$C63,"<="&$Q$1,'Form responses'!$D$2:$D63,$J$1) -> 0 | R22: =sumifs('Form responses'!DZ$2:DZ63,'Form responses'!$C$2:$C63,">="&$N$1,'Form responses'!$C$2:$C63,"<="&$Q$1,'Form responses'!$D$2:$D63,$J$1) -> 0 | S22: =sumifs('Form responses'!EA$2:EA63,'Form responses'!$C$2:$C63,">="&$N$1,'Form responses'!$C$2:$C63,"<="&$Q$1,'Form responses'!$D$2:$D63,$J$1) -> 0 | T22: =sumifs('Form responses'!EB$2:EB63,'Form responses'!$C$2:$C63,">="&$N$1,'Form responses'!$C$2:$C63,"<="&$Q$1,'Form responses'!$D$2:$D63,$J$1) -> 0 | U22: =sumifs('Form responses'!EC$2:EC63,'Form responses'!$C$2:$C63,">="&$N$1,'Form responses'!$C$2:$C63,"<="&$Q$1,'Form responses'!$D$2:$D63,$J$1) -> 0 | V22: =sumifs('Form responses'!ED$2:ED63,'Form responses'!$C$2:$C63,">="&$N$1,'Form responses'!$C$2:$C63,"<="&$Q$1,'Form responses'!$D$2:$D63,$J$1) -> 0 | W22: =sumifs('Form responses'!EE$2:EE63,'Form responses'!$C$2:$C63,">="&$N$1,'Form responses'!$C$2:$C63,"<="&$Q$1,'Form responses'!$D$2:$D63,$J$1) -> 0
B23: =sumifs('Form responses'!DL$2:DL63,'Form responses'!$C$2:$C63,">="&Date(YEAR(DATE(YEAR($Q$1),MONTH($Q$1)+(-3),1)),4,1),'Form responses'!$C$2:$C63,"<="&$Q$1,'Form responses'!$D$2:$D63,$J$1) -> 0 | C23: =sumifs('Form responses'!DM$2:DM63,'Form responses'!$C$2:$C63,">="&Date(YEAR(DATE(YEAR($Q$1),MONTH($Q$1)+(-3),1)),4,1),'Form responses'!$C$2:$C63,"<="&$Q$1,'Form responses'!$D$2:$D63,$J$1) -> 0 | D23: =sumifs('Form responses'!DN$2:DN63,'Form responses'!$C$2:$C63,">="&Date(YEAR(DATE(YEAR($Q$1),MONTH($Q$1)+(-3),1)),4,1),'Form responses'!$C$2:$C63,"<="&$Q$1,'Form responses'!$D$2:$D63,$J$1) -> 0 | E23: =sumifs('Form responses'!DO$2:DO63,'Form responses'!$C$2:$C63,">="&Date(YEAR(DATE(YEAR($Q$1),MONTH($Q$1)+(-3),1)),4,1),'Form responses'!$C$2:$C63,"<="&$Q$1,'Form responses'!$D$2:$D63,$J$1) -> 0 | F23: =sumifs('Form responses'!DP$2:DP63,'Form responses'!$C$2:$C63,">="&Date(YEAR(DATE(YEAR($Q$1),MONTH($Q$1)+(-3),1)),4,1),'Form responses'!$C$2:$C63,"<="&$Q$1,'Form responses'!$D$2:$D63,$J$1) -> 0 | G23: =sumifs('Form responses'!DQ$2:DQ63,'Form responses'!$C$2:$C63,">="&Date(YEAR(DATE(YEAR($Q$1),MONTH($Q$1)+(-3),1)),4,1),'Form responses'!$C$2:$C63,"<="&$Q$1,'Form responses'!$D$2:$D63,$J$1) -> 0 | H23: =sumifs('Form responses'!DR$2:DR63,'Form responses'!$C$2:$C63,">="&Date(YEAR(DATE(YEAR($Q$1),MONTH($Q$1)+(-3),1)),4,1),'Form responses'!$C$2:$C63,"<="&$Q$1,'Form responses'!$D$2:$D63,$J$1) -> 0 | I23: =sumifs('Form responses'!DS$2:DS63,'Form responses'!$C$2:$C63,">="&Date(YEAR(DATE(YEAR($Q$1),MONTH($Q$1)+(-3),1)),4,1),'Form responses'!$C$2:$C63,"<="&$Q$1,'Form responses'!$D$2:$D63,$J$1) -> 0 | K23: =sumifs('Form responses'!DT$2:DT63,'Form responses'!$C$2:$C63,">="&Date(YEAR(DATE(YEAR($Q$1),MONTH($Q$1)+(-3),1)),4,1),'Form responses'!$C$2:$C63,"<="&$Q$1,'Form responses'!$D$2:$D63,$J$1) -> 0 | L23: =sumifs('Form responses'!DU$2:DU63,'Form responses'!$C$2:$C63,">="&Date(YEAR(DATE(YEAR($Q$1),MONTH($Q$1)+(-3),1)),4,1),'Form responses'!$C$2:$C63,"<="&$Q$1,'Form responses'!$D$2:$D63,$J$1) -> 0 | M23: =sumifs('Form responses'!DV$2:DV63,'Form responses'!$C$2:$C63,">="&Date(YEAR(DATE(YEAR($Q$1),MONTH($Q$1)+(-3),1)),4,1),'Form responses'!$C$2:$C63,"<="&$Q$1,'Form responses'!$D$2:$D63,$J$1) -> 0 | N23: =sumifs('Form responses'!DW$2:DW63,'Form responses'!$C$2:$C63,">="&Date(YEAR(DATE(YEAR($Q$1),MONTH($Q$1)+(-3),1)),4,1),'Form responses'!$C$2:$C63,"<="&$Q$1,'Form responses'!$D$2:$D63,$J$1) -> 0 | P23: =sumifs('Form responses'!DX$2:DX63,'Form responses'!$C$2:$C63,">="&Date(YEAR(DATE(YEAR($Q$1),MONTH($Q$1)+(-3),1)),4,1),'Form responses'!$C$2:$C63,"<="&$Q$1,'Form responses'!$D$2:$D63,$J$1) -> 0 | Q23: =sumifs('Form responses'!DY$2:DY63,'Form responses'!$C$2:$C63,">="&Date(YEAR(DATE(YEAR($Q$1),MONTH($Q$1)+(-3),1)),4,1),'Form responses'!$C$2:$C63,"<="&$Q$1,'Form responses'!$D$2:$D63,$J$1) -> 0 | R23: =sumifs('Form responses'!DZ$2:DZ63,'Form responses'!$C$2:$C63,">="&Date(YEAR(DATE(YEAR($Q$1),MONTH($Q$1)+(-3),1)),4,1),'Form responses'!$C$2:$C63,"<="&$Q$1,'Form responses'!$D$2:$D63,$J$1) -> 0 | S23: =sumifs('Form responses'!EA$2:EA63,'Form responses'!$C$2:$C63,">="&Date(YEAR(DATE(YEAR($Q$1),MONTH($Q$1)+(-3),1)),4,1),'Form responses'!$C$2:$C63,"<="&$Q$1,'Form responses'!$D$2:$D63,$J$1) -> 0 | T23: =sumifs('Form responses'!EB$2:EB63,'Form responses'!$C$2:$C63,">="&Date(YEAR(DATE(YEAR($Q$1),MONTH($Q$1)+(-3),1)),4,1),'Form responses'!$C$2:$C63,"<="&$Q$1,'Form responses'!$D$2:$D63,$J$1) -> 0 | U23: =sumifs('Form responses'!EC$2:EC63,'Form responses'!$C$2:$C63,">="&Date(YEAR(DATE(YEAR($Q$1),MONTH($Q$1)+(-3),1)),4,1),'Form responses'!$C$2:$C63,"<="&$Q$1,'Form responses'!$D$2:$D63,$J$1) -> 0 | V23: =sumifs('Form responses'!ED$2:ED63,'Form responses'!$C$2:$C63,">="&Date(YEAR(DATE(YEAR($Q$1),MONTH($Q$1)+(-3),1)),4,1),'Form responses'!$C$2:$C63,"<="&$Q$1,'Form responses'!$D$2:$D63,$J$1) -> 0 | W23: =sumifs('Form responses'!EE$2:EE63,'Form responses'!$C$2:$C63,">="&Date(YEAR(DATE(YEAR($Q$1),MONTH($Q$1)+(-3),1)),4,1),'Form responses'!$C$2:$C63,"<="&$Q$1,'Form responses'!$D$2:$D63,$J$1) -> 0
B24: A.I. done in Buffalos | K24: Pregnancy Diagnosis of AI in Buffalos | T24: CALVES Born From AI Buffalos
B25: ='Form responses'!BZ1 -> AI Done With Murrah Straws | C25: ='Form responses'!CA1 -> Cover Murrah Straws | D25: ='Form responses'!CB1 -> AI Nili-Ravi Straws | E25: ='Form responses'!CC1 -> Cover Nili-Ravi Straws | F25: Total Buff AI Done | G25: ='Form responses'!CD1 -> AI Sexed MU Straws | H25: ='Form responses'!CE1 -> Cover Sexed MU Straws | I25: ='Form responses'!CF1 -> AI Nili-Ravi Sexed Straws | J25: ='Form responses'!CG1 -> Buffalo Cover Nili-Ravi Sexed | K25: Total Buff Sexed AI Done | L25: ='Form responses'!DB1 -> Murrah Tested | M25: ='Form responses'!DC1 -> Murrah Found Postive | N25: ='Form responses'!DD1 -> Nili Ravi Tested | O25: ='Form responses'!DE1 -> Nili Found Postive | P25: ='Form responses'!DF1 -> Sexed MU Tested | Q25: ='Form responses'!DG1 -> Sexed MU Found Postive | R25: ='Form responses'!DH1 -> Nilli-ravi Sexed tested | S25: ='Form responses'!DI1 -> Nilli-ravi Sexed found Positive | T25: ='Form responses'!EF1 -> Murrah Male Calves | U25: ='Form responses'!EG1 -> Murrah Female Calves | V25: ='Form responses'!EH1 -> Nili Ravi Male Calves | W25: ='Form responses'!EI1 -> Nili Ravi Female Calves | X25: ='Form responses'!EJ1 -> Sexed MU Male Calves | Y25: ='Form responses'!EK1 -> Sexed MU female Calves | Z25: ='Form responses'!EL1 -> Nilli-Ravi Sexed Male Calves | AA25: ='Form responses'!EM1 -> Nilli-Ravi Sexed female Calves
B26: =sumifs('Form responses'!BZ$2:BZ63,'Form responses'!$C$2:$C63,">="&$N$1,'Form responses'!$C$2:$C63,"<="&$Q$1,'Form responses'!$D$2:$D63,$J$1) -> 0 | C26: =sumifs('Form responses'!CA$2:CA63,'Form responses'!$C$2:$C63,">="&$N$1,'Form responses'!$C$2:$C63,"<="&$Q$1,'Form responses'!$D$2:$D63,$J$1) -> 0 | D26: =sumifs('Form responses'!CB$2:CB63,'Form responses'!$C$2:$C63,">="&$N$1,'Form responses'!$C$2:$C63,"<="&$Q$1,'Form responses'!$D$2:$D63,$J$1) -> 0 | E26: =sumifs('Form responses'!CC$2:CC63,'Form responses'!$C$2:$C63,">="&$N$1,'Form responses'!$C$2:$C63,"<="&$Q$1,'Form responses'!$D$2:$D63,$J$1) -> 0 | F26: =B26+D26 -> 0 | G26: =sumifs('Form responses'!CD$2:CD63,'Form responses'!$C$2:$C63,">="&$N$1,'Form responses'!$C$2:$C63,"<="&$Q$1,'Form responses'!$D$2:$D63,$J$1) -> 0 | H26: =sumifs('Form responses'!CE$2:CE63,'Form responses'!$C$2:$C63,">="&$N$1,'Form responses'!$C$2:$C63,"<="&$Q$1,'Form responses'!$D$2:$D63,$J$1) -> 0 | I26: =sumifs('Form responses'!CF$2:CF63,'Form responses'!$C$2:$C63,">="&$N$1,'Form responses'!$C$2:$C63,"<="&$Q$1,'Form responses'!$D$2:$D63,$J$1) -> 0 | J26: =sumifs('Form responses'!CG$2:CG63,'Form responses'!$C$2:$C63,">="&$N$1,'Form responses'!$C$2:$C63,"<="&$Q$1,'Form responses'!$D$2:$D63,$J$1) -> 0 | K26: =G26+I26 -> 0 | L26: =sumifs('Form responses'!DB$2:DB63,'Form responses'!$C$2:$C63,">="&$N$1,'Form responses'!$C$2:$C63,"<="&$Q$1,'Form responses'!$D$2:$D63,$J$1) -> 0 | M26: =sumifs('Form responses'!DC$2:DC63,'Form responses'!$C$2:$C63,">="&$N$1,'Form responses'!$C$2:$C63,"<="&$Q$1,'Form responses'!$D$2:$D63,$J$1) -> 0 | N26: =sumifs('Form responses'!DD$2:DD63,'Form responses'!$C$2:$C63,">="&$N$1,'Form responses'!$C$2:$C63,"<="&$Q$1,'Form responses'!$D$2:$D63,$J$1) -> 0 | O26: =sumifs('Form responses'!DE$2:DE63,'Form responses'!$C$2:$C63,">="&$N$1,'Form responses'!$C$2:$C63,"<="&$Q$1,'Form responses'!$D$2:$D63,$J$1) -> 0 | P26: =sumifs('Form responses'!DF$2:DF63,'Form responses'!$C$2:$C63,">="&$N$1,'Form responses'!$C$2:$C63,"<="&$Q$1,'Form responses'!$D$2:$D63,$J$1) -> 0 | Q26: =sumifs('Form responses'!DG$2:DG63,'Form responses'!$C$2:$C63,">="&$N$1,'Form responses'!$C$2:$C63,"<="&$Q$1,'Form responses'!$D$2:$D63,$J$1) -> 0 | R26: =sumifs('Form responses'!DH$2:DH63,'Form responses'!$C$2:$C63,">="&$N$1,'Form responses'!$C$2:$C63,"<="&$Q$1,'Form responses'!$D$2:$D63,$J$1) -> 0 | S26: =sumifs('Form responses'!DI$2:DI63,'Form responses'!$C$2:$C63,">="&$N$1,'Form responses'!$C$2:$C63,"<="&$Q$1,'Form responses'!$D$2:$D63,$J$1) -> 0 | T26: =sumifs('Form responses'!EF$2:EF63,'Form responses'!$C$2:$C63,">="&$N$1,'Form responses'!$C$2:$C63,"<="&$Q$1,'Form responses'!$D$2:$D63,$J$1) -> 0 | U26: =sumifs('Form responses'!EG$2:EG63,'Form responses'!$C$2:$C63,">="&$N$1,'Form responses'!$C$2:$C63,"<="&$Q$1,'Form responses'!$D$2:$D63,$J$1) -> 0 | V26: =sumifs('Form responses'!EH$2:EH63,'Form responses'!$C$2:$C63,">="&$N$1,'Form responses'!$C$2:$C63,"<="&$Q$1,'Form responses'!$D$2:$D63,$J$1) -> 0 | W26: =sumifs('Form responses'!EI$2:EI63,'Form responses'!$C$2:$C63,">="&$N$1,'Form responses'!$C$2:$C63,"<="&$Q$1,'Form responses'!$D$2:$D63,$J$1) -> 0 | X26: =sumifs('Form responses'!EJ$2:EJ63,'Form responses'!$C$2:$C63,">="&$N$1,'Form responses'!$C$2:$C63,"<="&$Q$1,'Form responses'!$D$2:$D63,$J$1) -> 0 | Y26: =sumifs('Form responses'!EK$2:EK63,'Form responses'!$C$2:$C63,">="&$N$1,'Form responses'!$C$2:$C63,"<="&$Q$1,'Form responses'!$D$2:$D63,$J$1) -> 0 | Z26: =sumifs('Form responses'!EL$2:EL63,'Form responses'!$C$2:$C63,">="&$N$1,'Form responses'!$C$2:$C63,"<="&$Q$1,'Form responses'!$D$2:$D63,$J$1) -> 0 | AA26: =sumifs('Form responses'!EM$2:EM63,'Form responses'!$C$2:$C63,">="&$N$1,'Form responses'!$C$2:$C63,"<="&$Q$1,'Form responses'!$D$2:$D63,$J$1) -> 0
B27: =sumifs('Form responses'!BZ$2:BZ63,'Form responses'!$C$2:$C63,">="&Date(YEAR(DATE(YEAR($Q$1),MONTH($Q$1)+(-3),1)),4,1),'Form responses'!$C$2:$C63,"<="&$Q$1,'Form responses'!$D$2:$D63,$J$1) -> 0 | C27: =sumifs('Form responses'!CA$2:CA63,'Form responses'!$C$2:$C63,">="&Date(YEAR(DATE(YEAR($Q$1),MONTH($Q$1)+(-3),1)),4,1),'Form responses'!$C$2:$C63,"<="&$Q$1,'Form responses'!$D$2:$D63,$J$1) -> 0 | D27: =sumifs('Form responses'!CB$2:CB63,'Form responses'!$C$2:$C63,">="&Date(YEAR(DATE(YEAR($Q$1),MONTH($Q$1)+(-3),1)),4,1),'Form responses'!$C$2:$C63,"<="&$Q$1,'Form responses'!$D$2:$D63,$J$1) -> 0 | E27: =sumifs('Form responses'!CC$2:CC63,'Form responses'!$C$2:$C63,">="&Date(YEAR(DATE(YEAR($Q$1),MONTH($Q$1)+(-3),1)),4,1),'Form responses'!$C$2:$C63,"<="&$Q$1,'Form responses'!$D$2:$D63,$J$1) -> 0 | F27: =B27+D27 -> 0 | G27: =sumifs('Form responses'!CD$2:CD63,'Form responses'!$C$2:$C63,">="&Date(YEAR(DATE(YEAR($Q$1),MONTH($Q$1)+(-3),1)),4,1),'Form responses'!$C$2:$C63,"<="&$Q$1,'Form responses'!$D$2:$D63,$J$1) -> 0 | H27: =sumifs('Form responses'!CE$2:CE63,'Form responses'!$C$2:$C63,">="&Date(YEAR(DATE(YEAR($Q$1),MONTH($Q$1)+(-3),1)),4,1),'Form responses'!$C$2:$C63,"<="&$Q$1,'Form responses'!$D$2:$D63,$J$1) -> 0 | I27: =sumifs('Form responses'!CF$2:CF63,'Form responses'!$C$2:$C63,">="&Date(YEAR(DATE(YEAR($Q$1),MONTH($Q$1)+(-3),1)),4,1),'Form responses'!$C$2:$C63,"<="&$Q$1,'Form responses'!$D$2:$D63,$J$1) -> 0 | J27: =sumifs('Form responses'!CG$2:CG63,'Form responses'!$C$2:$C63,">="&Date(YEAR(DATE(YEAR($Q$1),MONTH($Q$1)+(-3),1)),4,1),'Form responses'!$C$2:$C63,"<="&$Q$1,'Form responses'!$D$2:$D63,$J$1) -> 0 | K27: =G27+I27 -> 0 | L27: =sumifs('Form responses'!DB$2:DB63,'Form responses'!$C$2:$C63,">="&Date(YEAR(DATE(YEAR($Q$1),MONTH($Q$1)+(-3),1)),4,1),'Form responses'!$C$2:$C63,"<="&$Q$1,'Form responses'!$D$2:$D63,$J$1) -> 0 | M27: =sumifs('Form responses'!DC$2:DC63,'Form responses'!$C$2:$C63,">="&Date(YEAR(DATE(YEAR($Q$1),MONTH($Q$1)+(-3),1)),4,1),'Form responses'!$C$2:$C63,"<="&$Q$1,'Form responses'!$D$2:$D63,$J$1) -> 0 | N27: =sumifs('Form responses'!DD$2:DD63,'Form responses'!$C$2:$C63,">="&Date(YEAR(DATE(YEAR($Q$1),MONTH($Q$1)+(-3),1)),4,1),'Form responses'!$C$2:$C63,"<="&$Q$1,'Form responses'!$D$2:$D63,$J$1) -> 0 | O27: =sumifs('Form responses'!DE$2:DE63,'Form responses'!$C$2:$C63,">="&Date(YEAR(DATE(YEAR($Q$1),MONTH($Q$1)+(-3),1)),4,1),'Form responses'!$C$2:$C63,"<="&$Q$1,'Form responses'!$D$2:$D63,$J$1) -> 0 | P27: =sumifs('Form responses'!DF$2:DF63,'Form responses'!$C$2:$C63,">="&Date(YEAR(DATE(YEAR($Q$1),MONTH($Q$1)+(-3),1)),4,1),'Form responses'!$C$2:$C63,"<="&$Q$1,'Form responses'!$D$2:$D63,$J$1) -> 0 | Q27: =sumifs('Form responses'!DG$2:DG63,'Form responses'!$C$2:$C63,">="&Date(YEAR(DATE(YEAR($Q$1),MONTH($Q$1)+(-3),1)),4,1),'Form responses'!$C$2:$C63,"<="&$Q$1,'Form responses'!$D$2:$D63,$J$1) -> 0 | R27: =sumifs('Form responses'!DH$2:DH63,'Form responses'!$C$2:$C63,">="&Date(YEAR(DATE(YEAR($Q$1),MONTH($Q$1)+(-3),1)),4,1),'Form responses'!$C$2:$C63,"<="&$Q$1,'Form responses'!$D$2:$D63,$J$1) -> 0 | S27: =sumifs('Form responses'!DI$2:DI63,'Form responses'!$C$2:$C63,">="&Date(YEAR(DATE(YEAR($Q$1),MONTH($Q$1)+(-3),1)),4,1),'Form responses'!$C$2:$C63,"<="&$Q$1,'Form responses'!$D$2:$D63,$J$1) -> 0 | T27: =sumifs('Form responses'!EF$2:EF63,'Form responses'!$C$2:$C63,">="&Date(YEAR(DATE(YEAR($Q$1),MONTH($Q$1)+(-3),1)),4,1),'Form responses'!$C$2:$C63,"<="&$Q$1,'Form responses'!$D$2:$D63,$J$1) -> 0 | U27: =sumifs('Form responses'!EG$2:EG63,'Form responses'!$C$2:$C63,">="&Date(YEAR(DATE(YEAR($Q$1),MONTH($Q$1)+(-3),1)),4,1),'Form responses'!$C$2:$C63,"<="&$Q$1,'Form responses'!$D$2:$D63,$J$1) -> 0 | V27: =sumifs('Form responses'!EH$2:EH63,'Form responses'!$C$2:$C63,">="&Date(YEAR(DATE(YEAR($Q$1),MONTH($Q$1)+(-3),1)),4,1),'Form responses'!$C$2:$C63,"<="&$Q$1,'Form responses'!$D$2:$D63,$J$1) -> 0 | W27: =sumifs('Form responses'!EI$2:EI63,'Form responses'!$C$2:$C63,">="&Date(YEAR(DATE(YEAR($Q$1),MONTH($Q$1)+(-3),1)),4,1),'Form responses'!$C$2:$C63,"<="&$Q$1,'Form responses'!$D$2:$D63,$J$1) -> 0 | X27: =sumifs('Form responses'!EJ$2:EJ63,'Form responses'!$C$2:$C63,">="&Date(YEAR(DATE(YEAR($Q$1),MONTH($Q$1)+(-3),1)),4,1),'Form responses'!$C$2:$C63,"<="&$Q$1,'Form responses'!$D$2:$D63,$J$1) -> 0 | Y27: =sumifs('Form responses'!EK$2:EK63,'Form responses'!$C$2:$C63,">="&Date(YEAR(DATE(YEAR($Q$1),MONTH($Q$1)+(-3),1)),4,1),'Form responses'!$C$2:$C63,"<="&$Q$1,'Form responses'!$D$2:$D63,$J$1) -> 0 | Z27: =sumifs('Form responses'!EL$2:EL63,'Form responses'!$C$2:$C63,">="&Date(YEAR(DATE(YEAR($Q$1),MONTH($Q$1)+(-3),1)),4,1),'Form responses'!$C$2:$C63,"<="&$Q$1,'Form responses'!$D$2:$D63,$J$1) -> 0 | AA27: =sumifs('Form responses'!EM$2:EM63,'Form responses'!$C$2:$C63,">="&Date(YEAR(DATE(YEAR($Q$1),MONTH($Q$1)+(-3),1)),4,1),'Form responses'!$C$2:$C63,"<="&$Q$1,'Form responses'!$D$2:$D63,$J$1) -> 0
D28: Account of STRAW Record During Month
D29: HF Straws | E29: Jersey Straws | F29: Cross Breed Straws | G29: Sahiwal Straws | H29: HF ETT Straws | I29: Jersey ETT Straws | J29: Sexed HF | K29: Sexed Jersey | L29: Sexed CB | M29: Sexed Sahiwal | N29: Murrah Straws | O29: Nilli-Ravi Straws | P29: Sexed MU | Q29: Sexed Nili-Ravi | R29: Other1
C30: Last Year Balance | D30: =sumifs('Form responses'!ER2:ER63, 'Form responses'!$C$2:$C63, "<="&Date(YEAR(DATE(YEAR($N$1),MONTH($N$1)+(-3),1)),4,1), 'Form responses'!$D$2:$D63,$J$1) -( +sumifs('Form responses'!FH2:FH63, 'Form responses'!$C$2:$C63, "<="&Date(YEAR(DATE(YEAR($N$1),MONTH($N$1)+(-3),1)),4,1), 'Form responses'!$D$2:$D63,$J$1)+sumifs('Form responses'!BF2:BF63, 'Form responses'!$C$2:$C63, "<="&Date(YEAR(DATE(YEAR($N$1),MONTH($N$1)+(-3),1)),4,1), 'Form responses'!$D$2:$D63, $J$1)) -> 0 | E30: =sumifs('Form responses'!ES2:ES63, 'Form responses'!$C$2:$C63, "<="&Date(YEAR(DATE(YEAR($N$1),MONTH($N$1)+(-3),1)),4,1), 'Form responses'!$D$2:$D63,$J$1) -(sumifs('Form responses'!FY2:FY63, 'Form responses'!$C$2:$C63, "<="&Date(YEAR(DATE(YEAR($N$1),MONTH($N$1)+(-3),1)),4,1), 'Form responses'!$D$2:$D63,$J$1) +sumifs('Form responses'!FI2:FI63, 'Form responses'!$C$2:$C63, "<="&Date(YEAR(DATE(YEAR($N$1),MONTH($N$1)+(-3),1)),4,1), 'Form responses'!$D$2:$D63,$J$1)+sumifs('Form responses'!BH2:BH63, 'Form responses'!$C$2:$C63, "<="&Date(YEAR(DATE(YEAR($N$1),MONTH($N$1)+(-3),1)),4,1), 'Form responses'!$D$2:$D63, $J$1)) -> 0 | F30: =sumifs('Form responses'!ET2:ET63, 'Form responses'!$C$2:$C63, "<="&Date(YEAR(DATE(YEAR($N$1),MONTH($N$1)+(-3),1)),4,1), 'Form responses'!$D$2:$D63,$J$1) -( +sumifs('Form responses'!FJ2:FJ63, 'Form responses'!$C$2:$C63, "<="&Date(YEAR(DATE(YEAR($N$1),MONTH($N$1)+(-3),1)),4,1), 'Form responses'!$D$2:$D63,$J$1)+sumifs('Form responses'!BJ2:BJ63, 'Form responses'!$C$2:$C63, "<="&Date(YEAR(DATE(YEAR($N$1),MONTH($N$1)+(-3),1)),4,1), 'Form responses'!$D$2:$D63, $J$1)) -> 0 | G30: =sumifs('Form responses'!EU2:EU63, 'Form responses'!$C$2:$C63, "<="&Date(YEAR(DATE(YEAR($N$1),MONTH($N$1)+(-3),1)),4,1), 'Form responses'!$D$2:$D63,$J$1) -(sumifs('Form responses'!GA2:GA63, 'Form responses'!$C$2:$C63, "<="&Date(YEAR(DATE(YEAR($N$1),MONTH($N$1)+(-3),1)),4,1), 'Form responses'!$D$2:$D63,$J$1) +sumifs('Form responses'!FK2:FK63, 'Form responses'!$C$2:$C63, "<="&Date(YEAR(DATE(YEAR($N$1),MONTH($N$1)+(-3),1)),4,1), 'Form responses'!$D$2:$D63,$J$1)+sumifs('Form responses'!BL2:BL63, 'Form responses'!$C$2:$C63, "<="&Date(YEAR(DATE(YEAR($N$1),MONTH($N$1)+(-3),1)),4,1), 'Form responses'!$D$2:$D63, $J$1)) -> 0 | H30: =sumifs('Form responses'!EV2:EV63, 'Form responses'!$C$2:$C63, "<="&Date(YEAR(DATE(YEAR($N$1),MONTH($N$1)+(-3),1)),4,1), 'Form responses'!$D$2:$D63,$J$1) -(sumifs('Form responses'!GB2:GB63, 'Form responses'!$C$2:$C63, "<="&Date(YEAR(DATE(YEAR($N$1),MONTH($N$1)+(-3),1)),4,1), 'Form responses'!$D$2:$D63,$J$1) +sumifs('Form responses'!FL2:FL63, 'Form responses'!$C$2:$C63, "<="&Date(YEAR(DATE(YEAR($N$1),MONTH($N$1)+(-3),1)),4,1), 'Form responses'!$D$2:$D63,$J$1)+sumifs('Form responses'!BN2:BN63, 'Form responses'!$C$2:$C63, "<="&Date(YEAR(DATE(YEAR($N$1),MONTH($N$1)+(-3),1)),4,1), 'Form responses'!$D$2:$D63, $J$1)) -> 0 | I30: =sumifs('Form responses'!EW2:EW63, 'Form responses'!$C$2:$C63, "<="&Date(YEAR(DATE(YEAR($N$1),MONTH($N$1)+(-3),1)),4,1), 'Form responses'!$D$2:$D63,$J$1) -(sumifs('Form responses'!GC2:GC63, 'Form responses'!$C$2:$C63, "<="&Date(YEAR(DATE(YEAR($N$1),MONTH($N$1)+(-2),1)),4,1), 'Form responses'!$D$2:$D63,$J$1) +sumifs('Form responses'!FM2:FM63, 'Form responses'!$C$2:$C63, "<="&Date(YEAR(DATE(YEAR($N$1),MONTH($N$1)+(-2),1)),4,1), 'Form responses'!$D$2:$D63,$J$1)+sumifs('Form responses'!BP2:BP63, 'Form responses'!$C$2:$C63, "<="&Date(YEAR(DATE(YEAR($N$1),MONTH($N$1)+(-2),1)),4,1), 'Form responses'!$D$2:$D63, $J$1)) -> 0 | J30: =sumifs('Form responses'!EX2:EX63, 'Form responses'!$C$2:$C63, "<="&Date(YEAR(DATE(YEAR($N$1),MONTH($N$1)+(-3),1)),4,1), 'Form responses'!$D$2:$D63,$J$1) -(sumifs('Form responses'!GD2:GD63, 'Form responses'!$C$2:$C63, "<="&Date(YEAR(DATE(YEAR($N$1),MONTH($N$1)+(-3),1)),4,1), 'Form responses'!$D$2:$D63,$J$1) +sumifs('Form responses'!FN2:FN63, 'Form responses'!$C$2:$C63, "<="&Date(YEAR(DATE(YEAR($N$1),MONTH($N$1)+(-3),1)),4,1), 'Form responses'!$D$2:$D63,$J$1)+sumifs('Form responses'!BR2:BR63, 'Form responses'!$C$2:$C63, "<="&Date(YEAR(DATE(YEAR($N$1),MONTH($N$1)+(-3),1)),4,1), 'Form responses'!$D$2:$D63, $J$1)) -> 0 | K30: =sumifs('Form responses'!EY2:EY63, 'Form responses'!$C$2:$C63, "<="&Date(YEAR(DATE(YEAR($N$1),MONTH($N$1)+(-3),1)),4,1), 'Form responses'!$D$2:$D63,$J$1) -(sumifs('Form responses'!GL2:GL63, 'Form responses'!$C$2:$C63, "<="&Date(YEAR(DATE(YEAR($N$1),MONTH($N$1)+(-3),1)),4,1), 'Form responses'!$D$2:$D63,$J$1) +sumifs('Form responses'!FO2:FO63, 'Form responses'!$C$2:$C63, "<="&Date(YEAR(DATE(YEAR($N$1),MONTH($N$1)+(-3),1)),4,1), 'Form responses'!$D$2:$D63,$J$1)+sumifs('Form responses'!BT2:BT63, 'Form responses'!$C$2:$C63, "<="&Date(YEAR(DATE(YEAR($N$1),MONTH($N$1)+(-3),1)),4,1), 'Form responses'!$D$2:$D63, $J$1)) -> 0 | L30: =sumifs('Form responses'!EZ2:EZ63, 'Form responses'!$C$2:$C63, "<="&Date(YEAR(DATE(YEAR($N$1),MONTH($N$1)+(-3),1)),4,1), 'Form responses'!$D$2:$D63,$J$1) -(sumifs('Form responses'!GE2:GE63, 'Form responses'!$C$2:$C63, "<="&Date(YEAR(DATE(YEAR($N$1),MONTH($N$1)+(-3),1)),4,1), 'Form responses'!$D$2:$D63,$J$1) +sumifs('Form responses'!FP2:FP63, 'Form responses'!$C$2:$C63, "<="&Date(YEAR(DATE(YEAR($N$1),MONTH($N$1)+(-3),1)),4,1), 'Form responses'!$D$2:$D63,$J$1)+sumifs('Form responses'!BV2:BV63, 'Form responses'!$C$2:$C63, "<="&Date(YEAR(DATE(YEAR($N$1),MONTH($N$1)+(-3),1)),4,1), 'Form responses'!$D$2:$D63, $J$1)) -> 0 | M30: =sumifs('Form responses'!FA2:FA63, 'Form responses'!$C$2:$C63, "<="&Date(YEAR(DATE(YEAR($N$1),MONTH($N$1)+(-3),1)),4,1), 'Form responses'!$D$2:$D63,$J$1) -(sumifs('Form responses'!GF2:GF63, 'Form responses'!$C$2:$C63, "<="&Date(YEAR(DATE(YEAR($N$1),MONTH($N$1)+(-3),1)),4,1), 'Form responses'!$D$2:$D63,$J$1) +sumifs('Form responses'!FQ2:FQ63, 'Form responses'!$C$2:$C63, "<="&Date(YEAR(DATE(YEAR($N$1),MONTH($N$1)+(-3),1)),4,1), 'Form responses'!$D$2:$D63,$J$1)+sumifs('Form responses'!BX2:BX63, 'Form responses'!$C$2:$C63, "<="&Date(YEAR(DATE(YEAR($N$1),MONTH($N$1)+(-3),1)),4,1), 'Form responses'!$D$2:$D63, $J$1)) -> 0 | N30: =sumifs('Form responses'!FB2:FB63, 'Form responses'!$C$2:$C63, "<="&Date(YEAR(DATE(YEAR($N$1),MONTH($N$1)+(-3),1)),4,1), 'Form responses'!$D$2:$D63,$J$1) -(sumifs('Form responses'!GG2:GG63, 'Form responses'!$C$2:$C63, "<="&Date(YEAR(DATE(YEAR($N$1),MONTH($N$1)+(-3),1)),4,1), 'Form responses'!$D$2:$D63,$J$1) +sumifs('Form responses'!FR2:FR63, 'Form responses'!$C$2:$C63, "<="&Date(YEAR(DATE(YEAR($N$1),MONTH($N$1)+(-3),1)),4,1), 'Form responses'!$D$2:$D63,$J$1)+sumifs('Form responses'!BZ2:BZ63, 'Form responses'!$C$2:$C63, "<="&Date(YEAR(DATE(YEAR($N$1),MONTH($N$1)+(-3),1)),4,1), 'Form responses'!$D$2:$D63, $J$1)) -> 0 | O30: =sumifs('Form responses'!FC2:FC63, 'Form responses'!$C$2:$C63, "<="&Date(YEAR(DATE(YEAR($N$1),MONTH($N$1)+(-3),1)),4,1), 'Form responses'!$D$2:$D63,$J$1) -(sumifs('Form responses'!GH2:GH63, 'Form responses'!$C$2:$C63, "<="&Date(YEAR(DATE(YEAR($N$1),MONTH($N$1)+(-3),1)),4,1), 'Form responses'!$D$2:$D63,$J$1) +sumifs('Form responses'!FS2:FS63, 'Form responses'!$C$2:$C63, "<="&Date(YEAR(DATE(YEAR($N$1),MONTH($N$1)+(-3),1)),4,1), 'Form responses'!$D$2:$D63,$J$1)+sumifs('Form responses'!CB2:CB63, 'Form responses'!$C$2:$C63, "<="&Date(YEAR(DATE(YEAR($N$1),MONTH($N$1)+(-3),1)),4,1), 'Form responses'!$D$2:$D63, $J$1)) -> 0 | P30: =sumifs('Form responses'!FD2:FD63, 'Form responses'!$C$2:$C63, "<="&Date(YEAR(DATE(YEAR($N$1),MONTH($N$1)+(-3),1)),4,1), 'Form responses'!$D$2:$D63,$J$1) -(sumifs('Form responses'!GI2:GI63, 'Form responses'!$C$2:$C63, "<="&Date(YEAR(DATE(YEAR($N$1),MONTH($N$1)+(-3),1)),4,1), 'Form responses'!$D$2:$D63,$J$1) +sumifs('Form responses'!FT2:FT63, 'Form responses'!$C$2:$C63, "<="&Date(YEAR(DATE(YEAR($N$1),MONTH($N$1)+(-3),1)),4,1), 'Form responses'!$D$2:$D63,$J$1)+sumifs('Form responses'!CD2:CD63, 'Form responses'!$C$2:$C63, "<="&Date(YEAR(DATE(YEAR($N$1),MONTH($N$1)+(-3),1)),4,1), 'Form responses'!$D$2:$D63, $J$1)) -> 0 | Q30: =sumifs('Form responses'!FE2:FE63, 'Form responses'!$C$2:$C63, "<="&Date(YEAR(DATE(YEAR($N$1),MONTH($N$1)+(-3),1)),4,1), 'Form responses'!$D$2:$D63,$J$1) -(sumifs('Form responses'!GJ2:GJ63, 'Form responses'!$C$2:$C63, "<="&Date(YEAR(DATE(YEAR($N$1),MONTH($N$1)+(-3),1)),4,1), 'Form responses'!$D$2:$D63,$J$1) +sumifs('Form responses'!FU2:FU63, 'Form responses'!$C$2:$C63, "<="&Date(YEAR(DATE(YEAR($N$1),MONTH($N$1)+(-3),1)),4,1), 'Form responses'!$D$2:$D63,$J$1)+sumifs('Form responses'!CF2:CF63, 'Form responses'!$C$2:$C63, "<="&Date(YEAR(DATE(YEAR($N$1),MONTH($N$1)+(-3),1)),4,1), 'Form responses'!$D$2:$D63, $J$1)) -> 0
C31: Last Month Balance | D31: =sumifs('Form responses'!ER2:ER63,'Form responses'!$C$2:$C63,"<="&$N$1,'Form responses'!$D$2:$D63,$J$1)-(+sumifs('Form responses'!FH2:FH63,'Form responses'!$C$2:$C63,"<="&$N$1,'Form responses'!$D$2:$D63,$J$1)+sumifs('Form responses'!BF2:BF63,'Form responses'!$C$2:$C63,"<="&$N$1,'Form responses'!$D$2:$D63,$J$1)) -> 0 | E31: =sumifs('Form responses'!ES2:ES63,'Form responses'!$C$2:$C63,"<="&$N$1,'Form responses'!$D$2:$D63,$J$1)-(sumifs('Form responses'!FY2:FY63,'Form responses'!$C$2:$C63,"<="&$N$1,'Form responses'!$D$2:$D63,$J$1)+sumifs('Form responses'!FI2:FI63,'Form responses'!$C$2:$C63,"<="&$N$1,'Form responses'!$D$2:$D63,$J$1)+sumifs('Form responses'!BH2:BH63,'Form responses'!$C$2:$C63,"<="&$N$1,'Form responses'!$D$2:$D63,$J$1)) -> 0 | F31: =sumifs('Form responses'!ET2:ET63,'Form responses'!$C$2:$C63,"<="&$N$1,'Form responses'!$D$2:$D63,$J$1)-(sumifs('Form responses'!FJ2:FJ63,'Form responses'!$C$2:$C63,"<="&$N$1,'Form responses'!$D$2:$D63,$J$1)+sumifs('Form responses'!BJ2:BJ63,'Form responses'!$C$2:$C63,"<="&$N$1,'Form responses'!$D$2:$D63,$J$1)) -> 0 | G31: =sumifs('Form responses'!EU2:EU63,'Form responses'!$C$2:$C63,"<="&$N$1,'Form responses'!$D$2:$D63,$J$1)-(sumifs('Form responses'!GA2:GA63,'Form responses'!$C$2:$C63,"<="&$N$1,'Form responses'!$D$2:$D63,$J$1)+sumifs('Form responses'!FK2:FK63,'Form responses'!$C$2:$C63,"<="&$N$1,'Form responses'!$D$2:$D63,$J$1)+sumifs('Form responses'!BL2:BL63,'Form responses'!$C$2:$C63,"<="&$N$1,'Form responses'!$D$2:$D63,$J$1)) -> 0 | H31: =sumifs('Form responses'!EV2:EV63,'Form responses'!$C$2:$C63,"<="&$N$1,'Form responses'!$D$2:$D63,$J$1)-(sumifs('Form responses'!GB2:GB63,'Form responses'!$C$2:$C63,"<="&$N$1,'Form responses'!$D$2:$D63,$J$1)+sumifs('Form responses'!FL2:FL63,'Form responses'!$C$2:$C63,"<="&$N$1,'Form responses'!$D$2:$D63,$J$1)+sumifs('Form responses'!BN2:BN63,'Form responses'!$C$2:$C63,"<="&$N$1,'Form responses'!$D$2:$D63,$J$1)) -> 0 | I31: =sumifs('Form responses'!EW2:EW63,'Form responses'!$C$2:$C63,"<="&$N$1,'Form responses'!$D$2:$D63,$J$1)-(sumifs('Form responses'!GC2:GC63,'Form responses'!$C$2:$C63,"<="&$N$1,'Form responses'!$D$2:$D63,$J$1)+sumifs('Form responses'!FM2:FM63,'Form responses'!$C$2:$C63,"<="&$N$1,'Form responses'!$D$2:$D63,$J$1)+sumifs('Form responses'!BP2:BP63,'Form responses'!$C$2:$C63,"<="&$N$1,'Form responses'!$D$2:$D63,$J$1)) -> 0 | J31: =sumifs('Form responses'!EX2:EX63,'Form responses'!$C$2:$C63,"<="&$N$1,'Form responses'!$D$2:$D63,$J$1)-(sumifs('Form responses'!GD2:GD63,'Form responses'!$C$2:$C63,"<="&$N$1,'Form responses'!$D$2:$D63,$J$1)+sumifs('Form responses'!FN2:FN63,'Form responses'!$C$2:$C63,"<="&$N$1,'Form responses'!$D$2:$D63,$J$1)+sumifs('Form responses'!BR2:BR63,'Form responses'!$C$2:$C63,"<="&$N$1,'Form responses'!$D$2:$D63,$J$1)) -> 0 | K31: =sumifs('Form responses'!EY2:EY63,'Form responses'!$C$2:$C63,"<="&$N$1,'Form responses'!$D$2:$D63,$J$1)-(sumifs('Form responses'!GL2:GL63,'Form responses'!$C$2:$C63,"<="&$N$1,'Form responses'!$D$2:$D63,$J$1)+sumifs('Form responses'!FO2:FO63,'Form responses'!$C$2:$C63,"<="&$N$1,'Form responses'!$D$2:$D63,$J$1)+sumifs('Form responses'!BT2:BT63,'Form responses'!$C$2:$C63,"<="&$N$1,'Form responses'!$D$2:$D63,$J$1)) -> 0 | L31: =sumifs('Form responses'!EZ2:EZ63,'Form responses'!$C$2:$C63,"<="&$N$1,'Form responses'!$D$2:$D63,$J$1)-(sumifs('Form responses'!GE2:GE63,'Form responses'!$C$2:$C63,"<="&$N$1,'Form responses'!$D$2:$D63,$J$1)+sumifs('Form responses'!FP2:FP63,'Form responses'!$C$2:$C63,"<="&$N$1,'Form responses'!$D$2:$D63,$J$1)+sumifs('Form responses'!BV2:BV63,'Form responses'!$C$2:$C63,"<="&$N$1,'Form responses'!$D$2:$D63,$J$1)) -> 0 | M31: =sumifs('Form responses'!FA2:FA63,'Form responses'!$C$2:$C63,"<="&$N$1,'Form responses'!$D$2:$D63,$J$1)-(sumifs('Form responses'!GF2:GF63,'Form responses'!$C$2:$C63,"<="&$N$1,'Form responses'!$D$2:$D63,$J$1)+sumifs('Form responses'!FQ2:FQ63,'Form responses'!$C$2:$C63,"<="&$N$1,'Form responses'!$D$2:$D63,$J$1)+sumifs('Form responses'!BX2:BX63,'Form responses'!$C$2:$C63,"<="&$N$1,'Form responses'!$D$2:$D63,$J$1)) -> 0 | N31: =sumifs('Form responses'!FB2:FB63,'Form responses'!$C$2:$C63,"<="&$N$1,'Form responses'!$D$2:$D63,$J$1)-(sumifs('Form responses'!GG2:GG63,'Form responses'!$C$2:$C63,"<="&$N$1,'Form responses'!$D$2:$D63,$J$1)+sumifs('Form responses'!FR2:FR63,'Form responses'!$C$2:$C63,"<="&$N$1,'Form responses'!$D$2:$D63,$J$1)+sumifs('Form responses'!BZ2:BZ63,'Form responses'!$C$2:$C63,"<="&$N$1,'Form responses'!$D$2:$D63,$J$1)) -> 0 | O31: =sumifs('Form responses'!FC2:FC63,'Form responses'!$C$2:$C63,"<="&$N$1,'Form responses'!$D$2:$D63,$J$1)-(sumifs('Form responses'!GH2:GH63,'Form responses'!$C$2:$C63,"<="&$N$1,'Form responses'!$D$2:$D63,$J$1)+sumifs('Form responses'!FS2:FS63,'Form responses'!$C$2:$C63,"<="&$N$1,'Form responses'!$D$2:$D63,$J$1)+sumifs('Form responses'!CB2:CB63,'Form responses'!$C$2:$C63,"<="&$N$1,'Form responses'!$D$2:$D63,$J$1)) -> 0 | P31: =sumifs('Form responses'!FD2:FD63,'Form responses'!$C$2:$C63,"<="&$N$1,'Form responses'!$D$2:$D63,$J$1)-(sumifs('Form responses'!GI2:GI63,'Form responses'!$C$2:$C63,"<="&$N$1,'Form responses'!$D$2:$D63,$J$1)+sumifs('Form responses'!FT2:FT63,'Form responses'!$C$2:$C63,"<="&$N$1,'Form responses'!$D$2:$D63,$J$1)+sumifs('Form responses'!CD2:CD63,'Form responses'!$C$2:$C63,"<="&$N$1,'Form responses'!$D$2:$D63,$J$1)) -> 0 | Q31: =sumifs('Form responses'!FE2:FE63,'Form responses'!$C$2:$C63,"<="&$N$1,'Form responses'!$D$2:$D63,$J$1)-(sumifs('Form responses'!GJ2:GJ63,'Form responses'!$C$2:$C63,"<="&$N$1,'Form responses'!$D$2:$D63,$J$1)+sumifs('Form responses'!FU2:FU63,'Form responses'!$C$2:$C63,"<="&$N$1,'Form responses'!$D$2:$D63,$J$1)+sumifs('Form responses'!CF2:CF63,'Form responses'!$C$2:$C63,"<="&$N$1,'Form responses'!$D$2:$D63,$J$1)) -> 0
C32: Recieved This month | D32: =sumifs('Form responses'!ER$2:ER63,'Form responses'!$C$2:$C63,">="&$N$1,'Form responses'!$C$2:$C63,"<="&$Q$1,'Form responses'!$D$2:$D63,$J$1) -> 0 | E32: =sumifs('Form responses'!ES$2:ES63,'Form responses'!$C$2:$C63,">="&$N$1,'Form responses'!$C$2:$C63,"<="&$Q$1,'Form responses'!$D$2:$D63,$J$1) -> 0 | F32: =sumifs('Form responses'!ET$2:ET63,'Form responses'!$C$2:$C63,">="&$N$1,'Form responses'!$C$2:$C63,"<="&$Q$1,'Form responses'!$D$2:$D63,$J$1) -> 0 | G32: =sumifs('Form responses'!EU$2:EU63,'Form responses'!$C$2:$C63,">="&$N$1,'Form responses'!$C$2:$C63,"<="&$Q$1,'Form responses'!$D$2:$D63,$J$1) -> 0 | H32: =sumifs('Form responses'!EV$2:EV63,'Form responses'!$C$2:$C63,">="&$N$1,'Form responses'!$C$2:$C63,"<="&$Q$1,'Form responses'!$D$2:$D63,$J$1) -> 0 | I32: =sumifs('Form responses'!EW$2:EW63,'Form responses'!$C$2:$C63,">="&$N$1,'Form responses'!$C$2:$C63,"<="&$Q$1,'Form responses'!$D$2:$D63,$J$1) -> 0 | J32: =sumifs('Form responses'!EX$2:EX63,'Form responses'!$C$2:$C63,">="&$N$1,'Form responses'!$C$2:$C63,"<="&$Q$1,'Form responses'!$D$2:$D63,$J$1) -> 0 | K32: =sumifs('Form responses'!EY$2:EY63,'Form responses'!$C$2:$C63,">="&$N$1,'Form responses'!$C$2:$C63,"<="&$Q$1,'Form responses'!$D$2:$D63,$J$1) -> 0 | ... Q32: =sumifs('Form responses'!FE$2:FE63,'Form responses'!$C$2:$C63,">="&$N$1,'Form responses'!$C$2:$C63,"<="&$Q$1,'Form responses'!$D$2:$D63,$J$1) -> 0
C33: Used Local AI This Month | D33: =sumifs('Form responses'!BF$2:BF63,'Form responses'!$C$2:$C63,">="&$N$1,'Form responses'!$C$2:$C63,"<="&$Q$1,'Form responses'!$D$2:$D63,$J$1) -> 0 | E33: =sumifs('Form responses'!BH$2:BH63,'Form responses'!$C$2:$C63,">="&$N$1,'Form responses'!$C$2:$C63,"<="&$Q$1,'Form responses'!$D$2:$D63,$J$1) -> 0 | F33: =sumifs('Form responses'!BJ$2:BJ63,'Form responses'!$C$2:$C63,">="&$N$1,'Form responses'!$C$2:$C63,"<="&$Q$1,'Form responses'!$D$2:$D63,$J$1) -> 0 | G33: =sumifs('Form responses'!BL$2:BL63,'Form responses'!$C$2:$C63,">="&$N$1,'Form responses'!$C$2:$C63,"<="&$Q$1,'Form responses'!$D$2:$D63,$J$1) -> 0 | H33: =sumifs('Form responses'!BN$2:BN63,'Form responses'!$C$2:$C63,">="&$N$1,'Form responses'!$C$2:$C63,"<="&$Q$1,'Form responses'!$D$2:$D63,$J$1) -> 0 | I33: =sumifs('Form responses'!BP$2:BP63,'Form responses'!$C$2:$C63,">="&$N$1,'Form responses'!$C$2:$C63,"<="&$Q$1,'Form responses'!$D$2:$D63,$J$1) -> 0 | J33: =sumifs('Form responses'!BR$2:BR63,'Form responses'!$C$2:$C63,">="&$N$1,'Form responses'!$C$2:$C63,"<="&$Q$1,'Form responses'!$D$2:$D63,$J$1) -> 0 | K33: =sumifs('Form responses'!BT$2:BT63,'Form responses'!$C$2:$C63,">="&$N$1,'Form responses'!$C$2:$C63,"<="&$Q$1,'Form responses'!$D$2:$D63,$J$1) -> 0 | L33: =sumifs('Form responses'!BV$2:BV63,'Form responses'!$C$2:$C63,">="&$N$1,'Form responses'!$C$2:$C63,"<="&$Q$1,'Form responses'!$D$2:$D63,$J$1) -> 0 | M33: =sumifs('Form responses'!BX$2:BX63,'Form responses'!$C$2:$C63,">="&$N$1,'Form responses'!$C$2:$C63,"<="&$Q$1,'Form responses'!$D$2:$D63,$J$1) -> 0 | N33: =sumifs('Form responses'!BZ$2:BZ63,'Form responses'!$C$2:$C63,">="&$N$1,'Form responses'!$C$2:$C63,"<="&$Q$1,'Form responses'!$D$2:$D63,$J$1) -> 0 | O33: =sumifs('Form responses'!CB$2:CB63,'Form responses'!$C$2:$C63,">="&$N$1,'Form responses'!$C$2:$C63,"<="&$Q$1,'Form responses'!$D$2:$D63,$J$1) -> 0 | P33: =sumifs('Form responses'!CD$2:CD63,'Form responses'!$C$2:$C63,">="&$N$1,'Form responses'!$C$2:$C63,"<="&$Q$1,'Form responses'!$D$2:$D63,$J$1) -> 0 | Q33: =sumifs('Form responses'!CF$2:CF63,'Form responses'!$C$2:$C63,">="&$N$1,'Form responses'!$C$2:$C63,"<="&$Q$1,'Form responses'!$D$2:$D63,$J$1) -> 0
C34: Used INAPH This Month | G34: =sumifs('Form responses'!GA$2:GA63,'Form responses'!$C$2:$C63,">="&$N$1,'Form responses'!$C$2:$C63,"<="&$Q$1,'Form responses'!$D$2:$D63,$J$1) -> 0 | H34: =sumifs('Form responses'!GB$2:GB63,'Form responses'!$C$2:$C63,">="&$N$1,'Form responses'!$C$2:$C63,"<="&$Q$1,'Form responses'!$D$2:$D63,$J$1) -> 0 | I34: =sumifs('Form responses'!GC$2:GC63,'Form responses'!$C$2:$C63,">="&$N$1,'Form responses'!$C$2:$C63,"<="&$Q$1,'Form responses'!$D$2:$D63,$J$1) -> 0 | J34: =sumifs('Form responses'!GD$2:GD63,'Form responses'!$C$2:$C63,">="&$N$1,'Form responses'!$C$2:$C63,"<="&$Q$1,'Form responses'!$D$2:$D63,$J$1) -> 0 | K34: =sumifs('Form responses'!GL$2:GL63,'Form responses'!$C$2:$C63,">="&$N$1,'Form responses'!$C$2:$C63,"<="&$Q$1,'Form responses'!$D$2:$D63,$J$1) -> 0 | L34: =sumifs('Form responses'!GE$2:GE63,'Form responses'!$C$2:$C63,">="&$N$1,'Form responses'!$C$2:$C63,"<="&$Q$1,'Form responses'!$D$2:$D63,$J$1) -> 0 | M34: =sumifs('Form responses'!GF$2:GF63,'Form responses'!$C$2:$C63,">="&$N$1,'Form responses'!$C$2:$C63,"<="&$Q$1,'Form responses'!$D$2:$D63,$J$1) -> 0 | N34: =sumifs('Form responses'!GG$2:GG63,'Form responses'!$C$2:$C63,">="&$N$1,'Form responses'!$C$2:$C63,"<="&$Q$1,'Form responses'!$D$2:$D63,$J$1) -> 0 | O34: =sumifs('Form responses'!GH$2:GH63,'Form responses'!$C$2:$C63,">="&$N$1,'Form responses'!$C$2:$C63,"<="&$Q$1,'Form responses'!$D$2:$D63,$J$1) -> 0 | P34: =sumifs('Form responses'!GI$2:GI63,'Form responses'!$C$2:$C63,">="&$N$1,'Form responses'!$C$2:$C63,"<="&$Q$1,'Form responses'!$D$2:$D63,$J$1) -> 0 | Q34: =sumifs('Form responses'!GJ$2:GJ63,'Form responses'!$C$2:$C63,">="&$N$1,'Form responses'!$C$2:$C63,"<="&$Q$1,'Form responses'!$D$2:$D63,$J$1) -> 0
C35: Issued To AIW This Month | D35: =sumifs('Form responses'!FH$2:FH63,'Form responses'!$C$2:$C63,">="&$N$1,'Form responses'!$C$2:$C63,"<="&$Q$1,'Form responses'!$D$2:$D63,$J$1) -> 0 | E35: =sumifs('Form responses'!FI$2:FI63,'Form responses'!$C$2:$C63,">="&$N$1,'Form responses'!$C$2:$C63,"<="&$Q$1,'Form responses'!$D$2:$D63,$J$1) -> 0 | F35: =sumifs('Form responses'!FJ$2:FJ63,'Form responses'!$C$2:$C63,">="&$N$1,'Form responses'!$C$2:$C63,"<="&$Q$1,'Form responses'!$D$2:$D63,$J$1) -> 0 | G35: =sumifs('Form responses'!FK$2:FK63,'Form responses'!$C$2:$C63,">="&$N$1,'Form responses'!$C$2:$C63,"<="&$Q$1,'Form responses'!$D$2:$D63,$J$1) -> 0 | H35: =sumifs('Form responses'!FL$2:FL63,'Form responses'!$C$2:$C63,">="&$N$1,'Form responses'!$C$2:$C63,"<="&$Q$1,'Form responses'!$D$2:$D63,$J$1) -> 0 | I35: =sumifs('Form responses'!FM$2:FM63,'Form responses'!$C$2:$C63,">="&$N$1,'Form responses'!$C$2:$C63,"<="&$Q$1,'Form responses'!$D$2:$D63,$J$1) -> 0 | J35: =sumifs('Form responses'!FN$2:FN63,'Form responses'!$C$2:$C63,">="&$N$1,'Form responses'!$C$2:$C63,"<="&$Q$1,'Form responses'!$D$2:$D63,$J$1) -> 0 | K35: =sumifs('Form responses'!FO$2:FO63,'Form responses'!$C$2:$C63,">="&$N$1,'Form responses'!$C$2:$C63,"<="&$Q$1,'Form responses'!$D$2:$D63,$J$1) -> 0 | ... Q35: =sumifs('Form responses'!FU$2:FU63,'Form responses'!$C$2:$C63,">="&$N$1,'Form responses'!$C$2:$C63,"<="&$Q$1,'Form responses'!$D$2:$D63,$J$1) -> 0
C36: Recieved This Year | D36: =sumifs('Form responses'!ER$2:ER63,'Form responses'!$C$2:$C63,">="&Date(YEAR(DATE(YEAR($Q$1),MONTH($Q$1)+(-3),1)),4,1),'Form responses'!$C$2:$C63,"<="&$Q$1,'Form responses'!$D$2:$D63,$J$1) -> 0 | E36: =sumifs('Form responses'!ES$2:ES63,'Form responses'!$C$2:$C63,">="&Date(YEAR(DATE(YEAR($Q$1),MONTH($Q$1)+(-3),1)),4,1),'Form responses'!$C$2:$C63,"<="&$Q$1,'Form responses'!$D$2:$D63,$J$1) -> 0 | F36: =sumifs('Form responses'!ET$2:ET63,'Form responses'!$C$2:$C63,">="&Date(YEAR(DATE(YEAR($Q$1),MONTH($Q$1)+(-3),1)),4,1),'Form responses'!$C$2:$C63,"<="&$Q$1,'Form responses'!$D$2:$D63,$J$1) -> 0 | G36: =sumifs('Form responses'!EU$2:EU63,'Form responses'!$C$2:$C63,">="&Date(YEAR(DATE(YEAR($Q$1),MONTH($Q$1)+(-3),1)),4,1),'Form responses'!$C$2:$C63,"<="&$Q$1,'Form responses'!$D$2:$D63,$J$1) -> 0 | H36: =sumifs('Form responses'!EV$2:EV63,'Form responses'!$C$2:$C63,">="&Date(YEAR(DATE(YEAR($Q$1),MONTH($Q$1)+(-3),1)),4,1),'Form responses'!$C$2:$C63,"<="&$Q$1,'Form responses'!$D$2:$D63,$J$1) -> 0 | I36: =sumifs('Form responses'!EW$2:EW63,'Form responses'!$C$2:$C63,">="&Date(YEAR(DATE(YEAR($Q$1),MONTH($Q$1)+(-3),1)),4,1),'Form responses'!$C$2:$C63,"<="&$Q$1,'Form responses'!$D$2:$D63,$J$1) -> 0 | J36: =sumifs('Form responses'!EX$2:EX63,'Form responses'!$C$2:$C63,">="&Date(YEAR(DATE(YEAR($Q$1),MONTH($Q$1)+(-3),1)),4,1),'Form responses'!$C$2:$C63,"<="&$Q$1,'Form responses'!$D$2:$D63,$J$1) -> 0 | K36: =sumifs('Form responses'!EY$2:EY63,'Form responses'!$C$2:$C63,">="&Date(YEAR(DATE(YEAR($Q$1),MONTH($Q$1)+(-3),1)),4,1),'Form responses'!$C$2:$C63,"<="&$Q$1,'Form responses'!$D$2:$D63,$J$1) -> 0 | ... Q36: =sumifs('Form responses'!FE$2:FE63,'Form responses'!$C$2:$C63,">="&Date(YEAR(DATE(YEAR($Q$1),MONTH($Q$1)+(-3),1)),4,1),'Form responses'!$C$2:$C63,"<="&$Q$1,'Form responses'!$D$2:$D63,$J$1) -> 0
C37: Used Local AI This Year | D37: =sumifs('Form responses'!BF$2:BF63,'Form responses'!$C$2:$C63,">="&Date(YEAR(DATE(YEAR($Q$1),MONTH($Q$1)+(-3),1)),4,1),'Form responses'!$C$2:$C63,"<="&$Q$1,'Form responses'!$D$2:$D63,$J$1) -> 0 | E37: =sumifs('Form responses'!BH$2:BH63,'Form responses'!$C$2:$C63,">="&Date(YEAR(DATE(YEAR($Q$1),MONTH($Q$1)+(-3),1)),4,1),'Form responses'!$C$2:$C63,"<="&$Q$1,'Form responses'!$D$2:$D63,$J$1) -> 0 | F37: =sumifs('Form responses'!BJ$2:BJ63,'Form responses'!$C$2:$C63,">="&Date(YEAR(DATE(YEAR($Q$1),MONTH($Q$1)+(-3),1)),4,1),'Form responses'!$C$2:$C63,"<="&$Q$1,'Form responses'!$D$2:$D63,$J$1) -> 0 | G37: =sumifs('Form responses'!BL$2:BL63,'Form responses'!$C$2:$C63,">="&Date(YEAR(DATE(YEAR($Q$1),MONTH($Q$1)+(-3),1)),4,1),'Form responses'!$C$2:$C63,"<="&$Q$1,'Form responses'!$D$2:$D63,$J$1) -> 0 | H37: =sumifs('Form responses'!BN$2:BN63,'Form responses'!$C$2:$C63,">="&Date(YEAR(DATE(YEAR($Q$1),MONTH($Q$1)+(-3),1)),4,1),'Form responses'!$C$2:$C63,"<="&$Q$1,'Form responses'!$D$2:$D63,$J$1) -> 0 | I37: =sumifs('Form responses'!BP$2:BP63,'Form responses'!$C$2:$C63,">="&Date(YEAR(DATE(YEAR($Q$1),MONTH($Q$1)+(-3),1)),4,1),'Form responses'!$C$2:$C63,"<="&$Q$1,'Form responses'!$D$2:$D63,$J$1) -> 0 | J37: =sumifs('Form responses'!BR$2:BR63,'Form responses'!$C$2:$C63,">="&Date(YEAR(DATE(YEAR($Q$1),MONTH($Q$1)+(-3),1)),4,1),'Form responses'!$C$2:$C63,"<="&$Q$1,'Form responses'!$D$2:$D63,$J$1) -> 0 | K37: =sumifs('Form responses'!BT$2:BT63,'Form responses'!$C$2:$C63,">="&Date(YEAR(DATE(YEAR($Q$1),MONTH($Q$1)+(-3),1)),4,1),'Form responses'!$C$2:$C63,"<="&$Q$1,'Form responses'!$D$2:$D63,$J$1) -> 0 | L37: =sumifs('Form responses'!BV$2:BV63,'Form responses'!$C$2:$C63,">="&Date(YEAR(DATE(YEAR($Q$1),MONTH($Q$1)+(-3),1)),4,1),'Form responses'!$C$2:$C63,"<="&$Q$1,'Form responses'!$D$2:$D63,$J$1) -> 0 | M37: =sumifs('Form responses'!BX$2:BX63,'Form responses'!$C$2:$C63,">="&Date(YEAR(DATE(YEAR($Q$1),MONTH($Q$1)+(-3),1)),4,1),'Form responses'!$C$2:$C63,"<="&$Q$1,'Form responses'!$D$2:$D63,$J$1) -> 0 | N37: =sumifs('Form responses'!BZ$2:BZ63,'Form responses'!$C$2:$C63,">="&Date(YEAR(DATE(YEAR($Q$1),MONTH($Q$1)+(-3),1)),4,1),'Form responses'!$C$2:$C63,"<="&$Q$1,'Form responses'!$D$2:$D63,$J$1) -> 0 | O37: =sumifs('Form responses'!CB$2:CB63,'Form responses'!$C$2:$C63,">="&Date(YEAR(DATE(YEAR($Q$1),MONTH($Q$1)+(-3),1)),4,1),'Form responses'!$C$2:$C63,"<="&$Q$1,'Form responses'!$D$2:$D63,$J$1) -> 0 | P37: =sumifs('Form responses'!CD$2:CD63,'Form responses'!$C$2:$C63,">="&Date(YEAR(DATE(YEAR($Q$1),MONTH($Q$1)+(-3),1)),4,1),'Form responses'!$C$2:$C63,"<="&$Q$1,'Form responses'!$D$2:$D63,$J$1) -> 0 | Q37: =sumifs('Form responses'!CF$2:CF63,'Form responses'!$C$2:$C63,">="&Date(YEAR(DATE(YEAR($Q$1),MONTH($Q$1)+(-3),1)),4,1),'Form responses'!$C$2:$C63,"<="&$Q$1,'Form responses'!$D$2:$D63,$J$1) -> 0
C38: Used INAPH This Year | H38: =sumifs('Form responses'!GB$2:GB63,'Form responses'!$C$2:$C63,">="&Date(YEAR(DATE(YEAR($Q$1),MONTH($Q$1)+(-3),1)),4,1),'Form responses'!$C$2:$C63,"<="&$Q$1,'Form responses'!$D$2:$D63,$J$1) -> 0 | I38: =sumifs('Form responses'!GC$2:GC63,'Form responses'!$C$2:$C63,">="&Date(YEAR(DATE(YEAR($Q$1),MONTH($Q$1)+(-3),1)),4,1),'Form responses'!$C$2:$C63,"<="&$Q$1,'Form responses'!$D$2:$D63,$J$1) -> 0 | J38: =sumifs('Form responses'!GD$2:GD63,'Form responses'!$C$2:$C63,">="&Date(YEAR(DATE(YEAR($Q$1),MONTH($Q$1)+(-3),1)),4,1),'Form responses'!$C$2:$C63,"<="&$Q$1,'Form responses'!$D$2:$D63,$J$1) -> 0 | K38: =sumifs('Form responses'!GL$2:GL63,'Form responses'!$C$2:$C63,">="&Date(YEAR(DATE(YEAR($Q$1),MONTH($Q$1)+(-3),1)),4,1),'Form responses'!$C$2:$C63,"<="&$Q$1,'Form responses'!$D$2:$D63,$J$1) -> 0 | L38: =sumifs('Form responses'!GE$2:GE63,'Form responses'!$C$2:$C63,">="&Date(YEAR(DATE(YEAR($Q$1),MONTH($Q$1)+(-3),1)),4,1),'Form responses'!$C$2:$C63,"<="&$Q$1,'Form responses'!$D$2:$D63,$J$1) -> 0 | M38: =sumifs('Form responses'!GF$2:GF63,'Form responses'!$C$2:$C63,">="&Date(YEAR(DATE(YEAR($Q$1),MONTH($Q$1)+(-3),1)),4,1),'Form responses'!$C$2:$C63,"<="&$Q$1,'Form responses'!$D$2:$D63,$J$1) -> 0 | N38: =sumifs('Form responses'!GG$2:GG63,'Form responses'!$C$2:$C63,">="&Date(YEAR(DATE(YEAR($Q$1),MONTH($Q$1)+(-3),1)),4,1),'Form responses'!$C$2:$C63,"<="&$Q$1,'Form responses'!$D$2:$D63,$J$1) -> 0 | O38: =sumifs('Form responses'!GH$2:GH63,'Form responses'!$C$2:$C63,">="&Date(YEAR(DATE(YEAR($Q$1),MONTH($Q$1)+(-3),1)),4,1),'Form responses'!$C$2:$C63,"<="&$Q$1,'Form responses'!$D$2:$D63,$J$1) -> 0 | P38: =sumifs('Form responses'!GI$2:GI63,'Form responses'!$C$2:$C63,">="&Date(YEAR(DATE(YEAR($Q$1),MONTH($Q$1)+(-3),1)),4,1),'Form responses'!$C$2:$C63,"<="&$Q$1,'Form responses'!$D$2:$D63,$J$1) -> 0 | Q38: =sumifs('Form responses'!GJ$2:GJ63,'Form responses'!$C$2:$C63,">="&Date(YEAR(DATE(YEAR($Q$1),MONTH($Q$1)+(-3),1)),4,1),'Form responses'!$C$2:$C63,"<="&$Q$1,'Form responses'!$D$2:$D63,$J$1) -> 0
C39: Issued To AIW This Year | D39: =sumifs('Form responses'!FH$2:FH63,'Form responses'!$C$2:$C63,">="&Date(YEAR(DATE(YEAR($Q$1),MONTH($Q$1)+(-3),1)),4,1),'Form responses'!$C$2:$C63,"<="&$Q$1,'Form responses'!$D$2:$D63,$J$1) -> 0 | E39: =sumifs('Form responses'!FI$2:FI63,'Form responses'!$C$2:$C63,">="&Date(YEAR(DATE(YEAR($Q$1),MONTH($Q$1)+(-3),1)),4,1),'Form responses'!$C$2:$C63,"<="&$Q$1,'Form responses'!$D$2:$D63,$J$1) -> 0 | F39: =sumifs('Form responses'!FJ$2:FJ63,'Form responses'!$C$2:$C63,">="&Date(YEAR(DATE(YEAR($Q$1),MONTH($Q$1)+(-3),1)),4,1),'Form responses'!$C$2:$C63,"<="&$Q$1,'Form responses'!$D$2:$D63,$J$1) -> 0 | G39: =sumifs('Form responses'!FK$2:FK63,'Form responses'!$C$2:$C63,">="&Date(YEAR(DATE(YEAR($Q$1),MONTH($Q$1)+(-3),1)),4,1),'Form responses'!$C$2:$C63,"<="&$Q$1,'Form responses'!$D$2:$D63,$J$1) -> 0 | H39: =sumifs('Form responses'!FL$2:FL63,'Form responses'!$C$2:$C63,">="&Date(YEAR(DATE(YEAR($Q$1),MONTH($Q$1)+(-3),1)),4,1),'Form responses'!$C$2:$C63,"<="&$Q$1,'Form responses'!$D$2:$D63,$J$1) -> 0 | I39: =sumifs('Form responses'!FM$2:FM63,'Form responses'!$C$2:$C63,">="&Date(YEAR(DATE(YEAR($Q$1),MONTH($Q$1)+(-3),1)),4,1),'Form responses'!$C$2:$C63,"<="&$Q$1,'Form responses'!$D$2:$D63,$J$1) -> 0 | J39: =sumifs('Form responses'!FN$2:FN63,'Form responses'!$C$2:$C63,">="&Date(YEAR(DATE(YEAR($Q$1),MONTH($Q$1)+(-3),1)),4,1),'Form responses'!$C$2:$C63,"<="&$Q$1,'Form responses'!$D$2:$D63,$J$1) -> 0 | K39: =sumifs('Form responses'!FO$2:FO63,'Form responses'!$C$2:$C63,">="&Date(YEAR(DATE(YEAR($Q$1),MONTH($Q$1)+(-3),1)),4,1),'Form responses'!$C$2:$C63,"<="&$Q$1,'Form responses'!$D$2:$D63,$J$1) -> 0 | ... Q39: =sumifs('Form responses'!FU$2:FU63,'Form responses'!$C$2:$C63,">="&Date(YEAR(DATE(YEAR($Q$1),MONTH($Q$1)+(-3),1)),4,1),'Form responses'!$C$2:$C63,"<="&$Q$1,'Form responses'!$D$2:$D63,$J$1) -> 0
C40: Balance In Hand | D40: =(D30+D36)-(D37+D38+D39) -> 0 | E40: =(E30+E36)-(E37+E38+E39) -> 0 | F40: =(F30+F36)-(F37+F38+F39) -> 0 | G40: =(G30+G36)-(G37+G38+G39) -> 0 | H40: =(H30+H36)-(H37+H38+H39) -> 0 | I40: =(I30+I36)-(I37+I38+I39) -> 0 | J40: =(J30+J36)-(J37+J38+J39) -> 0 | K40: =(K30+K36)-(K37+K38+K39) -> 0 | ... Q40: =(Q30+Q36)-(Q37+Q38+Q39) -> 0
D41: Lab test report
D42: Faecal test | E42: Fee | F42: Blood Test | G42: Fee | H42: Urine Test | I42: Fee | J42: Milk Test | K42: Fee | L42: Total fees
C43: During the Month | D43: =sumifs('Form responses'!GN$2:GN63,'Form responses'!$C$2:$C63,">="&$N$1,'Form responses'!$C$2:$C63,"<="&$Q$1,'Form responses'!$D$2:$D63,$J$1) -> 0 | E43: =Sum!C47 -> 0 | F43: =sumifs('Form responses'!GO$2:GO63,'Form responses'!$C$2:$C63,">="&$N$1,'Form responses'!$C$2:$C63,"<="&$Q$1,'Form responses'!$D$2:$D63,$J$1) -> 0 | G43: =Sum!E47 -> 0 | H43: =sumifs('Form responses'!GP$2:GP63,'Form responses'!$C$2:$C63,">="&$N$1,'Form responses'!$C$2:$C63,"<="&$Q$1,'Form responses'!$D$2:$D63,$J$1) -> 0 | I43: =Sum!G47 -> 0 | J43: =sumifs('Form responses'!GQ$2:GQ63,'Form responses'!$C$2:$C63,">="&$N$1,'Form responses'!$C$2:$C63,"<="&$Q$1,'Form responses'!$D$2:$D63,$J$1) -> 0 | K43: =Sum!I47 -> 0 | L43: =E43+G43+I43+K43 -> 0
C44: PROG T. | D44: =sumifs('Form responses'!GN$2:GN63,'Form responses'!$C$2:$C63,">="&Date(YEAR(DATE(YEAR($Q$1),MONTH($Q$1)+(-3),1)),4,1),'Form responses'!$C$2:$C63,"<="&$Q$1,'Form responses'!$D$2:$D63,$J$1) -> 0 | E44: =Sum!C48 -> 0 | F44: =sumifs('Form responses'!GO$2:GO63,'Form responses'!$C$2:$C63,">="&Date(YEAR(DATE(YEAR($Q$1),MONTH($Q$1)+(-3),1)),4,1),'Form responses'!$C$2:$C63,"<="&$Q$1,'Form responses'!$D$2:$D63,$J$1) -> 0 | G44: =Sum!E48 -> 0 | H44: =sumifs('Form responses'!GP$2:GP63,'Form responses'!$C$2:$C63,">="&Date(YEAR(DATE(YEAR($Q$1),MONTH($Q$1)+(-3),1)),4,1),'Form responses'!$C$2:$C63,"<="&$Q$1,'Form responses'!$D$2:$D63,$J$1) -> 0 | I44: =Sum!G48 -> 0 | J44: =sumifs('Form responses'!GQ$2:GQ63,'Form responses'!$C$2:$C63,">="&Date(YEAR(DATE(YEAR($Q$1),MONTH($Q$1)+(-3),1)),4,1),'Form responses'!$C$2:$C63,"<="&$Q$1,'Form responses'!$D$2:$D63,$J$1) -> 0 | K44: =Sum!I48 -> 0 | L44: =E44+G44+I44+K44 -> 0
D45: TOTAL FEE DEPOSITED
D46: OPD | E46: OPD DOGS | F46: CAST | G46: PD | H46: LAB | I46: HC | J46: Post Mortem | K46: TOTAL | L46: COWS | M46: ETT | N46: Sexed Cow | O46: Other 1 | P46: TOTAL | Q46: BUFF | R46: Sexed Buff | S46: TOTAL AI FEE | T46: GRAND TOTAL
C47: =J1 -> CVH Malkana | D47: =((sumifs('Form responses'!$I$2:$I63,'Form responses'!$C$2:$C63,">="&$N$1,'Form responses'!$C$2:$C63,"<="&$Q$1,'Form responses'!$D$2:$D63,$C47) +sumifs('Form responses'!$J$2:$J63,'Form responses'!$C$2:$C63,">="&$N$1,'Form responses'!$C$2:$C63,"<="&$Q$1,'Form responses'!$D$2:$D63,$C47) +sumifs('Form responses'!$K$2:$K63,'Form responses'!$C$2:$C63,">="&$N$1,'Form responses'!$C$2:$C63,"<="&$Q$1,'Form responses'!$D$2:$D63,$C47) )*Sum!$B$35) -> 400 | E47: =((sumifs('Form responses'!$L$2:$L63,'Form responses'!$C$2:$C63,">="&$N$1,'Form responses'!$C$2:$C63,"<="&$Q$1,'Form responses'!$D$2:$D63,$C47))*Sum!$C$35) -> 0 | F47: =(( sumifs('Form responses'!$U$2:$U63,'Form responses'!$C$2:$C63,">="&$N$1,'Form responses'!$C$2:$C63,"<="&$Q$1,'Form responses'!$D$2:$D63,$C47) + sumifs('Form responses'!$V$2:$V63,'Form responses'!$C$2:$C63,">="&$N$1,'Form responses'!$C$2:$C63,"<="&$Q$1,'Form responses'!$D$2:$D63,$C47) )*Sum!$E$35 ) -> 0 | G47: =sumifs('Form responses'!$W$2:$W63,'Form responses'!$C$2:$C63,">="&$N$1,'Form responses'!$C$2:$C63,"<="&$Q$1,'Form responses'!$D$2:$D63,$C47) *Sum!$D$35 -> 0 | H47: =L43 -> 0 | I47: =(( sumifs('Form responses'!$X$2:$X63,'Form responses'!$C$2:$C63,">="&$N$1,'Form responses'!$C$2:$C63,"<="&$Q$1,'Form responses'!$D$2:$D63,$C47) )* Sum!$F$35 )+(( sumifs('Form responses'!$Y$2:$Y63,'Form responses'!$C$2:$C63,">="&$N$1,'Form responses'!$C$2:$C63,"<="&$Q$1,'Form responses'!$D$2:$D63,$C47) )* Sum!$G$35 ) -> 0 | J47: =(( sumifs('Form responses'!$Z$2:$Z63,'Form responses'!$C$2:$C63,">="&$N$1,'Form responses'!$C$2:$C63,"<="&$Q$1,'Form responses'!$D$2:$D63,$C47) )*Sum!$H$35)+(( sumifs('Form responses'!$AA$2:$AA63,'Form responses'!$C$2:$C63,">="&$N$1,'Form responses'!$C$2:$C63,"<="&$Q$1,'Form responses'!$D$2:$D63,$C47) )*Sum!$I$35)+(( sumifs('Form responses'!$AB$2:$AB63,'Form responses'!$C$2:$C63,">="&$N$1,'Form responses'!$C$2:$C63,"<="&$Q$1,'Form responses'!$D$2:$D63,$C47) )*Sum!$Z$35)+(( sumifs('Form responses'!$AC$2:$AC63,'Form responses'!$C$2:$C63,">="&$N$1,'Form responses'!$C$2:$C63,"<="&$Q$1,'Form responses'!$D$2:$D63,$C47) )*Sum!$AA$35)+(( sumifs('Form responses'!$AD$2:$AD63,'Form responses'!$C$2:$C63,">="&$N$1,'Form responses'!$C$2:$C63,"<="&$Q$1,'Form responses'!$D$2:$D63,$C47) )*Sum!$AB$35) -> 0 | K47: =SUM(D47:J47) -> 400 | L47: =( sumifs('Form responses'!$BF$2:$BF63,'Form responses'!$C$2:$C63,">="&$N$1,'Form responses'!$C$2:$C63,"<="&$Q$1,'Form responses'!$D$2:$D63,$C47) + sumifs('Form responses'!$BH$2:$BH63,'Form responses'!$C$2:$C63,">="&$N$1,'Form responses'!$C$2:$C63,"<="&$Q$1,'Form responses'!$D$2:$D63,$C47) + sumifs('Form responses'!$BJ$2:$BJ63,'Form responses'!$C$2:$C63,">="&$N$1,'Form responses'!$C$2:$C63,"<="&$Q$1,'Form responses'!$D$2:$D63,$C47) + sumifs('Form responses'!$BL$2:$BL63,'Form responses'!$C$2:$C63,">="&$N$1,'Form responses'!$C$2:$C63,"<="&$Q$1,'Form responses'!$D$2:$D63,$C47) )*Sum!$Q$35 -> 0 | M47: =( sumifs('Form responses'!$BN$2:$BN63,'Form responses'!$C$2:$C63,">="&N$1,'Form responses'!$C$2:$C63,"<="&$Q$1,'Form responses'!$D$2:$D63,$C47) + sumifs('Form responses'!$BP$2:$BP63,'Form responses'!$C$2:$C63,">="&N$1,'Form responses'!$C$2:$C63,"<="&$Q$1,'Form responses'!$D$2:$D63,$C47) )*Sum!$R$35 -> 0 | N47: =sumifs('Form responses'!$BR$2:$BR63,'Form responses'!$C$2:$C63,">="&$N$1,'Form responses'!$C$2:$C63,"<="&$Q$1,'Form responses'!$D$2:$D63,$C47)*Sum!$S$35+sumifs('Form responses'!$BT$2:$BT63,'Form responses'!$C$2:$C63,">="&$N$1,'Form responses'!$C$2:$C63,"<="&$Q$1,'Form responses'!$D$2:$D63,$C47)*Sum!$S$35+sumifs('Form responses'!$BV$2:$BV63,'Form responses'!$C$2:$C63,">="&$N$1,'Form responses'!$C$2:$C63,"<="&$Q$1,'Form responses'!$D$2:$D63,$C47)*Sum!$S$35+sumifs('Form responses'!$BX$2:$BX63,'Form responses'!$C$2:$C63,">="&$N$1,'Form responses'!$C$2:$C63,"<="&$Q$1,'Form responses'!$D$2:$D63,$C47)*Sum!$S$35 -> 0 | P47: =SUM(L47:O47) -> 0 | Q47: =((sumifs('Form responses'!$BZ$2:$BZ63,'Form responses'!$C$2:$C63,">="&$N$1,'Form responses'!$C$2:$C63,"<="&$Q$1,'Form responses'!$D$2:$D63,$C47)+ sumifs('Form responses'!$CB$2:$CB63,'Form responses'!$C$2:$C63,">="&$N$1,'Form responses'!$C$2:$C63,"<="&$Q$1,'Form responses'!$D$2:$D63,$C47))*Sum!$U$35) -> 0 | R47: =sumifs('Form responses'!$CD$2:$CD63,'Form responses'!$C$2:$C63,">="&$N$1,'Form responses'!$C$2:$C63,"<="&$Q$1,'Form responses'!$D$2:$D63,$C47)*Sum!$S$35+sumifs('Form responses'!$CF$2:$CF63,'Form responses'!$C$2:$C63,">="&$N$1,'Form responses'!$C$2:$C63,"<="&$Q$1,'Form responses'!$D$2:$D63,$C47)*Sum!$S$35 -> 0 | S47: =P47+Q47+R47 -> 0 | T47: =K47+S47 -> 400
C48: =VLOOKUP($J$1,Credentials!$C$2:$P$85,8,FALSE) | D48: =((sumifs('Form responses'!$I$2:$I63,'Form responses'!$C$2:$C63,">="&$N$1,'Form responses'!$C$2:$C63,"<="&$Q$1,'Form responses'!$D$2:$D63,$C48) +sumifs('Form responses'!$J$2:$J63,'Form responses'!$C$2:$C63,">="&$N$1,'Form responses'!$C$2:$C63,"<="&$Q$1,'Form responses'!$D$2:$D63,$C48) +sumifs('Form responses'!$K$2:$K63,'Form responses'!$C$2:$C63,">="&$N$1,'Form responses'!$C$2:$C63,"<="&$Q$1,'Form responses'!$D$2:$D63,$C48) )*Sum!$B$35) -> 0 | E48: =((sumifs('Form responses'!$L$2:$L63,'Form responses'!$C$2:$C63,">="&$N$1,'Form responses'!$C$2:$C63,"<="&$Q$1,'Form responses'!$D$2:$D63,$C48))*Sum!$C$35) -> 0 | F48: =(( sumifs('Form responses'!$U$2:$U63,'Form responses'!$C$2:$C63,">="&$N$1,'Form responses'!$C$2:$C63,"<="&$Q$1,'Form responses'!$D$2:$D63,$C48) + sumifs('Form responses'!$V$2:$V63,'Form responses'!$C$2:$C63,">="&$N$1,'Form responses'!$C$2:$C63,"<="&$Q$1,'Form responses'!$D$2:$D63,$C48) )*Sum!$E$35 ) -> 0 | G48: =sumifs('Form responses'!$W$2:$W63,'Form responses'!$C$2:$C63,">="&$N$1,'Form responses'!$C$2:$C63,"<="&$Q$1,'Form responses'!$D$2:$D63,$C48) *Sum!$D$35 -> 0 | H48: 0 | I48: =(( sumifs('Form responses'!$X$2:$X63,'Form responses'!$C$2:$C63,">="&$N$1,'Form responses'!$C$2:$C63,"<="&$Q$1,'Form responses'!$D$2:$D63,$C48) )* Sum!$F$35 )+(( sumifs('Form responses'!$Y$2:$Y63,'Form responses'!$C$2:$C63,">="&$N$1,'Form responses'!$C$2:$C63,"<="&$Q$1,'Form responses'!$D$2:$D63,$C48) )* Sum!$G$35 ) -> 0 | J48: =(( sumifs('Form responses'!$Z$2:$Z63,'Form responses'!$C$2:$C63,">="&$N$1,'Form responses'!$C$2:$C63,"<="&$Q$1,'Form responses'!$D$2:$D63,$C48) )*Sum!$H$35)+(( sumifs('Form responses'!$AA$2:$AA63,'Form responses'!$C$2:$C63,">="&$N$1,'Form responses'!$C$2:$C63,"<="&$Q$1,'Form responses'!$D$2:$D63,$C48) )*Sum!$I$35)+(( sumifs('Form responses'!$AB$2:$AB63,'Form responses'!$C$2:$C63,">="&$N$1,'Form responses'!$C$2:$C63,"<="&$Q$1,'Form responses'!$D$2:$D63,$C48) )*Sum!$Z$35)+(( sumifs('Form responses'!$AC$2:$AC63,'Form responses'!$C$2:$C63,">="&$N$1,'Form responses'!$C$2:$C63,"<="&$Q$1,'Form responses'!$D$2:$D63,$C48) )*Sum!$AA$35)+(( sumifs('Form responses'!$AD$2:$AD63,'Form responses'!$C$2:$C63,">="&$N$1,'Form responses'!$C$2:$C63,"<="&$Q$1,'Form responses'!$D$2:$D63,$C48) )*Sum!$AB$35) -> 0 | K48: =SUM(D48:J48) -> 0 | L48: =( sumifs('Form responses'!$BF$2:$BF63,'Form responses'!$C$2:$C63,">="&$N$1,'Form responses'!$C$2:$C63,"<="&$Q$1,'Form responses'!$D$2:$D63,$C48) + sumifs('Form responses'!$BH$2:$BH63,'Form responses'!$C$2:$C63,">="&$N$1,'Form responses'!$C$2:$C63,"<="&$Q$1,'Form responses'!$D$2:$D63,$C48) + sumifs('Form responses'!$BJ$2:$BJ63,'Form responses'!$C$2:$C63,">="&$N$1,'Form responses'!$C$2:$C63,"<="&$Q$1,'Form responses'!$D$2:$D63,$C48) + sumifs('Form responses'!$BL$2:$BL63,'Form responses'!$C$2:$C63,">="&$N$1,'Form responses'!$C$2:$C63,"<="&$Q$1,'Form responses'!$D$2:$D63,$C48) )*Sum!$Q$35 -> 0 | M48: =( sumifs('Form responses'!$BN$2:$BN63,'Form responses'!$C$2:$C63,">="&N$1,'Form responses'!$C$2:$C63,"<="&$Q$1,'Form responses'!$D$2:$D63,$C48) + sumifs('Form responses'!$BP$2:$BP63,'Form responses'!$C$2:$C63,">="&N$1,'Form responses'!$C$2:$C63,"<="&$Q$1,'Form responses'!$D$2:$D63,$C48) )*Sum!$R$35 -> 0 | N48: =sumifs('Form responses'!$BR$2:$BR63,'Form responses'!$C$2:$C63,">="&$N$1,'Form responses'!$C$2:$C63,"<="&$Q$1,'Form responses'!$D$2:$D63,$C48)*Sum!$S$35+sumifs('Form responses'!$BT$2:$BT63,'Form responses'!$C$2:$C63,">="&$N$1,'Form responses'!$C$2:$C63,"<="&$Q$1,'Form responses'!$D$2:$D63,$C48)*Sum!$S$35+sumifs('Form responses'!$BV$2:$BV63,'Form responses'!$C$2:$C63,">="&$N$1,'Form responses'!$C$2:$C63,"<="&$Q$1,'Form responses'!$D$2:$D63,$C48)*Sum!$S$35+sumifs('Form responses'!$BX$2:$BX63,'Form responses'!$C$2:$C63,">="&$N$1,'Form responses'!$C$2:$C63,"<="&$Q$1,'Form responses'!$D$2:$D63,$C48)*Sum!$S$35 -> 0 | P48: =SUM(L48:O48) -> 0 | Q48: =((sumifs('Form responses'!$BZ$2:$BZ63,'Form responses'!$C$2:$C63,">="&$N$1,'Form responses'!$C$2:$C63,"<="&$Q$1,'Form responses'!$D$2:$D63,$C48)+ sumifs('Form responses'!$CB$2:$CB63,'Form responses'!$C$2:$C63,">="&$N$1,'Form responses'!$C$2:$C63,"<="&$Q$1,'Form responses'!$D$2:$D63,$C48))*Sum!$U$35) -> 0 | R48: =sumifs('Form responses'!$CD$2:$CD63,'Form responses'!$C$2:$C63,">="&$N$1,'Form responses'!$C$2:$C63,"<="&$Q$1,'Form responses'!$D$2:$D63,$C48)*Sum!$S$35+sumifs('Form responses'!$CF$2:$CF63,'Form responses'!$C$2:$C63,">="&$N$1,'Form responses'!$C$2:$C63,"<="&$Q$1,'Form responses'!$D$2:$D63,$C48)*Sum!$S$35 -> 0 | S48: =P48+Q48+R48 -> 0 | T48: =K48+S48 -> 0
C49: =VLOOKUP($J$1,Credentials!$C$2:$P$85,9,FALSE) | D49: =((sumifs('Form responses'!$I$2:$I63,'Form responses'!$C$2:$C63,">="&$N$1,'Form responses'!$C$2:$C63,"<="&$Q$1,'Form responses'!$D$2:$D63,$C49) +sumifs('Form responses'!$J$2:$J63,'Form responses'!$C$2:$C63,">="&$N$1,'Form responses'!$C$2:$C63,"<="&$Q$1,'Form responses'!$D$2:$D63,$C49) +sumifs('Form responses'!$K$2:$K63,'Form responses'!$C$2:$C63,">="&$N$1,'Form responses'!$C$2:$C63,"<="&$Q$1,'Form responses'!$D$2:$D63,$C49) )*Sum!$B$35) -> 0 | E49: =((sumifs('Form responses'!$L$2:$L63,'Form responses'!$C$2:$C63,">="&$N$1,'Form responses'!$C$2:$C63,"<="&$Q$1,'Form responses'!$D$2:$D63,$C49))*Sum!$C$35) -> 0 | F49: =(( sumifs('Form responses'!$U$2:$U63,'Form responses'!$C$2:$C63,">="&$N$1,'Form responses'!$C$2:$C63,"<="&$Q$1,'Form responses'!$D$2:$D63,$C49) + sumifs('Form responses'!$V$2:$V63,'Form responses'!$C$2:$C63,">="&$N$1,'Form responses'!$C$2:$C63,"<="&$Q$1,'Form responses'!$D$2:$D63,$C49) )*Sum!$E$35 ) -> 0 | G49: =sumifs('Form responses'!$W$2:$W63,'Form responses'!$C$2:$C63,">="&$N$1,'Form responses'!$C$2:$C63,"<="&$Q$1,'Form responses'!$D$2:$D63,$C49) *Sum!$D$35 -> 0 | H49: 0 | I49: =(( sumifs('Form responses'!$X$2:$X63,'Form responses'!$C$2:$C63,">="&$N$1,'Form responses'!$C$2:$C63,"<="&$Q$1,'Form responses'!$D$2:$D63,$C49) )* Sum!$F$35 )+(( sumifs('Form responses'!$Y$2:$Y63,'Form responses'!$C$2:$C63,">="&$N$1,'Form responses'!$C$2:$C63,"<="&$Q$1,'Form responses'!$D$2:$D63,$C49) )* Sum!$G$35 ) -> 0 | J49: =(( sumifs('Form responses'!$Z$2:$Z63,'Form responses'!$C$2:$C63,">="&$N$1,'Form responses'!$C$2:$C63,"<="&$Q$1,'Form responses'!$D$2:$D63,$C49) )*Sum!$H$35)+(( sumifs('Form responses'!$AA$2:$AA63,'Form responses'!$C$2:$C63,">="&$N$1,'Form responses'!$C$2:$C63,"<="&$Q$1,'Form responses'!$D$2:$D63,$C49) )*Sum!$I$35)+(( sumifs('Form responses'!$AB$2:$AB63,'Form responses'!$C$2:$C63,">="&$N$1,'Form responses'!$C$2:$C63,"<="&$Q$1,'Form responses'!$D$2:$D63,$C49) )*Sum!$Z$35)+(( sumifs('Form responses'!$AC$2:$AC63,'Form responses'!$C$2:$C63,">="&$N$1,'Form responses'!$C$2:$C63,"<="&$Q$1,'Form responses'!$D$2:$D63,$C49) )*Sum!$AA$35)+(( sumifs('Form responses'!$AD$2:$AD63,'Form responses'!$C$2:$C63,">="&$N$1,'Form responses'!$C$2:$C63,"<="&$Q$1,'Form responses'!$D$2:$D63,$C49) )*Sum!$AB$35) -> 0 | K49: =SUM(D49:J49) -> 0 | L49: =( sumifs('Form responses'!$BF$2:$BF63,'Form responses'!$C$2:$C63,">="&$N$1,'Form responses'!$C$2:$C63,"<="&$Q$1,'Form responses'!$D$2:$D63,$C49) + sumifs('Form responses'!$BH$2:$BH63,'Form responses'!$C$2:$C63,">="&$N$1,'Form responses'!$C$2:$C63,"<="&$Q$1,'Form responses'!$D$2:$D63,$C49) + sumifs('Form responses'!$BJ$2:$BJ63,'Form responses'!$C$2:$C63,">="&$N$1,'Form responses'!$C$2:$C63,"<="&$Q$1,'Form responses'!$D$2:$D63,$C49) + sumifs('Form responses'!$BL$2:$BL63,'Form responses'!$C$2:$C63,">="&$N$1,'Form responses'!$C$2:$C63,"<="&$Q$1,'Form responses'!$D$2:$D63,$C49) )*Sum!$Q$35 -> 0 | M49: =( sumifs('Form responses'!$BN$2:$BN63,'Form responses'!$C$2:$C63,">="&N$1,'Form responses'!$C$2:$C63,"<="&$Q$1,'Form responses'!$D$2:$D63,$C49) + sumifs('Form responses'!$BP$2:$BP63,'Form responses'!$C$2:$C63,">="&N$1,'Form responses'!$C$2:$C63,"<="&$Q$1,'Form responses'!$D$2:$D63,$C49) )*Sum!$R$35 -> 0 | N49: =sumifs('Form responses'!$BR$2:$BR63,'Form responses'!$C$2:$C63,">="&$N$1,'Form responses'!$C$2:$C63,"<="&$Q$1,'Form responses'!$D$2:$D63,$C49)*Sum!$S$35+sumifs('Form responses'!$BT$2:$BT63,'Form responses'!$C$2:$C63,">="&$N$1,'Form responses'!$C$2:$C63,"<="&$Q$1,'Form responses'!$D$2:$D63,$C49)*Sum!$S$35+sumifs('Form responses'!$BV$2:$BV63,'Form responses'!$C$2:$C63,">="&$N$1,'Form responses'!$C$2:$C63,"<="&$Q$1,'Form responses'!$D$2:$D63,$C49)*Sum!$S$35+sumifs('Form responses'!$BX$2:$BX63,'Form responses'!$C$2:$C63,">="&$N$1,'Form responses'!$C$2:$C63,"<="&$Q$1,'Form responses'!$D$2:$D63,$C49)*Sum!$S$35 -> 0 | P49: =SUM(L49:O49) -> 0 | Q49: =((sumifs('Form responses'!$BZ$2:$BZ63,'Form responses'!$C$2:$C63,">="&$N$1,'Form responses'!$C$2:$C63,"<="&$Q$1,'Form responses'!$D$2:$D63,$C49)+ sumifs('Form responses'!$CB$2:$CB63,'Form responses'!$C$2:$C63,">="&$N$1,'Form responses'!$C$2:$C63,"<="&$Q$1,'Form responses'!$D$2:$D63,$C49))*Sum!$U$35) -> 0 | R49: =sumifs('Form responses'!$CD$2:$CD63,'Form responses'!$C$2:$C63,">="&$N$1,'Form responses'!$C$2:$C63,"<="&$Q$1,'Form responses'!$D$2:$D63,$C49)*Sum!$S$35+sumifs('Form responses'!$CF$2:$CF63,'Form responses'!$C$2:$C63,">="&$N$1,'Form responses'!$C$2:$C63,"<="&$Q$1,'Form responses'!$D$2:$D63,$C49)*Sum!$S$35 -> 0 | S49: =P49+Q49+R49 -> 0 | T49: =K49+S49 -> 0
C50: =VLOOKUP($J$1,Credentials!$C$2:$P$85,10,FALSE) | D50: =((sumifs('Form responses'!$I$2:$I63,'Form responses'!$C$2:$C63,">="&$N$1,'Form responses'!$C$2:$C63,"<="&$Q$1,'Form responses'!$D$2:$D63,$C50) +sumifs('Form responses'!$J$2:$J63,'Form responses'!$C$2:$C63,">="&$N$1,'Form responses'!$C$2:$C63,"<="&$Q$1,'Form responses'!$D$2:$D63,$C50) +sumifs('Form responses'!$K$2:$K63,'Form responses'!$C$2:$C63,">="&$N$1,'Form responses'!$C$2:$C63,"<="&$Q$1,'Form responses'!$D$2:$D63,$C50) )*Sum!$B$35) -> 0 | E50: =((sumifs('Form responses'!$L$2:$L63,'Form responses'!$C$2:$C63,">="&$N$1,'Form responses'!$C$2:$C63,"<="&$Q$1,'Form responses'!$D$2:$D63,$C50))*Sum!$C$35) -> 0 | F50: =(( sumifs('Form responses'!$U$2:$U63,'Form responses'!$C$2:$C63,">="&$N$1,'Form responses'!$C$2:$C63,"<="&$Q$1,'Form responses'!$D$2:$D63,$C50) + sumifs('Form responses'!$V$2:$V63,'Form responses'!$C$2:$C63,">="&$N$1,'Form responses'!$C$2:$C63,"<="&$Q$1,'Form responses'!$D$2:$D63,$C50) )*Sum!$E$35 ) -> 0 | G50: =sumifs('Form responses'!$W$2:$W63,'Form responses'!$C$2:$C63,">="&$N$1,'Form responses'!$C$2:$C63,"<="&$Q$1,'Form responses'!$D$2:$D63,$C50) *Sum!$D$35 -> 0 | H50: 0 | I50: =(( sumifs('Form responses'!$X$2:$X63,'Form responses'!$C$2:$C63,">="&$N$1,'Form responses'!$C$2:$C63,"<="&$Q$1,'Form responses'!$D$2:$D63,$C50) )* Sum!$F$35 )+(( sumifs('Form responses'!$Y$2:$Y63,'Form responses'!$C$2:$C63,">="&$N$1,'Form responses'!$C$2:$C63,"<="&$Q$1,'Form responses'!$D$2:$D63,$C50) )* Sum!$G$35 ) -> 0 | J50: =(( sumifs('Form responses'!$Z$2:$Z63,'Form responses'!$C$2:$C63,">="&$N$1,'Form responses'!$C$2:$C63,"<="&$Q$1,'Form responses'!$D$2:$D63,$C50) )*Sum!$H$35)+(( sumifs('Form responses'!$AA$2:$AA63,'Form responses'!$C$2:$C63,">="&$N$1,'Form responses'!$C$2:$C63,"<="&$Q$1,'Form responses'!$D$2:$D63,$C50) )*Sum!$I$35)+(( sumifs('Form responses'!$AB$2:$AB63,'Form responses'!$C$2:$C63,">="&$N$1,'Form responses'!$C$2:$C63,"<="&$Q$1,'Form responses'!$D$2:$D63,$C50) )*Sum!$Z$35)+(( sumifs('Form responses'!$AC$2:$AC63,'Form responses'!$C$2:$C63,">="&$N$1,'Form responses'!$C$2:$C63,"<="&$Q$1,'Form responses'!$D$2:$D63,$C50) )*Sum!$AA$35)+(( sumifs('Form responses'!$AD$2:$AD63,'Form responses'!$C$2:$C63,">="&$N$1,'Form responses'!$C$2:$C63,"<="&$Q$1,'Form responses'!$D$2:$D63,$C50) )*Sum!$AB$35) -> 0 | K50: =SUM(D50:J50) -> 0 | L50: =( sumifs('Form responses'!$BF$2:$BF63,'Form responses'!$C$2:$C63,">="&$N$1,'Form responses'!$C$2:$C63,"<="&$Q$1,'Form responses'!$D$2:$D63,$C50) + sumifs('Form responses'!$BH$2:$BH63,'Form responses'!$C$2:$C63,">="&$N$1,'Form responses'!$C$2:$C63,"<="&$Q$1,'Form responses'!$D$2:$D63,$C50) + sumifs('Form responses'!$BJ$2:$BJ63,'Form responses'!$C$2:$C63,">="&$N$1,'Form responses'!$C$2:$C63,"<="&$Q$1,'Form responses'!$D$2:$D63,$C50) + sumifs('Form responses'!$BL$2:$BL63,'Form responses'!$C$2:$C63,">="&$N$1,'Form responses'!$C$2:$C63,"<="&$Q$1,'Form responses'!$D$2:$D63,$C50) )*Sum!$Q$35 -> 0 | M50: =( sumifs('Form responses'!$BN$2:$BN63,'Form responses'!$C$2:$C63,">="&N$1,'Form responses'!$C$2:$C63,"<="&$Q$1,'Form responses'!$D$2:$D63,$C50) + sumifs('Form responses'!$BP$2:$BP63,'Form responses'!$C$2:$C63,">="&N$1,'Form responses'!$C$2:$C63,"<="&$Q$1,'Form responses'!$D$2:$D63,$C50) )*Sum!$R$35 -> 0 | N50: =sumifs('Form responses'!$BR$2:$BR63,'Form responses'!$C$2:$C63,">="&$N$1,'Form responses'!$C$2:$C63,"<="&$Q$1,'Form responses'!$D$2:$D63,$C50)*Sum!$S$35+sumifs('Form responses'!$BT$2:$BT63,'Form responses'!$C$2:$C63,">="&$N$1,'Form responses'!$C$2:$C63,"<="&$Q$1,'Form responses'!$D$2:$D63,$C50)*Sum!$S$35+sumifs('Form responses'!$BV$2:$BV63,'Form responses'!$C$2:$C63,">="&$N$1,'Form responses'!$C$2:$C63,"<="&$Q$1,'Form responses'!$D$2:$D63,$C50)*Sum!$S$35+sumifs('Form responses'!$BX$2:$BX63,'Form responses'!$C$2:$C63,">="&$N$1,'Form responses'!$C$2:$C63,"<="&$Q$1,'Form responses'!$D$2:$D63,$C50)*Sum!$S$35 -> 0 | P50: =SUM(L50:O50) -> 0 | Q50: =((sumifs('Form responses'!$BZ$2:$BZ63,'Form responses'!$C$2:$C63,">="&$N$1,'Form responses'!$C$2:$C63,"<="&$Q$1,'Form responses'!$D$2:$D63,$C50)+ sumifs('Form responses'!$CB$2:$CB63,'Form responses'!$C$2:$C63,">="&$N$1,'Form responses'!$C$2:$C63,"<="&$Q$1,'Form responses'!$D$2:$D63,$C50))*Sum!$U$35) -> 0 | R50: =sumifs('Form responses'!$CD$2:$CD63,'Form responses'!$C$2:$C63,">="&$N$1,'Form responses'!$C$2:$C63,"<="&$Q$1,'Form responses'!$D$2:$D63,$C50)*Sum!$S$35+sumifs('Form responses'!$CF$2:$CF63,'Form responses'!$C$2:$C63,">="&$N$1,'Form responses'!$C$2:$C63,"<="&$Q$1,'Form responses'!$D$2:$D63,$C50)*Sum!$S$35 -> 0 | S50: =P50+Q50+R50 -> 0 | T50: =K50+S50 -> 0
C51: =VLOOKUP($J$1,Credentials!$C$2:$P$85,11,FALSE) | D51: =((sumifs('Form responses'!$I$2:$I63,'Form responses'!$C$2:$C63,">="&$N$1,'Form responses'!$C$2:$C63,"<="&$Q$1,'Form responses'!$D$2:$D63,$C51) +sumifs('Form responses'!$J$2:$J63,'Form responses'!$C$2:$C63,">="&$N$1,'Form responses'!$C$2:$C63,"<="&$Q$1,'Form responses'!$D$2:$D63,$C51) +sumifs('Form responses'!$K$2:$K63,'Form responses'!$C$2:$C63,">="&$N$1,'Form responses'!$C$2:$C63,"<="&$Q$1,'Form responses'!$D$2:$D63,$C51) )*Sum!$B$35) -> 0 | E51: =((sumifs('Form responses'!$L$2:$L63,'Form responses'!$C$2:$C63,">="&$N$1,'Form responses'!$C$2:$C63,"<="&$Q$1,'Form responses'!$D$2:$D63,$C51))*Sum!$C$35) -> 0 | F51: =(( sumifs('Form responses'!$U$2:$U63,'Form responses'!$C$2:$C63,">="&$N$1,'Form responses'!$C$2:$C63,"<="&$Q$1,'Form responses'!$D$2:$D63,$C51) + sumifs('Form responses'!$V$2:$V63,'Form responses'!$C$2:$C63,">="&$N$1,'Form responses'!$C$2:$C63,"<="&$Q$1,'Form responses'!$D$2:$D63,$C51) )*Sum!$E$35 ) -> 0 | G51: =sumifs('Form responses'!$W$2:$W63,'Form responses'!$C$2:$C63,">="&$N$1,'Form responses'!$C$2:$C63,"<="&$Q$1,'Form responses'!$D$2:$D63,$C51) *Sum!$D$35 -> 0 | H51: 0 | I51: =(( sumifs('Form responses'!$X$2:$X63,'Form responses'!$C$2:$C63,">="&$N$1,'Form responses'!$C$2:$C63,"<="&$Q$1,'Form responses'!$D$2:$D63,$C51) )* Sum!$F$35 )+(( sumifs('Form responses'!$Y$2:$Y63,'Form responses'!$C$2:$C63,">="&$N$1,'Form responses'!$C$2:$C63,"<="&$Q$1,'Form responses'!$D$2:$D63,$C51) )* Sum!$G$35 ) -> 0 | J51: =(( sumifs('Form responses'!$Z$2:$Z63,'Form responses'!$C$2:$C63,">="&$N$1,'Form responses'!$C$2:$C63,"<="&$Q$1,'Form responses'!$D$2:$D63,$C51) )*Sum!$H$35)+(( sumifs('Form responses'!$AA$2:$AA63,'Form responses'!$C$2:$C63,">="&$N$1,'Form responses'!$C$2:$C63,"<="&$Q$1,'Form responses'!$D$2:$D63,$C51) )*Sum!$I$35)+(( sumifs('Form responses'!$AB$2:$AB63,'Form responses'!$C$2:$C63,">="&$N$1,'Form responses'!$C$2:$C63,"<="&$Q$1,'Form responses'!$D$2:$D63,$C51) )*Sum!$Z$35)+(( sumifs('Form responses'!$AC$2:$AC63,'Form responses'!$C$2:$C63,">="&$N$1,'Form responses'!$C$2:$C63,"<="&$Q$1,'Form responses'!$D$2:$D63,$C51) )*Sum!$AA$35)+(( sumifs('Form responses'!$AD$2:$AD63,'Form responses'!$C$2:$C63,">="&$N$1,'Form responses'!$C$2:$C63,"<="&$Q$1,'Form responses'!$D$2:$D63,$C51) )*Sum!$AB$35) -> 0 | K51: =SUM(D51:J51) -> 0 | L51: =( sumifs('Form responses'!$BF$2:$BF63,'Form responses'!$C$2:$C63,">="&$N$1,'Form responses'!$C$2:$C63,"<="&$Q$1,'Form responses'!$D$2:$D63,$C51) + sumifs('Form responses'!$BH$2:$BH63,'Form responses'!$C$2:$C63,">="&$N$1,'Form responses'!$C$2:$C63,"<="&$Q$1,'Form responses'!$D$2:$D63,$C51) + sumifs('Form responses'!$BJ$2:$BJ63,'Form responses'!$C$2:$C63,">="&$N$1,'Form responses'!$C$2:$C63,"<="&$Q$1,'Form responses'!$D$2:$D63,$C51) + sumifs('Form responses'!$BL$2:$BL63,'Form responses'!$C$2:$C63,">="&$N$1,'Form responses'!$C$2:$C63,"<="&$Q$1,'Form responses'!$D$2:$D63,$C51) )*Sum!$Q$35 -> 0 | M51: =( sumifs('Form responses'!$BN$2:$BN63,'Form responses'!$C$2:$C63,">="&N$1,'Form responses'!$C$2:$C63,"<="&$Q$1,'Form responses'!$D$2:$D63,$C51) + sumifs('Form responses'!$BP$2:$BP63,'Form responses'!$C$2:$C63,">="&N$1,'Form responses'!$C$2:$C63,"<="&$Q$1,'Form responses'!$D$2:$D63,$C51) )*Sum!$R$35 -> 0 | N51: =sumifs('Form responses'!$BR$2:$BR63,'Form responses'!$C$2:$C63,">="&$N$1,'Form responses'!$C$2:$C63,"<="&$Q$1,'Form responses'!$D$2:$D63,$C51)*Sum!$S$35+sumifs('Form responses'!$BT$2:$BT63,'Form responses'!$C$2:$C63,">="&$N$1,'Form responses'!$C$2:$C63,"<="&$Q$1,'Form responses'!$D$2:$D63,$C51)*Sum!$S$35+sumifs('Form responses'!$BV$2:$BV63,'Form responses'!$C$2:$C63,">="&$N$1,'Form responses'!$C$2:$C63,"<="&$Q$1,'Form responses'!$D$2:$D63,$C51)*Sum!$S$35+sumifs('Form responses'!$BX$2:$BX63,'Form responses'!$C$2:$C63,">="&$N$1,'Form responses'!$C$2:$C63,"<="&$Q$1,'Form responses'!$D$2:$D63,$C51)*Sum!$S$35 -> 0 | P51: =SUM(L51:O51) -> 0 | Q51: =((sumifs('Form responses'!$BZ$2:$BZ63,'Form responses'!$C$2:$C63,">="&$N$1,'Form responses'!$C$2:$C63,"<="&$Q$1,'Form responses'!$D$2:$D63,$C51)+ sumifs('Form responses'!$CB$2:$CB63,'Form responses'!$C$2:$C63,">="&$N$1,'Form responses'!$C$2:$C63,"<="&$Q$1,'Form responses'!$D$2:$D63,$C51))*Sum!$U$35) -> 0 | R51: =sumifs('Form responses'!$CD$2:$CD63,'Form responses'!$C$2:$C63,">="&$N$1,'Form responses'!$C$2:$C63,"<="&$Q$1,'Form responses'!$D$2:$D63,$C51)*Sum!$S$35+sumifs('Form responses'!$CF$2:$CF63,'Form responses'!$C$2:$C63,">="&$N$1,'Form responses'!$C$2:$C63,"<="&$Q$1,'Form responses'!$D$2:$D63,$C51)*Sum!$S$35 -> 0 | S51: =P51+Q51+R51 -> 0 | T51: =K51+S51 -> 0
C52: =VLOOKUP($J$1,Credentials!$C$2:$P$85,12,FALSE) | D52: =((sumifs('Form responses'!$I$2:$I63,'Form responses'!$C$2:$C63,">="&$N$1,'Form responses'!$C$2:$C63,"<="&$Q$1,'Form responses'!$D$2:$D63,$C52) +sumifs('Form responses'!$J$2:$J63,'Form responses'!$C$2:$C63,">="&$N$1,'Form responses'!$C$2:$C63,"<="&$Q$1,'Form responses'!$D$2:$D63,$C52) +sumifs('Form responses'!$K$2:$K63,'Form responses'!$C$2:$C63,">="&$N$1,'Form responses'!$C$2:$C63,"<="&$Q$1,'Form responses'!$D$2:$D63,$C52) )*Sum!$B$35) -> 0 | E52: =((sumifs('Form responses'!$L$2:$L63,'Form responses'!$C$2:$C63,">="&$N$1,'Form responses'!$C$2:$C63,"<="&$Q$1,'Form responses'!$D$2:$D63,$C52))*Sum!$C$35) -> 0 | F52: =(( sumifs('Form responses'!$U$2:$U63,'Form responses'!$C$2:$C63,">="&$N$1,'Form responses'!$C$2:$C63,"<="&$Q$1,'Form responses'!$D$2:$D63,$C52) + sumifs('Form responses'!$V$2:$V63,'Form responses'!$C$2:$C63,">="&$N$1,'Form responses'!$C$2:$C63,"<="&$Q$1,'Form responses'!$D$2:$D63,$C52) )*Sum!$E$35 ) -> 0 | G52: =sumifs('Form responses'!$W$2:$W63,'Form responses'!$C$2:$C63,">="&$N$1,'Form responses'!$C$2:$C63,"<="&$Q$1,'Form responses'!$D$2:$D63,$C52) *Sum!$D$35 -> 0 | H52: 0 | I52: =(( sumifs('Form responses'!$X$2:$X63,'Form responses'!$C$2:$C63,">="&$N$1,'Form responses'!$C$2:$C63,"<="&$Q$1,'Form responses'!$D$2:$D63,$C52) )* Sum!$F$35 )+(( sumifs('Form responses'!$Y$2:$Y63,'Form responses'!$C$2:$C63,">="&$N$1,'Form responses'!$C$2:$C63,"<="&$Q$1,'Form responses'!$D$2:$D63,$C52) )* Sum!$G$35 ) -> 0 | J52: =(( sumifs('Form responses'!$Z$2:$Z63,'Form responses'!$C$2:$C63,">="&$N$1,'Form responses'!$C$2:$C63,"<="&$Q$1,'Form responses'!$D$2:$D63,$C52) )*Sum!$H$35)+(( sumifs('Form responses'!$AA$2:$AA63,'Form responses'!$C$2:$C63,">="&$N$1,'Form responses'!$C$2:$C63,"<="&$Q$1,'Form responses'!$D$2:$D63,$C52) )*Sum!$I$35)+(( sumifs('Form responses'!$AB$2:$AB63,'Form responses'!$C$2:$C63,">="&$N$1,'Form responses'!$C$2:$C63,"<="&$Q$1,'Form responses'!$D$2:$D63,$C52) )*Sum!$Z$35)+(( sumifs('Form responses'!$AC$2:$AC63,'Form responses'!$C$2:$C63,">="&$N$1,'Form responses'!$C$2:$C63,"<="&$Q$1,'Form responses'!$D$2:$D63,$C52) )*Sum!$AA$35)+(( sumifs('Form responses'!$AD$2:$AD63,'Form responses'!$C$2:$C63,">="&$N$1,'Form responses'!$C$2:$C63,"<="&$Q$1,'Form responses'!$D$2:$D63,$C52) )*Sum!$AB$35) -> 0 | K52: =SUM(D52:J52) -> 0 | L52: =( sumifs('Form responses'!$BF$2:$BF63,'Form responses'!$C$2:$C63,">="&$N$1,'Form responses'!$C$2:$C63,"<="&$Q$1,'Form responses'!$D$2:$D63,$C52) + sumifs('Form responses'!$BH$2:$BH63,'Form responses'!$C$2:$C63,">="&$N$1,'Form responses'!$C$2:$C63,"<="&$Q$1,'Form responses'!$D$2:$D63,$C52) + sumifs('Form responses'!$BJ$2:$BJ63,'Form responses'!$C$2:$C63,">="&$N$1,'Form responses'!$C$2:$C63,"<="&$Q$1,'Form responses'!$D$2:$D63,$C52) + sumifs('Form responses'!$BL$2:$BL63,'Form responses'!$C$2:$C63,">="&$N$1,'Form responses'!$C$2:$C63,"<="&$Q$1,'Form responses'!$D$2:$D63,$C52) )*Sum!$Q$35 -> 0 | M52: =( sumifs('Form responses'!$BN$2:$BN63,'Form responses'!$C$2:$C63,">="&N$1,'Form responses'!$C$2:$C63,"<="&$Q$1,'Form responses'!$D$2:$D63,$C52) + sumifs('Form responses'!$BP$2:$BP63,'Form responses'!$C$2:$C63,">="&N$1,'Form responses'!$C$2:$C63,"<="&$Q$1,'Form responses'!$D$2:$D63,$C52) )*Sum!$R$35 -> 0 | N52: =sumifs('Form responses'!$BR$2:$BR63,'Form responses'!$C$2:$C63,">="&$N$1,'Form responses'!$C$2:$C63,"<="&$Q$1,'Form responses'!$D$2:$D63,$C52)*Sum!$S$35+sumifs('Form responses'!$BT$2:$BT63,'Form responses'!$C$2:$C63,">="&$N$1,'Form responses'!$C$2:$C63,"<="&$Q$1,'Form responses'!$D$2:$D63,$C52)*Sum!$S$35+sumifs('Form responses'!$BV$2:$BV63,'Form responses'!$C$2:$C63,">="&$N$1,'Form responses'!$C$2:$C63,"<="&$Q$1,'Form responses'!$D$2:$D63,$C52)*Sum!$S$35+sumifs('Form responses'!$BX$2:$BX63,'Form responses'!$C$2:$C63,">="&$N$1,'Form responses'!$C$2:$C63,"<="&$Q$1,'Form responses'!$D$2:$D63,$C52)*Sum!$S$35 -> 0 | P52: =SUM(L52:O52) -> 0 | Q52: =((sumifs('Form responses'!$BZ$2:$BZ63,'Form responses'!$C$2:$C63,">="&$N$1,'Form responses'!$C$2:$C63,"<="&$Q$1,'Form responses'!$D$2:$D63,$C52)+ sumifs('Form responses'!$CB$2:$CB63,'Form responses'!$C$2:$C63,">="&$N$1,'Form responses'!$C$2:$C63,"<="&$Q$1,'Form responses'!$D$2:$D63,$C52))*Sum!$U$35) -> 0 | R52: =sumifs('Form responses'!$CD$2:$CD63,'Form responses'!$C$2:$C63,">="&$N$1,'Form responses'!$C$2:$C63,"<="&$Q$1,'Form responses'!$D$2:$D63,$C52)*Sum!$S$35+sumifs('Form responses'!$CF$2:$CF63,'Form responses'!$C$2:$C63,">="&$N$1,'Form responses'!$C$2:$C63,"<="&$Q$1,'Form responses'!$D$2:$D63,$C52)*Sum!$S$35 -> 0 | S52: =P52+Q52+R52 -> 0 | T52: =K52+S52 -> 0
C53: =VLOOKUP($J$1,Credentials!$C$2:$P$85,13,FALSE) | D53: =((sumifs('Form responses'!$I$2:$I63,'Form responses'!$C$2:$C63,">="&$N$1,'Form responses'!$C$2:$C63,"<="&$Q$1,'Form responses'!$D$2:$D63,$C53) +sumifs('Form responses'!$J$2:$J63,'Form responses'!$C$2:$C63,">="&$N$1,'Form responses'!$C$2:$C63,"<="&$Q$1,'Form responses'!$D$2:$D63,$C53) +sumifs('Form responses'!$K$2:$K63,'Form responses'!$C$2:$C63,">="&$N$1,'Form responses'!$C$2:$C63,"<="&$Q$1,'Form responses'!$D$2:$D63,$C53) )*Sum!$B$35) -> 0 | E53: =((sumifs('Form responses'!$L$2:$L63,'Form responses'!$C$2:$C63,">="&$N$1,'Form responses'!$C$2:$C63,"<="&$Q$1,'Form responses'!$D$2:$D63,$C53))*Sum!$C$35) -> 0 | F53: =(( sumifs('Form responses'!$U$2:$U63,'Form responses'!$C$2:$C63,">="&$N$1,'Form responses'!$C$2:$C63,"<="&$Q$1,'Form responses'!$D$2:$D63,$C53) + sumifs('Form responses'!$V$2:$V63,'Form responses'!$C$2:$C63,">="&$N$1,'Form responses'!$C$2:$C63,"<="&$Q$1,'Form responses'!$D$2:$D63,$C53) )*Sum!$E$35 ) -> 0 | G53: =sumifs('Form responses'!$W$2:$W63,'Form responses'!$C$2:$C63,">="&$N$1,'Form responses'!$C$2:$C63,"<="&$Q$1,'Form responses'!$D$2:$D63,$C53) *Sum!$D$35 -> 0 | H53: 0 | I53: =(( sumifs('Form responses'!$X$2:$X63,'Form responses'!$C$2:$C63,">="&$N$1,'Form responses'!$C$2:$C63,"<="&$Q$1,'Form responses'!$D$2:$D63,$C53) )* Sum!$F$35 )+(( sumifs('Form responses'!$Y$2:$Y63,'Form responses'!$C$2:$C63,">="&$N$1,'Form responses'!$C$2:$C63,"<="&$Q$1,'Form responses'!$D$2:$D63,$C53) )* Sum!$G$35 ) -> 0 | J53: =(( sumifs('Form responses'!$Z$2:$Z63,'Form responses'!$C$2:$C63,">="&$N$1,'Form responses'!$C$2:$C63,"<="&$Q$1,'Form responses'!$D$2:$D63,$C53) )*Sum!$H$35)+(( sumifs('Form responses'!$AA$2:$AA63,'Form responses'!$C$2:$C63,">="&$N$1,'Form responses'!$C$2:$C63,"<="&$Q$1,'Form responses'!$D$2:$D63,$C53) )*Sum!$I$35)+(( sumifs('Form responses'!$AB$2:$AB63,'Form responses'!$C$2:$C63,">="&$N$1,'Form responses'!$C$2:$C63,"<="&$Q$1,'Form responses'!$D$2:$D63,$C53) )*Sum!$Z$35)+(( sumifs('Form responses'!$AC$2:$AC63,'Form responses'!$C$2:$C63,">="&$N$1,'Form responses'!$C$2:$C63,"<="&$Q$1,'Form responses'!$D$2:$D63,$C53) )*Sum!$AA$35)+(( sumifs('Form responses'!$AD$2:$AD63,'Form responses'!$C$2:$C63,">="&$N$1,'Form responses'!$C$2:$C63,"<="&$Q$1,'Form responses'!$D$2:$D63,$C53) )*Sum!$AB$35) -> 0 | K53: =SUM(D53:J53) -> 0 | L53: =( sumifs('Form responses'!$BF$2:$BF63,'Form responses'!$C$2:$C63,">="&$N$1,'Form responses'!$C$2:$C63,"<="&$Q$1,'Form responses'!$D$2:$D63,$C53) + sumifs('Form responses'!$BH$2:$BH63,'Form responses'!$C$2:$C63,">="&$N$1,'Form responses'!$C$2:$C63,"<="&$Q$1,'Form responses'!$D$2:$D63,$C53) + sumifs('Form responses'!$BJ$2:$BJ63,'Form responses'!$C$2:$C63,">="&$N$1,'Form responses'!$C$2:$C63,"<="&$Q$1,'Form responses'!$D$2:$D63,$C53) + sumifs('Form responses'!$BL$2:$BL63,'Form responses'!$C$2:$C63,">="&$N$1,'Form responses'!$C$2:$C63,"<="&$Q$1,'Form responses'!$D$2:$D63,$C53) )*Sum!$Q$35 -> 0 | M53: =( sumifs('Form responses'!$BN$2:$BN63,'Form responses'!$C$2:$C63,">="&N$1,'Form responses'!$C$2:$C63,"<="&$Q$1,'Form responses'!$D$2:$D63,$C53) + sumifs('Form responses'!$BP$2:$BP63,'Form responses'!$C$2:$C63,">="&N$1,'Form responses'!$C$2:$C63,"<="&$Q$1,'Form responses'!$D$2:$D63,$C53) )*Sum!$R$35 -> 0 | N53: =sumifs('Form responses'!$BR$2:$BR63,'Form responses'!$C$2:$C63,">="&$N$1,'Form responses'!$C$2:$C63,"<="&$Q$1,'Form responses'!$D$2:$D63,$C53)*Sum!$S$35+sumifs('Form responses'!$BT$2:$BT63,'Form responses'!$C$2:$C63,">="&$N$1,'Form responses'!$C$2:$C63,"<="&$Q$1,'Form responses'!$D$2:$D63,$C53)*Sum!$S$35+sumifs('Form responses'!$BV$2:$BV63,'Form responses'!$C$2:$C63,">="&$N$1,'Form responses'!$C$2:$C63,"<="&$Q$1,'Form responses'!$D$2:$D63,$C53)*Sum!$S$35+sumifs('Form responses'!$BX$2:$BX63,'Form responses'!$C$2:$C63,">="&$N$1,'Form responses'!$C$2:$C63,"<="&$Q$1,'Form responses'!$D$2:$D63,$C53)*Sum!$S$35 -> 0 | P53: =SUM(L53:O53) -> 0 | Q53: =((sumifs('Form responses'!$BZ$2:$BZ63,'Form responses'!$C$2:$C63,">="&$N$1,'Form responses'!$C$2:$C63,"<="&$Q$1,'Form responses'!$D$2:$D63,$C53)+ sumifs('Form responses'!$CB$2:$CB63,'Form responses'!$C$2:$C63,">="&$N$1,'Form responses'!$C$2:$C63,"<="&$Q$1,'Form responses'!$D$2:$D63,$C53))*Sum!$U$35) -> 0 | R53: =sumifs('Form responses'!$CD$2:$CD63,'Form responses'!$C$2:$C63,">="&$N$1,'Form responses'!$C$2:$C63,"<="&$Q$1,'Form responses'!$D$2:$D63,$C53)*Sum!$S$35+sumifs('Form responses'!$CF$2:$CF63,'Form responses'!$C$2:$C63,">="&$N$1,'Form responses'!$C$2:$C63,"<="&$Q$1,'Form responses'!$D$2:$D63,$C53)*Sum!$S$35 -> 0 | S53: =P53+Q53+R53 -> 0 | T53: =K53+S53 -> 0
C54: =VLOOKUP($J$1,Credentials!$C$2:$P$85,14,FALSE) | D54: =((sumifs('Form responses'!$I$2:$I63,'Form responses'!$C$2:$C63,">="&$N$1,'Form responses'!$C$2:$C63,"<="&$Q$1,'Form responses'!$D$2:$D63,$C54) +sumifs('Form responses'!$J$2:$J63,'Form responses'!$C$2:$C63,">="&$N$1,'Form responses'!$C$2:$C63,"<="&$Q$1,'Form responses'!$D$2:$D63,$C54) +sumifs('Form responses'!$K$2:$K63,'Form responses'!$C$2:$C63,">="&$N$1,'Form responses'!$C$2:$C63,"<="&$Q$1,'Form responses'!$D$2:$D63,$C54) )*Sum!$B$35) -> 0 | E54: =((sumifs('Form responses'!$L$2:$L63,'Form responses'!$C$2:$C63,">="&$N$1,'Form responses'!$C$2:$C63,"<="&$Q$1,'Form responses'!$D$2:$D63,$C54))*Sum!$C$35) -> 0 | F54: =(( sumifs('Form responses'!$U$2:$U63,'Form responses'!$C$2:$C63,">="&$N$1,'Form responses'!$C$2:$C63,"<="&$Q$1,'Form responses'!$D$2:$D63,$C54) + sumifs('Form responses'!$V$2:$V63,'Form responses'!$C$2:$C63,">="&$N$1,'Form responses'!$C$2:$C63,"<="&$Q$1,'Form responses'!$D$2:$D63,$C54) )*Sum!$E$35 ) -> 0 | G54: =sumifs('Form responses'!$W$2:$W63,'Form responses'!$C$2:$C63,">="&$N$1,'Form responses'!$C$2:$C63,"<="&$Q$1,'Form responses'!$D$2:$D63,$C54) *Sum!$D$35 -> 0 | H54: 0 | I54: =(( sumifs('Form responses'!$X$2:$X63,'Form responses'!$C$2:$C63,">="&$N$1,'Form responses'!$C$2:$C63,"<="&$Q$1,'Form responses'!$D$2:$D63,$C54) )* Sum!$F$35 )+(( sumifs('Form responses'!$Y$2:$Y63,'Form responses'!$C$2:$C63,">="&$N$1,'Form responses'!$C$2:$C63,"<="&$Q$1,'Form responses'!$D$2:$D63,$C54) )* Sum!$G$35 ) -> 0 | J54: =(( sumifs('Form responses'!$Z$2:$Z63,'Form responses'!$C$2:$C63,">="&$N$1,'Form responses'!$C$2:$C63,"<="&$Q$1,'Form responses'!$D$2:$D63,$C54) )*Sum!$H$35)+(( sumifs('Form responses'!$AA$2:$AA63,'Form responses'!$C$2:$C63,">="&$N$1,'Form responses'!$C$2:$C63,"<="&$Q$1,'Form responses'!$D$2:$D63,$C54) )*Sum!$I$35)+(( sumifs('Form responses'!$AB$2:$AB63,'Form responses'!$C$2:$C63,">="&$N$1,'Form responses'!$C$2:$C63,"<="&$Q$1,'Form responses'!$D$2:$D63,$C54) )*Sum!$Z$35)+(( sumifs('Form responses'!$AC$2:$AC63,'Form responses'!$C$2:$C63,">="&$N$1,'Form responses'!$C$2:$C63,"<="&$Q$1,'Form responses'!$D$2:$D63,$C54) )*Sum!$AA$35)+(( sumifs('Form responses'!$AD$2:$AD63,'Form responses'!$C$2:$C63,">="&$N$1,'Form responses'!$C$2:$C63,"<="&$Q$1,'Form responses'!$D$2:$D63,$C54) )*Sum!$AB$35) -> 0 | K54: =SUM(D54:J54) -> 0 | L54: =( sumifs('Form responses'!$BF$2:$BF63,'Form responses'!$C$2:$C63,">="&$N$1,'Form responses'!$C$2:$C63,"<="&$Q$1,'Form responses'!$D$2:$D63,$C54) + sumifs('Form responses'!$BH$2:$BH63,'Form responses'!$C$2:$C63,">="&$N$1,'Form responses'!$C$2:$C63,"<="&$Q$1,'Form responses'!$D$2:$D63,$C54) + sumifs('Form responses'!$BJ$2:$BJ63,'Form responses'!$C$2:$C63,">="&$N$1,'Form responses'!$C$2:$C63,"<="&$Q$1,'Form responses'!$D$2:$D63,$C54) + sumifs('Form responses'!$BL$2:$BL63,'Form responses'!$C$2:$C63,">="&$N$1,'Form responses'!$C$2:$C63,"<="&$Q$1,'Form responses'!$D$2:$D63,$C54) )*Sum!$Q$35 -> 0 | M54: =( sumifs('Form responses'!$BN$2:$BN63,'Form responses'!$C$2:$C63,">="&N$1,'Form responses'!$C$2:$C63,"<="&$Q$1,'Form responses'!$D$2:$D63,$C54) + sumifs('Form responses'!$BP$2:$BP63,'Form responses'!$C$2:$C63,">="&N$1,'Form responses'!$C$2:$C63,"<="&$Q$1,'Form responses'!$D$2:$D63,$C54) )*Sum!$R$35 -> 0 | N54: =sumifs('Form responses'!$BR$2:$BR63,'Form responses'!$C$2:$C63,">="&$N$1,'Form responses'!$C$2:$C63,"<="&$Q$1,'Form responses'!$D$2:$D63,$C54)*Sum!$S$35+sumifs('Form responses'!$BT$2:$BT63,'Form responses'!$C$2:$C63,">="&$N$1,'Form responses'!$C$2:$C63,"<="&$Q$1,'Form responses'!$D$2:$D63,$C54)*Sum!$S$35+sumifs('Form responses'!$BV$2:$BV63,'Form responses'!$C$2:$C63,">="&$N$1,'Form responses'!$C$2:$C63,"<="&$Q$1,'Form responses'!$D$2:$D63,$C54)*Sum!$S$35+sumifs('Form responses'!$BX$2:$BX63,'Form responses'!$C$2:$C63,">="&$N$1,'Form responses'!$C$2:$C63,"<="&$Q$1,'Form responses'!$D$2:$D63,$C54)*Sum!$S$35 -> 0 | P54: =SUM(L54:O54) -> 0 | Q54: =((sumifs('Form responses'!$BZ$2:$BZ63,'Form responses'!$C$2:$C63,">="&$N$1,'Form responses'!$C$2:$C63,"<="&$Q$1,'Form responses'!$D$2:$D63,$C54)+ sumifs('Form responses'!$CB$2:$CB63,'Form responses'!$C$2:$C63,">="&$N$1,'Form responses'!$C$2:$C63,"<="&$Q$1,'Form responses'!$D$2:$D63,$C54))*Sum!$U$35) -> 0 | R54: =sumifs('Form responses'!$CD$2:$CD63,'Form responses'!$C$2:$C63,">="&$N$1,'Form responses'!$C$2:$C63,"<="&$Q$1,'Form responses'!$D$2:$D63,$C54)*Sum!$S$35+sumifs('Form responses'!$CF$2:$CF63,'Form responses'!$C$2:$C63,">="&$N$1,'Form responses'!$C$2:$C63,"<="&$Q$1,'Form responses'!$D$2:$D63,$C54)*Sum!$S$35 -> 0 | S54: =P54+Q54+R54 -> 0 | T54: =K54+S54 -> 0
C55: Grand Total | D55: =SUM(D47:D54) -> 400 | E55: =SUM(E47:E54) -> 0 | F55: =SUM(F47:F54) -> 0 | G55: =SUM(G47:G54) -> 0 | H55: =SUM(H47:H54) -> 0 | I55: =SUM(I47:I54) -> 0 | J55: =SUM(J47:J54) -> 0 | K55: =SUM(K47:K54) -> 400 | ... N55: =SUM(N47:N54) -> 0 | P55: =SUM(P47:P54) -> 0 | Q55: =SUM(Q47:Q54) -> 0 | R55: =SUM(R47:R54) -> 0 | S55: =SUM(S47:S54) -> 0 | T55: =SUM(T47:T54) -> 400
D57: ="I have verified all data in this report and sending this signed hardcopy to "&VLOOKUP(J1,Credentials!$C$1:$I$1963,2,FALSE)&" for information and further proceeding" -> I have verified all data in this report and sending this signed hardcopy to Senior Veterinary Officer Talwandi Sabo for information and further proceeding
D58: Slip Number | E58: =((sumifs('Form responses'!$GR$2:$GR63,'Form responses'!$C$2:$C63,">="&$N$1,'Form responses'!$C$2:$C63,"<="&$Q$1,'Form responses'!$D$2:$D63,$J$1))) -> 386 | V58: =VLOOKUP(J1,Credentials!$C$1:$I$82,3,FALSE) -> Swarn Singh
D59: Dated - | E59: =SUMIFS('Form responses'!A2:A63,'Form responses'!B2:B63,"="&N1,'Form responses'!$D$2:$D63,"="&J1) -> 46144.516 | V59: =VLOOKUP(J1,Credentials!$C$1:$I$82,4,FALSE) -> Rural Veterinary Pharmacist
D60: Dispach - | V60: =J1 & "," -> CVH Malkana,
V61: Tehsil - Talwandi Sabo
V62: ="Contact No: "&VLOOKUP(J1,Credentials!C1:I82,5,FALSE) -> Contact No: 9814618216

Sheet Tehsil Reports
A1: p | I1: Monthly Report of Tehsil | J1: Talwandi Sabo | M1: From | N1: 46113 | P1: To | Q1: 46142
B2: OUTDOOR CASE REPORT
B3: ='Form responses'!I1 -> New Case Equine | C3: ='Form responses'!J1 -> New Case Bovine | D3: ='Form responses'!K1 -> New Case Other | E3: Total New OPD | F3: ='Form responses'!L1 -> New Case Dogs | G3: ='Form responses'!M1 -> Old Case Equine | H3: ='Form responses'!N1 -> Old Case Bovine | I3: ='Form responses'!O1 -> Old Case Other | J3: ='Form responses'!P1 -> Old Case Dogs | K3: ='Form responses'!Q1 -> No. Of Camp Organised | L3: ='Form responses'!R1 -> Farmers Arrived in Capm | M3: ='Form responses'!S1 -> Case Treated In Camp | N3: ='Form responses'!T1 -> Gaushala Cases | O3: Total New Case Treated including Gaushala /camp | P3: Total Old Case Treated | R3: ='Form responses'!U1 -> Bovine Castrations | S3: ='Form responses'!V1 -> Other Castrations | T3: ='Form responses'!W1 -> No. of Pregnancy Diagnosis (Paid) | U3: ='Form responses'!X1 -> A.H. Certificate Small Animals | V3: ='Form responses'!Y1 -> A.H. Certificate Large Animals | W3: ='Form responses'!Z1 -> Post Mortem Small Animals | X3: ='Form responses'!AA1 -> Post Mortem Large Animals | Y3: ='Form responses'!AB1 -> Post Mortem Vetro Legal | ... AA3: ='Form responses'!AD1 -> PM Dogs Vetro legal
B4: =sumifs('Form responses'!I2:I75,'Form responses'!$C$2:$C75,">="&$N$1,'Form responses'!$C$2:$C75,"<="&$Q$1,'Form responses'!$G$2:$G75,$J$1) -> 1 | C4: =sumifs('Form responses'!J2:J75,'Form responses'!$C$2:$C75,">="&$N$1,'Form responses'!$C$2:$C75,"<="&$Q$1,'Form responses'!$G$2:$G75,$J$1) -> 1936 | D4: =sumifs('Form responses'!K2:K75,'Form responses'!$C$2:$C75,">="&$N$1,'Form responses'!$C$2:$C75,"<="&$Q$1,'Form responses'!$G$2:$G75,$J$1) -> 17 | E4: =SUM(B4:D4) -> 1954 | F4: =sumifs('Form responses'!L2:L75,'Form responses'!$C$2:$C75,">="&$N$1,'Form responses'!$C$2:$C75,"<="&$Q$1,'Form responses'!$G$2:$G75,$J$1) -> 32 | G4: =sumifs('Form responses'!M2:M75,'Form responses'!$C$2:$C75,">="&$N$1,'Form responses'!$C$2:$C75,"<="&$Q$1,'Form responses'!$G$2:$G75,$J$1) -> 0 | H4: =sumifs('Form responses'!N2:N75,'Form responses'!$C$2:$C75,">="&$N$1,'Form responses'!$C$2:$C75,"<="&$Q$1,'Form responses'!$G$2:$G75,$J$1) -> 757 | I4: =sumifs('Form responses'!O2:O75,'Form responses'!$C$2:$C75,">="&$N$1,'Form responses'!$C$2:$C75,"<="&$Q$1,'Form responses'!$G$2:$G75,$J$1) -> 8 | J4: =sumifs('Form responses'!P2:P75,'Form responses'!$C$2:$C75,">="&$N$1,'Form responses'!$C$2:$C75,"<="&$Q$1,'Form responses'!$G$2:$G75,$J$1) -> 5 | K4: =sumifs('Form responses'!Q2:Q75,'Form responses'!$C$2:$C75,">="&$N$1,'Form responses'!$C$2:$C75,"<="&$Q$1,'Form responses'!$G$2:$G75,$J$1) -> 5 | L4: =sumifs('Form responses'!R2:R75,'Form responses'!$C$2:$C75,">="&$N$1,'Form responses'!$C$2:$C75,"<="&$Q$1,'Form responses'!$G$2:$G75,$J$1) -> 282 | M4: =sumifs('Form responses'!S2:S75,'Form responses'!$C$2:$C75,">="&$N$1,'Form responses'!$C$2:$C75,"<="&$Q$1,'Form responses'!$G$2:$G75,$J$1) -> 182 | N4: =sumifs('Form responses'!T2:T75,'Form responses'!$C$2:$C75,">="&$N$1,'Form responses'!$C$2:$C75,"<="&$Q$1,'Form responses'!$G$2:$G75,$J$1) -> 304 | O4: =E4+F4+M4+N4 -> 2472 | P4: =G4+H4+I4+J4 -> 770 | R4: =sumifs('Form responses'!U$2:U75,'Form responses'!$C$2:$C75,">="&$N$1,'Form responses'!$C$2:$C75,"<="&$Q$1,'Form responses'!$G$2:$G75,$J$1) -> 0 | S4: =sumifs('Form responses'!V$2:V75,'Form responses'!$C$2:$C75,">="&$N$1,'Form responses'!$C$2:$C75,"<="&$Q$1,'Form responses'!$G$2:$G75,$J$1) -> 0 | T4: =sumifs('Form responses'!W$2:W75,'Form responses'!$C$2:$C75,">="&$N$1,'Form responses'!$C$2:$C75,"<="&$Q$1,'Form responses'!$G$2:$G75,$J$1) -> 0 | U4: =sumifs('Form responses'!X$2:X75,'Form responses'!$C$2:$C75,">="&$N$1,'Form responses'!$C$2:$C75,"<="&$Q$1,'Form responses'!$G$2:$G75,$J$1) -> 0 | V4: =sumifs('Form responses'!Y$2:Y75,'Form responses'!$C$2:$C75,">="&$N$1,'Form responses'!$C$2:$C75,"<="&$Q$1,'Form responses'!$G$2:$G75,$J$1) -> 34 | W4: =sumifs('Form responses'!Z$2:Z75,'Form responses'!$C$2:$C75,">="&$N$1,'Form responses'!$C$2:$C75,"<="&$Q$1,'Form responses'!$G$2:$G75,$J$1) -> 0 | X4: =sumifs('Form responses'!AA$2:AA75,'Form responses'!$C$2:$C75,">="&$N$1,'Form responses'!$C$2:$C75,"<="&$Q$1,'Form responses'!$G$2:$G75,$J$1) -> 1 | Y4: =sumifs('Form responses'!AB$2:AB75,'Form responses'!$C$2:$C75,">="&$N$1,'Form responses'!$C$2:$C75,"<="&$Q$1,'Form responses'!$G$2:$G75,$J$1) -> 0 | ... AA4: =sumifs('Form responses'!AD$2:AD75,'Form responses'!$C$2:$C75,">="&$N$1,'Form responses'!$C$2:$C75,"<="&$Q$1,'Form responses'!$G$2:$G75,$J$1) -> 0
B5: =sumifs('Form responses'!I2:I75,'Form responses'!$C$2:$C75,"<="&$Q$1,'Form responses'!$C$2:$C75,">="&Date(YEAR(DATE(YEAR($N$1),MONTH($N$1)+(-3),1)),4,1),'Form responses'!$G$2:$G75,$J$1) -> 1 | C5: =sumifs('Form responses'!J2:J75,'Form responses'!$C$2:$C75,"<="&$Q$1,'Form responses'!$C$2:$C75,">="&Date(YEAR(DATE(YEAR($N$1),MONTH($N$1)+(-3),1)),4,1),'Form responses'!$G$2:$G75,$J$1) -> 1936 | D5: =sumifs('Form responses'!K2:K75,'Form responses'!$C$2:$C75,"<="&$Q$1,'Form responses'!$C$2:$C75,">="&Date(YEAR(DATE(YEAR($N$1),MONTH($N$1)+(-3),1)),4,1),'Form responses'!$G$2:$G75,$J$1) -> 17 | E5: =SUM(B5:D5) -> 1954 | F5: =sumifs('Form responses'!L2:L75,'Form responses'!$C$2:$C75,"<="&$Q$1,'Form responses'!$C$2:$C75,">="&Date(YEAR(DATE(YEAR($N$1),MONTH($N$1)+(-3),1)),4,1),'Form responses'!$G$2:$G75,$J$1) -> 32 | G5: =sumifs('Form responses'!M2:M75,'Form responses'!$C$2:$C75,"<="&$Q$1,'Form responses'!$C$2:$C75,">="&Date(YEAR(DATE(YEAR($N$1),MONTH($N$1)+(-3),1)),4,1),'Form responses'!$G$2:$G75,$J$1) -> 0 | H5: =sumifs('Form responses'!N2:N75,'Form responses'!$C$2:$C75,"<="&$Q$1,'Form responses'!$C$2:$C75,">="&Date(YEAR(DATE(YEAR($N$1),MONTH($N$1)+(-3),1)),4,1),'Form responses'!$G$2:$G75,$J$1) -> 757 | I5: =sumifs('Form responses'!O2:O75,'Form responses'!$C$2:$C75,"<="&$Q$1,'Form responses'!$C$2:$C75,">="&Date(YEAR(DATE(YEAR($N$1),MONTH($N$1)+(-3),1)),4,1),'Form responses'!$G$2:$G75,$J$1) -> 8 | J5: =sumifs('Form responses'!P2:P75,'Form responses'!$C$2:$C75,"<="&$Q$1,'Form responses'!$C$2:$C75,">="&Date(YEAR(DATE(YEAR($N$1),MONTH($N$1)+(-3),1)),4,1),'Form responses'!$G$2:$G75,$J$1) -> 5 | K5: =sumifs('Form responses'!Q2:Q75,'Form responses'!$C$2:$C75,"<="&$Q$1,'Form responses'!$C$2:$C75,">="&Date(YEAR(DATE(YEAR($N$1),MONTH($N$1)+(-3),1)),4,1),'Form responses'!$G$2:$G75,$J$1) -> 5 | L5: =sumifs('Form responses'!R2:R75,'Form responses'!$C$2:$C75,"<="&$Q$1,'Form responses'!$C$2:$C75,">="&Date(YEAR(DATE(YEAR($N$1),MONTH($N$1)+(-3),1)),4,1),'Form responses'!$G$2:$G75,$J$1) -> 282 | M5: =sumifs('Form responses'!S2:S75,'Form responses'!$C$2:$C75,"<="&$Q$1,'Form responses'!$C$2:$C75,">="&Date(YEAR(DATE(YEAR($N$1),MONTH($N$1)+(-3),1)),4,1),'Form responses'!$G$2:$G75,$J$1) -> 182 | N5: =sumifs('Form responses'!T2:T75,'Form responses'!$C$2:$C75,"<="&$Q$1,'Form responses'!$C$2:$C75,">="&Date(YEAR(DATE(YEAR($N$1),MONTH($N$1)+(-3),1)),4,1),'Form responses'!$G$2:$G75,$J$1) -> 304 | O5: =E5+F5+M5+N5 -> 2472 | P5: =G5+H5+I5+J5 -> 770 | R5: =sumifs('Form responses'!U$2:U75,'Form responses'!$C$2:$C75,">="&Date(YEAR(DATE(YEAR($Q$1),MONTH($Q$1)+(-3),1)),4,1),'Form responses'!$C$2:$C75,"<="&$Q$1,'Form responses'!$G$2:$G75,$J$1) -> 0 | S5: =sumifs('Form responses'!V$2:V75,'Form responses'!$C$2:$C75,">="&Date(YEAR(DATE(YEAR($Q$1),MONTH($Q$1)+(-3),1)),4,1),'Form responses'!$C$2:$C75,"<="&$Q$1,'Form responses'!$G$2:$G75,$J$1) -> 0 | T5: =sumifs('Form responses'!W$2:W75,'Form responses'!$C$2:$C75,">="&Date(YEAR(DATE(YEAR($Q$1),MONTH($Q$1)+(-3),1)),4,1),'Form responses'!$C$2:$C75,"<="&$Q$1,'Form responses'!$G$2:$G75,$J$1) -> 0 | U5: =sumifs('Form responses'!X$2:X75,'Form responses'!$C$2:$C75,">="&Date(YEAR(DATE(YEAR($Q$1),MONTH($Q$1)+(-3),1)),4,1),'Form responses'!$C$2:$C75,"<="&$Q$1,'Form responses'!$G$2:$G75,$J$1) -> 0 | V5: =sumifs('Form responses'!Y$2:Y75,'Form responses'!$C$2:$C75,">="&Date(YEAR(DATE(YEAR($Q$1),MONTH($Q$1)+(-3),1)),4,1),'Form responses'!$C$2:$C75,"<="&$Q$1,'Form responses'!$G$2:$G75,$J$1) -> 34 | W5: =sumifs('Form responses'!Z$2:Z75,'Form responses'!$C$2:$C75,">="&Date(YEAR(DATE(YEAR($Q$1),MONTH($Q$1)+(-3),1)),4,1),'Form responses'!$C$2:$C75,"<="&$Q$1,'Form responses'!$G$2:$G75,$J$1) -> 0 | X5: =sumifs('Form responses'!AA$2:AA75,'Form responses'!$C$2:$C75,">="&Date(YEAR(DATE(YEAR($Q$1),MONTH($Q$1)+(-3),1)),4,1),'Form responses'!$C$2:$C75,"<="&$Q$1,'Form responses'!$G$2:$G75,$J$1) -> 1 | Y5: =sumifs('Form responses'!AB$2:AB75,'Form responses'!$C$2:$C75,">="&Date(YEAR(DATE(YEAR($Q$1),MONTH($Q$1)+(-3),1)),4,1),'Form responses'!$C$2:$C75,"<="&$Q$1,'Form responses'!$G$2:$G75,$J$1) -> 0 | ... AA5: =sumifs('Form responses'!AD$2:AD75,'Form responses'!$C$2:$C75,">="&Date(YEAR(DATE(YEAR($Q$1),MONTH($Q$1)+(-3),1)),4,1),'Form responses'!$C$2:$C75,"<="&$Q$1,'Form responses'!$G$2:$G75,$J$1) -> 0
B6: VACCINATION REPORT
B7: ='Form responses'!AE1 -> H.S. Vaccine Doses Received | C7: ='Form responses'!AF1 -> H.S. Vaccine Doses Used | D7: ='Form responses'!AG1 -> H.S. Vaccine Animal Vaccinated | E7: ='Form responses'!AH1 -> FMD. Vaccine Doses Received | F7: ='Form responses'!AI1 -> FMD. Vaccine Doses Used | G7: ='Form responses'!AJ1 -> FMD. Vaccine Animal Vaccinated | H7: ='Form responses'!AK1 -> Black Quarter Doses Received | I7: ='Form responses'!AL1 -> Black Quarter Doses Used | ... AA7: ='Form responses'!BD1 -> Rabies Doses Used
B8: =sumifs('Form responses'!AE$2:AE75,'Form responses'!$C$2:$C75,">="&$N$1,'Form responses'!$C$2:$C75,"<="&$Q$1,'Form responses'!$G$2:$G75,$J$1) -> 0 | C8: =sumifs('Form responses'!AF$2:AF75,'Form responses'!$C$2:$C75,">="&$N$1,'Form responses'!$C$2:$C75,"<="&$Q$1,'Form responses'!$G$2:$G75,$J$1) -> 0 | D8: =sumifs('Form responses'!AG$2:AG75,'Form responses'!$C$2:$C75,">="&$N$1,'Form responses'!$C$2:$C75,"<="&$Q$1,'Form responses'!$G$2:$G75,$J$1) -> 0 | E8: =sumifs('Form responses'!AH$2:AH75,'Form responses'!$C$2:$C75,">="&$N$1,'Form responses'!$C$2:$C75,"<="&$Q$1,'Form responses'!$G$2:$G75,$J$1) -> 0 | F8: =sumifs('Form responses'!AI$2:AI75,'Form responses'!$C$2:$C75,">="&$N$1,'Form responses'!$C$2:$C75,"<="&$Q$1,'Form responses'!$G$2:$G75,$J$1) -> 29850 | G8: =sumifs('Form responses'!AJ$2:AJ75,'Form responses'!$C$2:$C75,">="&$N$1,'Form responses'!$C$2:$C75,"<="&$Q$1,'Form responses'!$G$2:$G75,$J$1) -> 29850 | H8: =sumifs('Form responses'!AK$2:AK75,'Form responses'!$C$2:$C75,">="&$N$1,'Form responses'!$C$2:$C75,"<="&$Q$1,'Form responses'!$G$2:$G75,$J$1) -> 600 | I8: =sumifs('Form responses'!AL$2:AL75,'Form responses'!$C$2:$C75,">="&$N$1,'Form responses'!$C$2:$C75,"<="&$Q$1,'Form responses'!$G$2:$G75,$J$1) -> 300 | ... AA8: =sumifs('Form responses'!BD$2:BD75,'Form responses'!$C$2:$C75,">="&$N$1,'Form responses'!$C$2:$C75,"<="&$Q$1,'Form responses'!$G$2:$G75,$J$1) -> 24
B9: =sumifs('Form responses'!AE$2:AE75,'Form responses'!$C$2:$C75,">="&Date(YEAR(DATE(YEAR($Q$1),MONTH($Q$1)+(-3),1)),4,1),'Form responses'!$C$2:$C75,"<="&$Q$1,'Form responses'!$G$2:$G75,$J$1) -> 0 | C9: =sumifs('Form responses'!AF$2:AF75,'Form responses'!$C$2:$C75,">="&Date(YEAR(DATE(YEAR($Q$1),MONTH($Q$1)+(-3),1)),4,1),'Form responses'!$C$2:$C75,"<="&$Q$1,'Form responses'!$G$2:$G75,$J$1) -> 0 | D9: =sumifs('Form responses'!AG$2:AG75,'Form responses'!$C$2:$C75,">="&Date(YEAR(DATE(YEAR($Q$1),MONTH($Q$1)+(-3),1)),4,1),'Form responses'!$C$2:$C75,"<="&$Q$1,'Form responses'!$G$2:$G75,$J$1) -> 0 | E9: =sumifs('Form responses'!AH$2:AH75,'Form responses'!$C$2:$C75,">="&Date(YEAR(DATE(YEAR($Q$1),MONTH($Q$1)+(-3),1)),4,1),'Form responses'!$C$2:$C75,"<="&$Q$1,'Form responses'!$G$2:$G75,$J$1) -> 0 | F9: =sumifs('Form responses'!AI$2:AI75,'Form responses'!$C$2:$C75,">="&Date(YEAR(DATE(YEAR($Q$1),MONTH($Q$1)+(-3),1)),4,1),'Form responses'!$C$2:$C75,"<="&$Q$1,'Form responses'!$G$2:$G75,$J$1) -> 29850 | G9: =sumifs('Form responses'!AJ$2:AJ75,'Form responses'!$C$2:$C75,">="&Date(YEAR(DATE(YEAR($Q$1),MONTH($Q$1)+(-3),1)),4,1),'Form responses'!$C$2:$C75,"<="&$Q$1,'Form responses'!$G$2:$G75,$J$1) -> 29850 | H9: =sumifs('Form responses'!AK$2:AK75,'Form responses'!$C$2:$C75,">="&Date(YEAR(DATE(YEAR($Q$1),MONTH($Q$1)+(-3),1)),4,1),'Form responses'!$C$2:$C75,"<="&$Q$1,'Form responses'!$G$2:$G75,$J$1) -> 600 | I9: =sumifs('Form responses'!AL$2:AL75,'Form responses'!$C$2:$C75,">="&Date(YEAR(DATE(YEAR($Q$1),MONTH($Q$1)+(-3),1)),4,1),'Form responses'!$C$2:$C75,"<="&$Q$1,'Form responses'!$G$2:$G75,$J$1) -> 300 | ... AA9: =sumifs('Form responses'!BD$2:BD75,'Form responses'!$C$2:$C75,">="&Date(YEAR(DATE(YEAR($Q$1),MONTH($Q$1)+(-3),1)),4,1),'Form responses'!$C$2:$C75,"<="&$Q$1,'Form responses'!$G$2:$G75,$J$1) -> 24
